[2026-05-15 08:44:36.839 INF] ExamSystem API 启动成功，环境：Development | MachineName=LVHUI-PC ThreadId=1
[2026-05-15 08:44:36.877 INF] User profile is available. Using 'C:\Users\jeffz\AppData\Local\ASP.NET\DataProtection-Keys' as key repository and Windows DPAPI to encrypt keys at rest. | MachineName=LVHUI-PC ThreadId=1
[2026-05-15 08:44:36.963 INF] Now listening on: http://localhost:5146 | MachineName=LVHUI-PC ThreadId=1
[2026-05-15 08:44:36.967 INF] Application started. Press Ctrl+C to shut down. | MachineName=LVHUI-PC ThreadId=1
[2026-05-15 08:44:36.969 INF] Hosting environment: Development | MachineName=LVHUI-PC ThreadId=1
[2026-05-15 08:44:36.970 INF] Content root path: C:\Projects\exam-system\src\examsystem.api | MachineName=LVHUI-PC ThreadId=1
[2026-05-15 08:44:54.205 INF] Request starting HTTP/1.1 POST http://localhost:5146/api/auth/login - application/json 46 | MachineName=LVHUI-PC ThreadId=10
[2026-05-15 08:44:54.354 INF] Executing endpoint 'ExamSystem.API.Controllers.AuthController.Login (ExamSystem.API)' | MachineName=LVHUI-PC ThreadId=10
[2026-05-15 08:44:54.376 INF] Route matched with {action = "Login", controller = "Auth"}. Executing controller action with signature System.Threading.Tasks.Task`1[Microsoft.AspNetCore.Mvc.IActionResult] Login(ExamSystem.API.Controllers.LoginRequest, System.Threading.CancellationToken) on controller ExamSystem.API.Controllers.AuthController (ExamSystem.API). | MachineName=LVHUI-PC ThreadId=10
[2026-05-15 08:45:03.437 WRN] Redis 不可用，已启用内存缓存降级模式。 | MachineName=LVHUI-PC ThreadId=10
[2026-05-15 08:45:05.038 INF] Executed DbCommand (87ms) [Parameters=[@__command_Username_0='?'], CommandType='"Text"', CommandTimeout='30']
SELECT u.id, u.created_at, u.email, u.is_active, u.last_login_at, u.password_hash, u.role, u.tenant_id, u.updated_at, u.username
FROM users AS u
WHERE u.username = @__command_Username_0 AND u.is_active
LIMIT 1 | MachineName=LVHUI-PC ThreadId=10
[2026-05-15 08:45:05.143 INF] Executing OkObjectResult, writing value of type 'ExamSystem.Application.Auth.Commands.LoginResult'. | MachineName=LVHUI-PC ThreadId=10
[2026-05-15 08:45:05.159 INF] Executed action ExamSystem.API.Controllers.AuthController.Login (ExamSystem.API) in 10774.9329ms | MachineName=LVHUI-PC ThreadId=10
[2026-05-15 08:45:05.163 INF] Executed endpoint 'ExamSystem.API.Controllers.AuthController.Login (ExamSystem.API)' | MachineName=LVHUI-PC ThreadId=10
[2026-05-15 08:45:05.176 INF] HTTP POST /api/auth/login → 200 | 10936ms | User=-(-) Role=- Tenant=- IP=127.0.0.1 TraceId=0HNLI3CN2SFRD:00000001 | MachineName=LVHUI-PC ThreadId=10
[2026-05-15 08:45:05.184 INF] Request finished HTTP/1.1 POST http://localhost:5146/api/auth/login - 200 null application/json; charset=utf-8 10980.5564ms | MachineName=LVHUI-PC ThreadId=10
[2026-05-15 08:45:05.300 INF] Request starting HTTP/1.1 GET http://localhost:5146/api/tenants?page=1&pageSize=200 - null null | MachineName=LVHUI-PC ThreadId=29
[2026-05-15 08:45:05.300 INF] Request starting HTTP/1.1 GET http://localhost:5146/api/exam-papers?page=1&pageSize=1 - null null | MachineName=LVHUI-PC ThreadId=9
[2026-05-15 08:45:05.303 INF] Request starting HTTP/1.1 GET http://localhost:5146/api/exam-papers?page=1&pageSize=5 - null null | MachineName=LVHUI-PC ThreadId=27
[2026-05-15 08:45:05.303 INF] Request starting HTTP/1.1 GET http://localhost:5146/api/questions?page=1&pageSize=1 - null null | MachineName=LVHUI-PC ThreadId=26
[2026-05-15 08:45:05.337 INF] Executing endpoint 'ExamSystem.API.Controllers.ExamPapersController.GetExamPapers (ExamSystem.API)' | MachineName=LVHUI-PC ThreadId=9
[2026-05-15 08:45:05.337 INF] Executing endpoint 'ExamSystem.API.Controllers.ExamPapersController.GetExamPapers (ExamSystem.API)' | MachineName=LVHUI-PC ThreadId=27
[2026-05-15 08:45:05.338 INF] Executing endpoint 'ExamSystem.API.Controllers.QuestionsController.GetQuestions (ExamSystem.API)' | MachineName=LVHUI-PC ThreadId=26
[2026-05-15 08:45:05.338 INF] Executing endpoint 'ExamSystem.API.Controllers.TenantsController.GetTenants (ExamSystem.API)' | MachineName=LVHUI-PC ThreadId=29
[2026-05-15 08:45:05.344 INF] Route matched with {action = "GetExamPapers", controller = "ExamPapers"}. Executing controller action with signature System.Threading.Tasks.Task`1[Microsoft.AspNetCore.Mvc.IActionResult] GetExamPapers(Int32, Int32, System.Nullable`1[ExamSystem.Domain.Enums.ExamStatus], System.Threading.CancellationToken) on controller ExamSystem.API.Controllers.ExamPapersController (ExamSystem.API). | MachineName=LVHUI-PC ThreadId=9
[2026-05-15 08:45:05.345 INF] Route matched with {action = "GetExamPapers", controller = "ExamPapers"}. Executing controller action with signature System.Threading.Tasks.Task`1[Microsoft.AspNetCore.Mvc.IActionResult] GetExamPapers(Int32, Int32, System.Nullable`1[ExamSystem.Domain.Enums.ExamStatus], System.Threading.CancellationToken) on controller ExamSystem.API.Controllers.ExamPapersController (ExamSystem.API). | MachineName=LVHUI-PC ThreadId=27
[2026-05-15 08:45:05.348 INF] Route matched with {action = "GetQuestions", controller = "Questions"}. Executing controller action with signature System.Threading.Tasks.Task`1[Microsoft.AspNetCore.Mvc.IActionResult] GetQuestions(Int32, Int32, System.Nullable`1[ExamSystem.Domain.Enums.QuestionType], System.Nullable`1[System.Int32], System.String, System.Threading.CancellationToken) on controller ExamSystem.API.Controllers.QuestionsController (ExamSystem.API). | MachineName=LVHUI-PC ThreadId=26
[2026-05-15 08:45:05.350 INF] Route matched with {action = "GetTenants", controller = "Tenants"}. Executing controller action with signature System.Threading.Tasks.Task`1[Microsoft.AspNetCore.Mvc.IActionResult] GetTenants(Int32, Int32, System.Threading.CancellationToken) on controller ExamSystem.API.Controllers.TenantsController (ExamSystem.API). | MachineName=LVHUI-PC ThreadId=29
[2026-05-15 08:45:05.468 INF] Executed DbCommand (62ms) [Parameters=[], CommandType='"Text"', CommandTimeout='30']
SELECT count(*)
FROM tenants AS t | MachineName=LVHUI-PC ThreadId=29
[2026-05-15 08:45:05.555 INF] Executed DbCommand (61ms) [Parameters=[@__p_1='?' (DbType = Int32), @__p_0='?' (DbType = Int32)], CommandType='"Text"', CommandTimeout='30']
SELECT t.id, t.name, t.schema_name, t.contact_email, t.is_active, t.ai_call_quota, t.ai_call_used, t.created_at
FROM tenants AS t
ORDER BY t.created_at DESC
LIMIT @__p_1 OFFSET @__p_0 | MachineName=LVHUI-PC ThreadId=29
[2026-05-15 08:45:05.569 INF] Executing OkObjectResult, writing value of type 'ExamSystem.Application.Common.Models.PaginatedResult`1[[ExamSystem.Application.Tenants.Queries.TenantDto, ExamSystem.Application, Version=1.0.0.0, Culture=neutral, PublicKeyToken=null]]'. | MachineName=LVHUI-PC ThreadId=29
[2026-05-15 08:45:05.594 INF] Executed action ExamSystem.API.Controllers.TenantsController.GetTenants (ExamSystem.API) in 231.0855ms | MachineName=LVHUI-PC ThreadId=29
[2026-05-15 08:45:05.598 INF] Executed endpoint 'ExamSystem.API.Controllers.TenantsController.GetTenants (ExamSystem.API)' | MachineName=LVHUI-PC ThreadId=29
[2026-05-15 08:45:05.603 INF] HTTP GET /api/tenants?page=1&pageSize=200 → 200 | 296ms | User=admin(admin) Role=SuperAdmin Tenant=- IP=127.0.0.1 TraceId=0HNLI3CN2SFRE:00000001 | MachineName=LVHUI-PC ThreadId=29
[2026-05-15 08:45:05.607 INF] Request finished HTTP/1.1 GET http://localhost:5146/api/tenants?page=1&pageSize=200 - 200 null application/json; charset=utf-8 307.2802ms | MachineName=LVHUI-PC ThreadId=29
[2026-05-15 08:45:05.930 INF] Executed DbCommand (63ms) [Parameters=[], CommandType='"Text"', CommandTimeout='30']
SELECT count(*)
FROM exam_papers AS e | MachineName=LVHUI-PC ThreadId=29
[2026-05-15 08:45:06.008 INF] Executed DbCommand (75ms) [Parameters=[], CommandType='"Text"', CommandTimeout='30']
SELECT count(*)
FROM questions AS q
WHERE q.is_active | MachineName=LVHUI-PC ThreadId=29
[2026-05-15 08:45:06.029 INF] Executed DbCommand (62ms) [Parameters=[@__p_1='?' (DbType = Int32), @__p_0='?' (DbType = Int32)], CommandType='"Text"', CommandTimeout='30']
SELECT e.id, e.title, e.description, e.total_score, e.duration_minutes, e.status, e.start_time, e.end_time, e.anti_cheating_enabled, (
    SELECT count(*)::int
    FROM exam_questions AS e0
    WHERE e.id = e0.exam_paper_id), e.created_at
FROM exam_papers AS e
ORDER BY e.created_at DESC
LIMIT @__p_1 OFFSET @__p_0 | MachineName=LVHUI-PC ThreadId=29
[2026-05-15 08:45:06.038 INF] Executing OkObjectResult, writing value of type 'ExamSystem.Application.Common.Models.PaginatedResult`1[[ExamSystem.Application.ExamPapers.Queries.ExamPaperDto, ExamSystem.Application, Version=1.0.0.0, Culture=neutral, PublicKeyToken=null]]'. | MachineName=LVHUI-PC ThreadId=29
[2026-05-15 08:45:06.040 INF] Executed DbCommand (78ms) [Parameters=[], CommandType='"Text"', CommandTimeout='30']
SELECT count(*)
FROM exam_papers AS e | MachineName=LVHUI-PC ThreadId=9
[2026-05-15 08:45:06.054 INF] Executed action ExamSystem.API.Controllers.ExamPapersController.GetExamPapers (ExamSystem.API) in 703.3861ms | MachineName=LVHUI-PC ThreadId=29
[2026-05-15 08:45:06.059 INF] Executed endpoint 'ExamSystem.API.Controllers.ExamPapersController.GetExamPapers (ExamSystem.API)' | MachineName=LVHUI-PC ThreadId=29
[2026-05-15 08:45:06.061 INF] HTTP GET /api/exam-papers?page=1&pageSize=1 → 200 | 752ms | User=admin(admin) Role=SuperAdmin Tenant=- IP=127.0.0.1 TraceId=0HNLI3CN2SFRF:00000001 | MachineName=LVHUI-PC ThreadId=29
[2026-05-15 08:45:06.065 INF] Request finished HTTP/1.1 GET http://localhost:5146/api/exam-papers?page=1&pageSize=1 - 200 null application/json; charset=utf-8 765.1887ms | MachineName=LVHUI-PC ThreadId=29
[2026-05-15 08:45:06.083 INF] Executed DbCommand (63ms) [Parameters=[@__p_1='?' (DbType = Int32), @__p_0='?' (DbType = Int32)], CommandType='"Text"', CommandTimeout='30']
SELECT q.id, q.type, q.content, q.knowledge_point, q.difficulty, q.is_ai_generated, q.created_at
FROM questions AS q
WHERE q.is_active
ORDER BY q.created_at DESC
LIMIT @__p_1 OFFSET @__p_0 | MachineName=LVHUI-PC ThreadId=29
[2026-05-15 08:45:06.094 INF] Executing OkObjectResult, writing value of type 'ExamSystem.Application.Common.Models.PaginatedResult`1[[ExamSystem.Application.Questions.Queries.QuestionDto, ExamSystem.Application, Version=1.0.0.0, Culture=neutral, PublicKeyToken=null]]'. | MachineName=LVHUI-PC ThreadId=29
[2026-05-15 08:45:06.098 INF] Executed action ExamSystem.API.Controllers.QuestionsController.GetQuestions (ExamSystem.API) in 739.9131ms | MachineName=LVHUI-PC ThreadId=29
[2026-05-15 08:45:06.102 INF] Executed endpoint 'ExamSystem.API.Controllers.QuestionsController.GetQuestions (ExamSystem.API)' | MachineName=LVHUI-PC ThreadId=29
[2026-05-15 08:45:06.105 INF] HTTP GET /api/questions?page=1&pageSize=1 → 200 | 789ms | User=admin(admin) Role=SuperAdmin Tenant=- IP=127.0.0.1 TraceId=0HNLI3CN2SFRG:00000001 | MachineName=LVHUI-PC ThreadId=29
[2026-05-15 08:45:06.109 INF] Request finished HTTP/1.1 GET http://localhost:5146/api/questions?page=1&pageSize=1 - 200 null application/json; charset=utf-8 805.7707ms | MachineName=LVHUI-PC ThreadId=29
[2026-05-15 08:45:06.113 INF] Request starting HTTP/1.1 GET http://localhost:5146/api/tenants?page=1&pageSize=1 - null null | MachineName=LVHUI-PC ThreadId=27
[2026-05-15 08:45:06.119 INF] Executing endpoint 'ExamSystem.API.Controllers.TenantsController.GetTenants (ExamSystem.API)' | MachineName=LVHUI-PC ThreadId=27
[2026-05-15 08:45:06.121 INF] Route matched with {action = "GetTenants", controller = "Tenants"}. Executing controller action with signature System.Threading.Tasks.Task`1[Microsoft.AspNetCore.Mvc.IActionResult] GetTenants(Int32, Int32, System.Threading.CancellationToken) on controller ExamSystem.API.Controllers.TenantsController (ExamSystem.API). | MachineName=LVHUI-PC ThreadId=27
[2026-05-15 08:45:06.124 INF] Executed DbCommand (74ms) [Parameters=[@__p_1='?' (DbType = Int32), @__p_0='?' (DbType = Int32)], CommandType='"Text"', CommandTimeout='30']
SELECT e.id, e.title, e.description, e.total_score, e.duration_minutes, e.status, e.start_time, e.end_time, e.anti_cheating_enabled, (
    SELECT count(*)::int
    FROM exam_questions AS e0
    WHERE e.id = e0.exam_paper_id), e.created_at
FROM exam_papers AS e
ORDER BY e.created_at DESC
LIMIT @__p_1 OFFSET @__p_0 | MachineName=LVHUI-PC ThreadId=29
[2026-05-15 08:45:06.129 INF] Executing OkObjectResult, writing value of type 'ExamSystem.Application.Common.Models.PaginatedResult`1[[ExamSystem.Application.ExamPapers.Queries.ExamPaperDto, ExamSystem.Application, Version=1.0.0.0, Culture=neutral, PublicKeyToken=null]]'. | MachineName=LVHUI-PC ThreadId=29
[2026-05-15 08:45:06.134 INF] Executed action ExamSystem.API.Controllers.ExamPapersController.GetExamPapers (ExamSystem.API) in 778.7952ms | MachineName=LVHUI-PC ThreadId=29
[2026-05-15 08:45:06.137 INF] Executed endpoint 'ExamSystem.API.Controllers.ExamPapersController.GetExamPapers (ExamSystem.API)' | MachineName=LVHUI-PC ThreadId=29
[2026-05-15 08:45:06.140 INF] HTTP GET /api/exam-papers?page=1&pageSize=5 → 200 | 827ms | User=admin(admin) Role=SuperAdmin Tenant=- IP=127.0.0.1 TraceId=0HNLI3CN2SFRH:00000001 | MachineName=LVHUI-PC ThreadId=29
[2026-05-15 08:45:06.142 INF] Request finished HTTP/1.1 GET http://localhost:5146/api/exam-papers?page=1&pageSize=5 - 200 null application/json; charset=utf-8 839.5481ms | MachineName=LVHUI-PC ThreadId=29
[2026-05-15 08:45:06.201 INF] Executed DbCommand (63ms) [Parameters=[], CommandType='"Text"', CommandTimeout='30']
SELECT count(*)
FROM tenants AS t | MachineName=LVHUI-PC ThreadId=29
[2026-05-15 08:45:06.286 INF] Executed DbCommand (79ms) [Parameters=[@__p_1='?' (DbType = Int32), @__p_0='?' (DbType = Int32)], CommandType='"Text"', CommandTimeout='30']
SELECT t.id, t.name, t.schema_name, t.contact_email, t.is_active, t.ai_call_quota, t.ai_call_used, t.created_at
FROM tenants AS t
ORDER BY t.created_at DESC
LIMIT @__p_1 OFFSET @__p_0 | MachineName=LVHUI-PC ThreadId=29
[2026-05-15 08:45:06.292 INF] Executing OkObjectResult, writing value of type 'ExamSystem.Application.Common.Models.PaginatedResult`1[[ExamSystem.Application.Tenants.Queries.TenantDto, ExamSystem.Application, Version=1.0.0.0, Culture=neutral, PublicKeyToken=null]]'. | MachineName=LVHUI-PC ThreadId=29
[2026-05-15 08:45:06.299 INF] Executed action ExamSystem.API.Controllers.TenantsController.GetTenants (ExamSystem.API) in 174.798ms | MachineName=LVHUI-PC ThreadId=29
[2026-05-15 08:45:06.305 INF] Executed endpoint 'ExamSystem.API.Controllers.TenantsController.GetTenants (ExamSystem.API)' | MachineName=LVHUI-PC ThreadId=29
[2026-05-15 08:45:06.313 INF] HTTP GET /api/tenants?page=1&pageSize=1 → 200 | 195ms | User=admin(admin) Role=SuperAdmin Tenant=- IP=127.0.0.1 TraceId=0HNLI3CN2SFRI:00000001 | MachineName=LVHUI-PC ThreadId=29
[2026-05-15 08:45:06.318 INF] Request finished HTTP/1.1 GET http://localhost:5146/api/tenants?page=1&pageSize=1 - 200 null application/json; charset=utf-8 204.6879ms | MachineName=LVHUI-PC ThreadId=29
[2026-05-15 08:45:06.419 INF] Request starting HTTP/1.1 GET http://localhost:5146/api/users?page=1&pageSize=1 - null null | MachineName=LVHUI-PC ThreadId=9
[2026-05-15 08:45:06.425 INF] Executing endpoint 'ExamSystem.API.Controllers.UsersController.GetUsers (ExamSystem.API)' | MachineName=LVHUI-PC ThreadId=9
[2026-05-15 08:45:06.433 INF] Route matched with {action = "GetUsers", controller = "Users"}. Executing controller action with signature System.Threading.Tasks.Task`1[Microsoft.AspNetCore.Mvc.IActionResult] GetUsers(System.Nullable`1[System.Guid], System.Nullable`1[ExamSystem.Domain.Enums.UserRole], System.Nullable`1[System.Boolean], System.String, Int32, Int32, System.Threading.CancellationToken) on controller ExamSystem.API.Controllers.UsersController (ExamSystem.API). | MachineName=LVHUI-PC ThreadId=9
[2026-05-15 08:45:06.505 INF] Executed DbCommand (62ms) [Parameters=[], CommandType='"Text"', CommandTimeout='30']
SELECT count(*)
FROM users AS u | MachineName=LVHUI-PC ThreadId=9
[2026-05-15 08:45:06.606 INF] Executed DbCommand (74ms) [Parameters=[@__p_1='?' (DbType = Int32), @__p_0='?' (DbType = Int32)], CommandType='"Text"', CommandTimeout='30']
SELECT t.id, t.tenant_id, t0.name, t.username, t.email, t.role, t.is_active, t.last_login_at, t.created_at
FROM (
    SELECT u.id, u.created_at, u.email, u.is_active, u.last_login_at, u.role, u.tenant_id, u.username
    FROM users AS u
    ORDER BY u.created_at DESC
    LIMIT @__p_1 OFFSET @__p_0
) AS t
LEFT JOIN tenants AS t0 ON t.tenant_id = t0.id
ORDER BY t.created_at DESC | MachineName=LVHUI-PC ThreadId=9
[2026-05-15 08:45:06.611 INF] Executing OkObjectResult, writing value of type 'ExamSystem.Application.Common.Models.PaginatedResult`1[[ExamSystem.Application.Users.Queries.UserDto, ExamSystem.Application, Version=1.0.0.0, Culture=neutral, PublicKeyToken=null]]'. | MachineName=LVHUI-PC ThreadId=9
[2026-05-15 08:45:06.631 INF] Executed action ExamSystem.API.Controllers.UsersController.GetUsers (ExamSystem.API) in 193.4977ms | MachineName=LVHUI-PC ThreadId=9
[2026-05-15 08:45:06.636 INF] Executed endpoint 'ExamSystem.API.Controllers.UsersController.GetUsers (ExamSystem.API)' | MachineName=LVHUI-PC ThreadId=9
[2026-05-15 08:45:06.640 INF] HTTP GET /api/users?page=1&pageSize=1 → 200 | 215ms | User=admin(admin) Role=SuperAdmin Tenant=- IP=127.0.0.1 TraceId=0HNLI3CN2SFRJ:00000001 | MachineName=LVHUI-PC ThreadId=9
[2026-05-15 08:45:06.644 INF] Request finished HTTP/1.1 GET http://localhost:5146/api/users?page=1&pageSize=1 - 200 null application/json; charset=utf-8 224.7612ms | MachineName=LVHUI-PC ThreadId=9
[2026-05-15 08:45:09.018 INF] Request starting HTTP/1.1 GET http://localhost:5146/api/tenants?page=1&pageSize=200 - null null | MachineName=LVHUI-PC ThreadId=26
[2026-05-15 08:45:09.023 INF] Executing endpoint 'ExamSystem.API.Controllers.TenantsController.GetTenants (ExamSystem.API)' | MachineName=LVHUI-PC ThreadId=26
[2026-05-15 08:45:09.028 INF] Request starting HTTP/1.1 GET http://localhost:5146/api/audit-logs?page=1&pageSize=20 - null null | MachineName=LVHUI-PC ThreadId=27
[2026-05-15 08:45:09.029 INF] Route matched with {action = "GetTenants", controller = "Tenants"}. Executing controller action with signature System.Threading.Tasks.Task`1[Microsoft.AspNetCore.Mvc.IActionResult] GetTenants(Int32, Int32, System.Threading.CancellationToken) on controller ExamSystem.API.Controllers.TenantsController (ExamSystem.API). | MachineName=LVHUI-PC ThreadId=26
[2026-05-15 08:45:09.033 INF] Executing endpoint 'ExamSystem.API.Controllers.AuditLogsController.GetAuditLogs (ExamSystem.API)' | MachineName=LVHUI-PC ThreadId=27
[2026-05-15 08:45:09.043 INF] Route matched with {action = "GetAuditLogs", controller = "AuditLogs"}. Executing controller action with signature System.Threading.Tasks.Task`1[Microsoft.AspNetCore.Mvc.IActionResult] GetAuditLogs(System.Nullable`1[System.Guid], System.String, System.String, System.String, System.Nullable`1[System.DateTime], System.Nullable`1[System.DateTime], Int32, Int32, System.Threading.CancellationToken) on controller ExamSystem.API.Controllers.AuditLogsController (ExamSystem.API). | MachineName=LVHUI-PC ThreadId=27
[2026-05-15 08:45:09.101 INF] Executed DbCommand (61ms) [Parameters=[], CommandType='"Text"', CommandTimeout='30']
SELECT count(*)
FROM tenants AS t | MachineName=LVHUI-PC ThreadId=27
[2026-05-15 08:45:09.132 INF] Executed DbCommand (77ms) [Parameters=[], CommandType='"Text"', CommandTimeout='30']
SELECT count(*)::int
FROM audit_logs AS a | MachineName=LVHUI-PC ThreadId=27
[2026-05-15 08:45:09.167 INF] Executed DbCommand (62ms) [Parameters=[@__p_1='?' (DbType = Int32), @__p_0='?' (DbType = Int32)], CommandType='"Text"', CommandTimeout='30']
SELECT t.id, t.name, t.schema_name, t.contact_email, t.is_active, t.ai_call_quota, t.ai_call_used, t.created_at
FROM tenants AS t
ORDER BY t.created_at DESC
LIMIT @__p_1 OFFSET @__p_0 | MachineName=LVHUI-PC ThreadId=27
[2026-05-15 08:45:09.170 INF] Executing OkObjectResult, writing value of type 'ExamSystem.Application.Common.Models.PaginatedResult`1[[ExamSystem.Application.Tenants.Queries.TenantDto, ExamSystem.Application, Version=1.0.0.0, Culture=neutral, PublicKeyToken=null]]'. | MachineName=LVHUI-PC ThreadId=27
[2026-05-15 08:45:09.174 INF] Executed action ExamSystem.API.Controllers.TenantsController.GetTenants (ExamSystem.API) in 136.5434ms | MachineName=LVHUI-PC ThreadId=27
[2026-05-15 08:45:09.177 INF] Executed endpoint 'ExamSystem.API.Controllers.TenantsController.GetTenants (ExamSystem.API)' | MachineName=LVHUI-PC ThreadId=27
[2026-05-15 08:45:09.180 INF] HTTP GET /api/tenants?page=1&pageSize=200 → 200 | 157ms | User=admin(admin) Role=SuperAdmin Tenant=- IP=127.0.0.1 TraceId=0HNLI3CN2SFRK:00000001 | MachineName=LVHUI-PC ThreadId=27
[2026-05-15 08:45:09.184 INF] Request finished HTTP/1.1 GET http://localhost:5146/api/tenants?page=1&pageSize=200 - 200 null application/json; charset=utf-8 165.8329ms | MachineName=LVHUI-PC ThreadId=27
[2026-05-15 08:45:09.214 INF] Executed DbCommand (74ms) [Parameters=[@__p_1='?' (DbType = Int32), @__p_0='?' (DbType = Int32)], CommandType='"Text"', CommandTimeout='30']
SELECT a.id, a.tenant_id, a.user_id, a.username, a.role, a.action, a.entity_type, a.entity_id, a.request_path, a.query_string, a.status_code, a.duration_ms, a.ip_address, a.error_message, a.created_at
FROM audit_logs AS a
ORDER BY a.created_at DESC
LIMIT @__p_1 OFFSET @__p_0 | MachineName=LVHUI-PC ThreadId=27
[2026-05-15 08:45:09.218 INF] Executing OkObjectResult, writing value of type 'ExamSystem.Application.AuditLogs.GetAuditLogsResult'. | MachineName=LVHUI-PC ThreadId=27
[2026-05-15 08:45:09.224 INF] Executed action ExamSystem.API.Controllers.AuditLogsController.GetAuditLogs (ExamSystem.API) in 177.2629ms | MachineName=LVHUI-PC ThreadId=27
[2026-05-15 08:45:09.227 INF] Executed endpoint 'ExamSystem.API.Controllers.AuditLogsController.GetAuditLogs (ExamSystem.API)' | MachineName=LVHUI-PC ThreadId=27
[2026-05-15 08:45:09.230 INF] HTTP GET /api/audit-logs?page=1&pageSize=20 → 200 | 197ms | User=admin(admin) Role=SuperAdmin Tenant=- IP=127.0.0.1 TraceId=0HNLI3CN2SFRL:00000001 | MachineName=LVHUI-PC ThreadId=27
[2026-05-15 08:45:09.233 INF] Request finished HTTP/1.1 GET http://localhost:5146/api/audit-logs?page=1&pageSize=20 - 200 null application/json; charset=utf-8 204.9618ms | MachineName=LVHUI-PC ThreadId=27
[2026-05-15 08:45:13.941 INF] Request starting HTTP/1.1 GET http://localhost:5146/api/tenants?page=1&pageSize=200 - null null | MachineName=LVHUI-PC ThreadId=27
[2026-05-15 08:45:13.941 INF] Request starting HTTP/1.1 GET http://localhost:5146/api/messages/inbox?page=1&pageSize=10 - null null | MachineName=LVHUI-PC ThreadId=29
[2026-05-15 08:45:13.947 INF] Executing endpoint 'ExamSystem.API.Controllers.TenantsController.GetTenants (ExamSystem.API)' | MachineName=LVHUI-PC ThreadId=27
[2026-05-15 08:45:13.952 INF] Executing endpoint 'ExamSystem.API.Controllers.MessagesController.GetInbox (ExamSystem.API)' | MachineName=LVHUI-PC ThreadId=29
[2026-05-15 08:45:13.955 INF] Route matched with {action = "GetTenants", controller = "Tenants"}. Executing controller action with signature System.Threading.Tasks.Task`1[Microsoft.AspNetCore.Mvc.IActionResult] GetTenants(Int32, Int32, System.Threading.CancellationToken) on controller ExamSystem.API.Controllers.TenantsController (ExamSystem.API). | MachineName=LVHUI-PC ThreadId=27
[2026-05-15 08:45:13.963 INF] Route matched with {action = "GetInbox", controller = "Messages"}. Executing controller action with signature System.Threading.Tasks.Task`1[Microsoft.AspNetCore.Mvc.IActionResult] GetInbox(Int32, Int32, System.Threading.CancellationToken) on controller ExamSystem.API.Controllers.MessagesController (ExamSystem.API). | MachineName=LVHUI-PC ThreadId=29
[2026-05-15 08:45:13.970 INF] Executing ObjectResult, writing value of type 'Microsoft.AspNetCore.Mvc.ProblemDetails'. | MachineName=LVHUI-PC ThreadId=29
[2026-05-15 08:45:13.981 INF] Executed action ExamSystem.API.Controllers.MessagesController.GetInbox (ExamSystem.API) in 11.5191ms | MachineName=LVHUI-PC ThreadId=29
[2026-05-15 08:45:13.984 INF] Executed endpoint 'ExamSystem.API.Controllers.MessagesController.GetInbox (ExamSystem.API)' | MachineName=LVHUI-PC ThreadId=29
[2026-05-15 08:45:13.986 WRN] HTTP GET /api/messages/inbox?page=1&pageSize=10 → 401 | 34ms | User=admin(admin) Role=SuperAdmin Tenant=- IP=127.0.0.1 TraceId=0HNLI3CN2SFRM:00000001 | MachineName=LVHUI-PC ThreadId=29
[2026-05-15 08:45:13.989 INF] Request finished HTTP/1.1 GET http://localhost:5146/api/messages/inbox?page=1&pageSize=10 - 401 null application/json; charset=utf-8 47.8237ms | MachineName=LVHUI-PC ThreadId=29
[2026-05-15 08:45:14.026 INF] Executed DbCommand (60ms) [Parameters=[], CommandType='"Text"', CommandTimeout='30']
SELECT count(*)
FROM tenants AS t | MachineName=LVHUI-PC ThreadId=29
[2026-05-15 08:45:14.108 INF] Executed DbCommand (77ms) [Parameters=[@__p_1='?' (DbType = Int32), @__p_0='?' (DbType = Int32)], CommandType='"Text"', CommandTimeout='30']
SELECT t.id, t.name, t.schema_name, t.contact_email, t.is_active, t.ai_call_quota, t.ai_call_used, t.created_at
FROM tenants AS t
ORDER BY t.created_at DESC
LIMIT @__p_1 OFFSET @__p_0 | MachineName=LVHUI-PC ThreadId=29
[2026-05-15 08:45:14.112 INF] Executing OkObjectResult, writing value of type 'ExamSystem.Application.Common.Models.PaginatedResult`1[[ExamSystem.Application.Tenants.Queries.TenantDto, ExamSystem.Application, Version=1.0.0.0, Culture=neutral, PublicKeyToken=null]]'. | MachineName=LVHUI-PC ThreadId=29
[2026-05-15 08:45:14.118 INF] Executed action ExamSystem.API.Controllers.TenantsController.GetTenants (ExamSystem.API) in 152.8128ms | MachineName=LVHUI-PC ThreadId=29
[2026-05-15 08:45:14.123 INF] Executed endpoint 'ExamSystem.API.Controllers.TenantsController.GetTenants (ExamSystem.API)' | MachineName=LVHUI-PC ThreadId=29
[2026-05-15 08:45:14.128 INF] HTTP GET /api/tenants?page=1&pageSize=200 → 200 | 181ms | User=admin(admin) Role=SuperAdmin Tenant=- IP=127.0.0.1 TraceId=0HNLI3CN2SFRN:00000001 | MachineName=LVHUI-PC ThreadId=29
[2026-05-15 08:45:14.131 INF] Request finished HTTP/1.1 GET http://localhost:5146/api/tenants?page=1&pageSize=200 - 200 null application/json; charset=utf-8 190.3163ms | MachineName=LVHUI-PC ThreadId=29
[2026-05-15 08:45:14.323 INF] Request starting HTTP/1.1 GET http://localhost:5146/api/exam-papers?page=1&pageSize=1 - null null | MachineName=LVHUI-PC ThreadId=26
[2026-05-15 08:45:14.326 INF] Executing endpoint 'ExamSystem.API.Controllers.ExamPapersController.GetExamPapers (ExamSystem.API)' | MachineName=LVHUI-PC ThreadId=26
[2026-05-15 08:45:14.329 INF] Route matched with {action = "GetExamPapers", controller = "ExamPapers"}. Executing controller action with signature System.Threading.Tasks.Task`1[Microsoft.AspNetCore.Mvc.IActionResult] GetExamPapers(Int32, Int32, System.Nullable`1[ExamSystem.Domain.Enums.ExamStatus], System.Threading.CancellationToken) on controller ExamSystem.API.Controllers.ExamPapersController (ExamSystem.API). | MachineName=LVHUI-PC ThreadId=26
[2026-05-15 08:45:14.398 INF] Request starting HTTP/1.1 GET http://localhost:5146/api/questions?page=1&pageSize=1 - null null | MachineName=LVHUI-PC ThreadId=9
[2026-05-15 08:45:14.398 INF] Request starting HTTP/1.1 GET http://localhost:5146/api/exam-papers?page=1&pageSize=5 - null null | MachineName=LVHUI-PC ThreadId=26
[2026-05-15 08:45:14.398 INF] Executed DbCommand (62ms) [Parameters=[], CommandType='"Text"', CommandTimeout='30']
SELECT count(*)
FROM exam_papers AS e | MachineName=LVHUI-PC ThreadId=27
[2026-05-15 08:45:14.408 INF] Executing endpoint 'ExamSystem.API.Controllers.ExamPapersController.GetExamPapers (ExamSystem.API)' | MachineName=LVHUI-PC ThreadId=26
[2026-05-15 08:45:14.414 WRN] HTTP GET /api/questions?page=1&pageSize=1 → 400 | 9ms | User=-(-) Role=- Tenant=- IP=127.0.0.1 TraceId=0HNLI3CN2SFRP:00000001 | MachineName=LVHUI-PC ThreadId=9
[2026-05-15 08:45:14.419 INF] Route matched with {action = "GetExamPapers", controller = "ExamPapers"}. Executing controller action with signature System.Threading.Tasks.Task`1[Microsoft.AspNetCore.Mvc.IActionResult] GetExamPapers(Int32, Int32, System.Nullable`1[ExamSystem.Domain.Enums.ExamStatus], System.Threading.CancellationToken) on controller ExamSystem.API.Controllers.ExamPapersController (ExamSystem.API). | MachineName=LVHUI-PC ThreadId=26
[2026-05-15 08:45:14.422 INF] Request finished HTTP/1.1 GET http://localhost:5146/api/questions?page=1&pageSize=1 - 400 null application/json; charset=utf-8 24.124ms | MachineName=LVHUI-PC ThreadId=9
[2026-05-15 08:45:14.428 INF] Request starting HTTP/1.1 GET http://localhost:5146/api/tenants?page=1&pageSize=1 - null null | MachineName=LVHUI-PC ThreadId=29
[2026-05-15 08:45:14.435 INF] Authorization failed. These requirements were not met:
RolesAuthorizationRequirement:User.IsInRole must be true for one of the following roles: (SuperAdmin) | MachineName=LVHUI-PC ThreadId=29
[2026-05-15 08:45:14.438 INF] AuthenticationScheme: Bearer was challenged. | MachineName=LVHUI-PC ThreadId=29
[2026-05-15 08:45:14.441 WRN] HTTP GET /api/tenants?page=1&pageSize=1 → 401 | 6ms | User=-(-) Role=- Tenant=- IP=127.0.0.1 TraceId=0HNLI3CN2SFRR:00000001 | MachineName=LVHUI-PC ThreadId=29
[2026-05-15 08:45:14.444 INF] Request finished HTTP/1.1 GET http://localhost:5146/api/tenants?page=1&pageSize=1 - 401 0 null 16.464ms | MachineName=LVHUI-PC ThreadId=29
[2026-05-15 08:45:14.489 INF] Executed DbCommand (73ms) [Parameters=[@__p_1='?' (DbType = Int32), @__p_0='?' (DbType = Int32)], CommandType='"Text"', CommandTimeout='30']
SELECT e.id, e.title, e.description, e.total_score, e.duration_minutes, e.status, e.start_time, e.end_time, e.anti_cheating_enabled, (
    SELECT count(*)::int
    FROM exam_questions AS e0
    WHERE e.id = e0.exam_paper_id), e.created_at
FROM exam_papers AS e
ORDER BY e.created_at DESC
LIMIT @__p_1 OFFSET @__p_0 | MachineName=LVHUI-PC ThreadId=29
[2026-05-15 08:45:14.489 INF] Executed DbCommand (61ms) [Parameters=[], CommandType='"Text"', CommandTimeout='30']
SELECT count(*)
FROM exam_papers AS e | MachineName=LVHUI-PC ThreadId=26
[2026-05-15 08:45:14.492 INF] Executing OkObjectResult, writing value of type 'ExamSystem.Application.Common.Models.PaginatedResult`1[[ExamSystem.Application.ExamPapers.Queries.ExamPaperDto, ExamSystem.Application, Version=1.0.0.0, Culture=neutral, PublicKeyToken=null]]'. | MachineName=LVHUI-PC ThreadId=29
[2026-05-15 08:45:14.498 INF] Executed action ExamSystem.API.Controllers.ExamPapersController.GetExamPapers (ExamSystem.API) in 164.0471ms | MachineName=LVHUI-PC ThreadId=29
[2026-05-15 08:45:14.501 INF] Executed endpoint 'ExamSystem.API.Controllers.ExamPapersController.GetExamPapers (ExamSystem.API)' | MachineName=LVHUI-PC ThreadId=29
[2026-05-15 08:45:14.503 INF] HTTP GET /api/exam-papers?page=1&pageSize=1 → 200 | 177ms | User=-(-) Role=- Tenant=- IP=127.0.0.1 TraceId=0HNLI3CN2SFRO:00000001 | MachineName=LVHUI-PC ThreadId=29
[2026-05-15 08:45:14.506 INF] Request finished HTTP/1.1 GET http://localhost:5146/api/exam-papers?page=1&pageSize=1 - 200 null application/json; charset=utf-8 183.7601ms | MachineName=LVHUI-PC ThreadId=29
[2026-05-15 08:45:14.572 INF] Executed DbCommand (78ms) [Parameters=[@__p_1='?' (DbType = Int32), @__p_0='?' (DbType = Int32)], CommandType='"Text"', CommandTimeout='30']
SELECT e.id, e.title, e.description, e.total_score, e.duration_minutes, e.status, e.start_time, e.end_time, e.anti_cheating_enabled, (
    SELECT count(*)::int
    FROM exam_questions AS e0
    WHERE e.id = e0.exam_paper_id), e.created_at
FROM exam_papers AS e
ORDER BY e.created_at DESC
LIMIT @__p_1 OFFSET @__p_0 | MachineName=LVHUI-PC ThreadId=26
[2026-05-15 08:45:14.576 INF] Executing OkObjectResult, writing value of type 'ExamSystem.Application.Common.Models.PaginatedResult`1[[ExamSystem.Application.ExamPapers.Queries.ExamPaperDto, ExamSystem.Application, Version=1.0.0.0, Culture=neutral, PublicKeyToken=null]]'. | MachineName=LVHUI-PC ThreadId=26
[2026-05-15 08:45:14.580 INF] Executed action ExamSystem.API.Controllers.ExamPapersController.GetExamPapers (ExamSystem.API) in 151.9828ms | MachineName=LVHUI-PC ThreadId=26
[2026-05-15 08:45:14.584 INF] Executed endpoint 'ExamSystem.API.Controllers.ExamPapersController.GetExamPapers (ExamSystem.API)' | MachineName=LVHUI-PC ThreadId=26
[2026-05-15 08:45:14.586 INF] HTTP GET /api/exam-papers?page=1&pageSize=5 → 200 | 178ms | User=-(-) Role=- Tenant=- IP=127.0.0.1 TraceId=0HNLI3CN2SFRQ:00000001 | MachineName=LVHUI-PC ThreadId=26
[2026-05-15 08:45:14.590 INF] Request finished HTTP/1.1 GET http://localhost:5146/api/exam-papers?page=1&pageSize=5 - 200 null application/json; charset=utf-8 191.4153ms | MachineName=LVHUI-PC ThreadId=26
[2026-05-15 08:45:14.731 INF] Request starting HTTP/1.1 GET http://localhost:5146/api/users?page=1&pageSize=1 - null null | MachineName=LVHUI-PC ThreadId=29
[2026-05-15 08:45:14.736 INF] Authorization failed. These requirements were not met:
RolesAuthorizationRequirement:User.IsInRole must be true for one of the following roles: (SuperAdmin|Admin) | MachineName=LVHUI-PC ThreadId=29
[2026-05-15 08:45:14.740 INF] AuthenticationScheme: Bearer was challenged. | MachineName=LVHUI-PC ThreadId=29
[2026-05-15 08:45:14.745 WRN] HTTP GET /api/users?page=1&pageSize=1 → 401 | 9ms | User=-(-) Role=- Tenant=- IP=127.0.0.1 TraceId=0HNLI3CN2SFRS:00000001 | MachineName=LVHUI-PC ThreadId=29
[2026-05-15 08:45:14.750 INF] Request finished HTTP/1.1 GET http://localhost:5146/api/users?page=1&pageSize=1 - 401 0 null 19.4983ms | MachineName=LVHUI-PC ThreadId=29
[2026-05-15 08:50:20.049 INF] Request starting HTTP/1.1 GET http://localhost:5146/api/messages/inbox?page=1&pageSize=10 - null null | MachineName=LVHUI-PC ThreadId=46
[2026-05-15 08:50:20.073 WRN] HTTP GET /api/messages/inbox?page=1&pageSize=10 → 400 | 0ms | User=-(-) Role=- Tenant=- IP=127.0.0.1 TraceId=0HNLI3CN2SFRT:00000001 | MachineName=LVHUI-PC ThreadId=46
[2026-05-15 08:50:20.082 INF] Request finished HTTP/1.1 GET http://localhost:5146/api/messages/inbox?page=1&pageSize=10 - 400 null application/json; charset=utf-8 33.0355ms | MachineName=LVHUI-PC ThreadId=46
[2026-05-15 08:50:20.186 INF] Request starting HTTP/1.1 GET http://localhost:5146/api/tenants?page=1&pageSize=200 - null null | MachineName=LVHUI-PC ThreadId=44
[2026-05-15 08:50:20.192 INF] Authorization failed. These requirements were not met:
RolesAuthorizationRequirement:User.IsInRole must be true for one of the following roles: (SuperAdmin) | MachineName=LVHUI-PC ThreadId=44
[2026-05-15 08:50:20.204 INF] AuthenticationScheme: Bearer was challenged. | MachineName=LVHUI-PC ThreadId=44
[2026-05-15 08:50:20.208 WRN] HTTP GET /api/tenants?page=1&pageSize=200 → 401 | 16ms | User=-(-) Role=- Tenant=- IP=127.0.0.1 TraceId=0HNLI3CN2SFRU:00000001 | MachineName=LVHUI-PC ThreadId=44
[2026-05-15 08:50:20.211 INF] Request finished HTTP/1.1 GET http://localhost:5146/api/tenants?page=1&pageSize=200 - 401 0 null 24.6929ms | MachineName=LVHUI-PC ThreadId=44
[2026-05-15 08:50:20.381 INF] Request starting HTTP/1.1 GET http://localhost:5146/api/questions?page=1&pageSize=1 - null null | MachineName=LVHUI-PC ThreadId=41
[2026-05-15 08:50:20.381 INF] Request starting HTTP/1.1 GET http://localhost:5146/api/exam-papers?page=1&pageSize=1 - null null | MachineName=LVHUI-PC ThreadId=46
[2026-05-15 08:50:20.388 WRN] HTTP GET /api/questions?page=1&pageSize=1 → 400 | 0ms | User=-(-) Role=- Tenant=- IP=127.0.0.1 TraceId=0HNLI3CN2SFS0:00000001 | MachineName=LVHUI-PC ThreadId=41
[2026-05-15 08:50:20.395 INF] Executing endpoint 'ExamSystem.API.Controllers.ExamPapersController.GetExamPapers (ExamSystem.API)' | MachineName=LVHUI-PC ThreadId=46
[2026-05-15 08:50:20.399 INF] Request finished HTTP/1.1 GET http://localhost:5146/api/questions?page=1&pageSize=1 - 400 null application/json; charset=utf-8 17.8962ms | MachineName=LVHUI-PC ThreadId=41
[2026-05-15 08:50:20.403 INF] Route matched with {action = "GetExamPapers", controller = "ExamPapers"}. Executing controller action with signature System.Threading.Tasks.Task`1[Microsoft.AspNetCore.Mvc.IActionResult] GetExamPapers(Int32, Int32, System.Nullable`1[ExamSystem.Domain.Enums.ExamStatus], System.Threading.CancellationToken) on controller ExamSystem.API.Controllers.ExamPapersController (ExamSystem.API). | MachineName=LVHUI-PC ThreadId=46
[2026-05-15 08:50:20.682 INF] Request starting HTTP/1.1 GET http://localhost:5146/api/exam-papers?page=1&pageSize=5 - null null | MachineName=LVHUI-PC ThreadId=41
[2026-05-15 08:50:20.687 INF] Executing endpoint 'ExamSystem.API.Controllers.ExamPapersController.GetExamPapers (ExamSystem.API)' | MachineName=LVHUI-PC ThreadId=41
[2026-05-15 08:50:20.692 INF] Route matched with {action = "GetExamPapers", controller = "ExamPapers"}. Executing controller action with signature System.Threading.Tasks.Task`1[Microsoft.AspNetCore.Mvc.IActionResult] GetExamPapers(Int32, Int32, System.Nullable`1[ExamSystem.Domain.Enums.ExamStatus], System.Threading.CancellationToken) on controller ExamSystem.API.Controllers.ExamPapersController (ExamSystem.API). | MachineName=LVHUI-PC ThreadId=41
[2026-05-15 08:50:20.714 INF] Request starting HTTP/1.1 GET http://localhost:5146/api/tenants?page=1&pageSize=1 - null null | MachineName=LVHUI-PC ThreadId=43
[2026-05-15 08:50:20.714 INF] Request starting HTTP/1.1 GET http://localhost:5146/api/users?page=1&pageSize=1 - null null | MachineName=LVHUI-PC ThreadId=41
[2026-05-15 08:50:20.719 INF] Authorization failed. These requirements were not met:
RolesAuthorizationRequirement:User.IsInRole must be true for one of the following roles: (SuperAdmin) | MachineName=LVHUI-PC ThreadId=43
[2026-05-15 08:50:20.724 INF] Authorization failed. These requirements were not met:
RolesAuthorizationRequirement:User.IsInRole must be true for one of the following roles: (SuperAdmin|Admin) | MachineName=LVHUI-PC ThreadId=41
[2026-05-15 08:50:20.728 INF] AuthenticationScheme: Bearer was challenged. | MachineName=LVHUI-PC ThreadId=43
[2026-05-15 08:50:20.731 INF] AuthenticationScheme: Bearer was challenged. | MachineName=LVHUI-PC ThreadId=41
[2026-05-15 08:50:20.734 WRN] HTTP GET /api/tenants?page=1&pageSize=1 → 401 | 14ms | User=-(-) Role=- Tenant=- IP=127.0.0.1 TraceId=0HNLI3CN2SFS2:00000001 | MachineName=LVHUI-PC ThreadId=43
[2026-05-15 08:50:20.736 WRN] HTTP GET /api/users?page=1&pageSize=1 → 401 | 12ms | User=-(-) Role=- Tenant=- IP=127.0.0.1 TraceId=0HNLI3CN2SFS3:00000001 | MachineName=LVHUI-PC ThreadId=41
[2026-05-15 08:50:20.739 INF] Request finished HTTP/1.1 GET http://localhost:5146/api/tenants?page=1&pageSize=1 - 401 0 null 24.914ms | MachineName=LVHUI-PC ThreadId=43
[2026-05-15 08:50:20.744 INF] Request finished HTTP/1.1 GET http://localhost:5146/api/users?page=1&pageSize=1 - 401 0 null 29.6473ms | MachineName=LVHUI-PC ThreadId=41
[2026-05-15 08:50:21.456 INF] Executed DbCommand (66ms) [Parameters=[], CommandType='"Text"', CommandTimeout='30']
SELECT count(*)
FROM exam_papers AS e | MachineName=LVHUI-PC ThreadId=43
[2026-05-15 08:50:21.528 INF] Executed DbCommand (65ms) [Parameters=[@__p_1='?' (DbType = Int32), @__p_0='?' (DbType = Int32)], CommandType='"Text"', CommandTimeout='30']
SELECT e.id, e.title, e.description, e.total_score, e.duration_minutes, e.status, e.start_time, e.end_time, e.anti_cheating_enabled, (
    SELECT count(*)::int
    FROM exam_questions AS e0
    WHERE e.id = e0.exam_paper_id), e.created_at
FROM exam_papers AS e
ORDER BY e.created_at DESC
LIMIT @__p_1 OFFSET @__p_0 | MachineName=LVHUI-PC ThreadId=43
[2026-05-15 08:50:21.534 INF] Executing OkObjectResult, writing value of type 'ExamSystem.Application.Common.Models.PaginatedResult`1[[ExamSystem.Application.ExamPapers.Queries.ExamPaperDto, ExamSystem.Application, Version=1.0.0.0, Culture=neutral, PublicKeyToken=null]]'. | MachineName=LVHUI-PC ThreadId=43
[2026-05-15 08:50:21.539 INF] Executed action ExamSystem.API.Controllers.ExamPapersController.GetExamPapers (ExamSystem.API) in 838.4543ms | MachineName=LVHUI-PC ThreadId=43
[2026-05-15 08:50:21.544 INF] Executed endpoint 'ExamSystem.API.Controllers.ExamPapersController.GetExamPapers (ExamSystem.API)' | MachineName=LVHUI-PC ThreadId=43
[2026-05-15 08:50:21.549 INF] HTTP GET /api/exam-papers?page=1&pageSize=5 → 200 | 861ms | User=-(-) Role=- Tenant=- IP=127.0.0.1 TraceId=0HNLI3CN2SFS1:00000001 | MachineName=LVHUI-PC ThreadId=43
[2026-05-15 08:50:21.553 INF] Request finished HTTP/1.1 GET http://localhost:5146/api/exam-papers?page=1&pageSize=5 - 200 null application/json; charset=utf-8 871.2217ms | MachineName=LVHUI-PC ThreadId=43
[2026-05-15 08:50:32.506 INF] Request starting HTTP/1.1 GET http://localhost:5146/api/messages/inbox?page=1&pageSize=10 - null null | MachineName=LVHUI-PC ThreadId=50
[2026-05-15 08:50:32.506 INF] Request starting HTTP/1.1 GET http://localhost:5146/api/tenants?page=1&pageSize=200 - null null | MachineName=LVHUI-PC ThreadId=44
[2026-05-15 08:50:32.510 WRN] HTTP GET /api/messages/inbox?page=1&pageSize=10 → 400 | 0ms | User=-(-) Role=- Tenant=- IP=127.0.0.1 TraceId=0HNLI3CN2SFS4:00000001 | MachineName=LVHUI-PC ThreadId=50
[2026-05-15 08:50:32.519 INF] Authorization failed. These requirements were not met:
RolesAuthorizationRequirement:User.IsInRole must be true for one of the following roles: (SuperAdmin) | MachineName=LVHUI-PC ThreadId=44
[2026-05-15 08:50:32.523 INF] Request finished HTTP/1.1 GET http://localhost:5146/api/messages/inbox?page=1&pageSize=10 - 400 null application/json; charset=utf-8 17.765ms | MachineName=LVHUI-PC ThreadId=50
[2026-05-15 08:50:32.528 INF] AuthenticationScheme: Bearer was challenged. | MachineName=LVHUI-PC ThreadId=44
[2026-05-15 08:50:32.536 WRN] HTTP GET /api/tenants?page=1&pageSize=200 → 401 | 16ms | User=-(-) Role=- Tenant=- IP=127.0.0.1 TraceId=0HNLI3CN2SFS5:00000001 | MachineName=LVHUI-PC ThreadId=44
[2026-05-15 08:50:32.540 INF] Request finished HTTP/1.1 GET http://localhost:5146/api/tenants?page=1&pageSize=200 - 401 0 null 33.8995ms | MachineName=LVHUI-PC ThreadId=44
[2026-05-15 08:50:32.610 INF] Request starting HTTP/1.1 GET http://localhost:5146/api/exam-papers?page=1&pageSize=1 - null null | MachineName=LVHUI-PC ThreadId=50
[2026-05-15 08:50:32.612 INF] Request starting HTTP/1.1 GET http://localhost:5146/api/questions?page=1&pageSize=1 - null null | MachineName=LVHUI-PC ThreadId=44
[2026-05-15 08:50:32.612 INF] Request starting HTTP/1.1 GET http://localhost:5146/api/exam-papers?page=1&pageSize=5 - null null | MachineName=LVHUI-PC ThreadId=46
[2026-05-15 08:50:32.619 INF] Executing endpoint 'ExamSystem.API.Controllers.ExamPapersController.GetExamPapers (ExamSystem.API)' | MachineName=LVHUI-PC ThreadId=50
[2026-05-15 08:50:32.626 WRN] HTTP GET /api/questions?page=1&pageSize=1 → 400 | 0ms | User=-(-) Role=- Tenant=- IP=127.0.0.1 TraceId=0HNLI3CN2SFS7:00000001 | MachineName=LVHUI-PC ThreadId=44
[2026-05-15 08:50:32.633 INF] Executing endpoint 'ExamSystem.API.Controllers.ExamPapersController.GetExamPapers (ExamSystem.API)' | MachineName=LVHUI-PC ThreadId=46
[2026-05-15 08:50:32.635 INF] Route matched with {action = "GetExamPapers", controller = "ExamPapers"}. Executing controller action with signature System.Threading.Tasks.Task`1[Microsoft.AspNetCore.Mvc.IActionResult] GetExamPapers(Int32, Int32, System.Nullable`1[ExamSystem.Domain.Enums.ExamStatus], System.Threading.CancellationToken) on controller ExamSystem.API.Controllers.ExamPapersController (ExamSystem.API). | MachineName=LVHUI-PC ThreadId=50
[2026-05-15 08:50:32.640 INF] Request finished HTTP/1.1 GET http://localhost:5146/api/questions?page=1&pageSize=1 - 400 null application/json; charset=utf-8 28.3836ms | MachineName=LVHUI-PC ThreadId=44
[2026-05-15 08:50:32.644 INF] Route matched with {action = "GetExamPapers", controller = "ExamPapers"}. Executing controller action with signature System.Threading.Tasks.Task`1[Microsoft.AspNetCore.Mvc.IActionResult] GetExamPapers(Int32, Int32, System.Nullable`1[ExamSystem.Domain.Enums.ExamStatus], System.Threading.CancellationToken) on controller ExamSystem.API.Controllers.ExamPapersController (ExamSystem.API). | MachineName=LVHUI-PC ThreadId=46
[2026-05-15 08:50:32.713 INF] Executed DbCommand (64ms) [Parameters=[], CommandType='"Text"', CommandTimeout='30']
SELECT count(*)
FROM exam_papers AS e | MachineName=LVHUI-PC ThreadId=46
[2026-05-15 08:50:32.782 INF] Executed DbCommand (65ms) [Parameters=[@__p_1='?' (DbType = Int32), @__p_0='?' (DbType = Int32)], CommandType='"Text"', CommandTimeout='30']
SELECT e.id, e.title, e.description, e.total_score, e.duration_minutes, e.status, e.start_time, e.end_time, e.anti_cheating_enabled, (
    SELECT count(*)::int
    FROM exam_questions AS e0
    WHERE e.id = e0.exam_paper_id), e.created_at
FROM exam_papers AS e
ORDER BY e.created_at DESC
LIMIT @__p_1 OFFSET @__p_0 | MachineName=LVHUI-PC ThreadId=46
[2026-05-15 08:50:32.786 INF] Executing OkObjectResult, writing value of type 'ExamSystem.Application.Common.Models.PaginatedResult`1[[ExamSystem.Application.ExamPapers.Queries.ExamPaperDto, ExamSystem.Application, Version=1.0.0.0, Culture=neutral, PublicKeyToken=null]]'. | MachineName=LVHUI-PC ThreadId=46
[2026-05-15 08:50:32.791 INF] Executed action ExamSystem.API.Controllers.ExamPapersController.GetExamPapers (ExamSystem.API) in 142.8679ms | MachineName=LVHUI-PC ThreadId=46
[2026-05-15 08:50:32.797 INF] Executed endpoint 'ExamSystem.API.Controllers.ExamPapersController.GetExamPapers (ExamSystem.API)' | MachineName=LVHUI-PC ThreadId=46
[2026-05-15 08:50:32.803 INF] HTTP GET /api/exam-papers?page=1&pageSize=1 → 200 | 183ms | User=-(-) Role=- Tenant=- IP=127.0.0.1 TraceId=0HNLI3CN2SFS6:00000001 | MachineName=LVHUI-PC ThreadId=46
[2026-05-15 08:50:32.807 INF] Request finished HTTP/1.1 GET http://localhost:5146/api/exam-papers?page=1&pageSize=1 - 200 null application/json; charset=utf-8 196.219ms | MachineName=LVHUI-PC ThreadId=46
[2026-05-15 08:50:32.963 INF] Request starting HTTP/1.1 GET http://localhost:5146/api/tenants?page=1&pageSize=1 - null null | MachineName=LVHUI-PC ThreadId=50
[2026-05-15 08:50:32.963 INF] Request starting HTTP/1.1 GET http://localhost:5146/api/users?page=1&pageSize=1 - null null | MachineName=LVHUI-PC ThreadId=35
[2026-05-15 08:50:32.969 INF] Authorization failed. These requirements were not met:
RolesAuthorizationRequirement:User.IsInRole must be true for one of the following roles: (SuperAdmin) | MachineName=LVHUI-PC ThreadId=50
[2026-05-15 08:50:32.978 INF] Authorization failed. These requirements were not met:
RolesAuthorizationRequirement:User.IsInRole must be true for one of the following roles: (SuperAdmin|Admin) | MachineName=LVHUI-PC ThreadId=35
[2026-05-15 08:50:32.983 INF] AuthenticationScheme: Bearer was challenged. | MachineName=LVHUI-PC ThreadId=50
[2026-05-15 08:50:32.986 INF] AuthenticationScheme: Bearer was challenged. | MachineName=LVHUI-PC ThreadId=35
[2026-05-15 08:50:32.988 WRN] HTTP GET /api/tenants?page=1&pageSize=1 → 401 | 20ms | User=-(-) Role=- Tenant=- IP=127.0.0.1 TraceId=0HNLI3CN2SFS9:00000001 | MachineName=LVHUI-PC ThreadId=50
[2026-05-15 08:50:32.992 WRN] HTTP GET /api/users?page=1&pageSize=1 → 401 | 14ms | User=-(-) Role=- Tenant=- IP=127.0.0.1 TraceId=0HNLI3CN2SFSA:00000001 | MachineName=LVHUI-PC ThreadId=35
[2026-05-15 08:50:32.995 INF] Request finished HTTP/1.1 GET http://localhost:5146/api/tenants?page=1&pageSize=1 - 401 0 null 32.0587ms | MachineName=LVHUI-PC ThreadId=50
[2026-05-15 08:50:32.999 INF] Request finished HTTP/1.1 GET http://localhost:5146/api/users?page=1&pageSize=1 - 401 0 null 36.0739ms | MachineName=LVHUI-PC ThreadId=35
[2026-05-15 08:50:33.290 INF] Executed DbCommand (69ms) [Parameters=[], CommandType='"Text"', CommandTimeout='30']
SELECT count(*)
FROM exam_papers AS e | MachineName=LVHUI-PC ThreadId=35
[2026-05-15 08:50:33.363 INF] Executed DbCommand (65ms) [Parameters=[@__p_1='?' (DbType = Int32), @__p_0='?' (DbType = Int32)], CommandType='"Text"', CommandTimeout='30']
SELECT e.id, e.title, e.description, e.total_score, e.duration_minutes, e.status, e.start_time, e.end_time, e.anti_cheating_enabled, (
    SELECT count(*)::int
    FROM exam_questions AS e0
    WHERE e.id = e0.exam_paper_id), e.created_at
FROM exam_papers AS e
ORDER BY e.created_at DESC
LIMIT @__p_1 OFFSET @__p_0 | MachineName=LVHUI-PC ThreadId=35
[2026-05-15 08:50:33.368 INF] Executing OkObjectResult, writing value of type 'ExamSystem.Application.Common.Models.PaginatedResult`1[[ExamSystem.Application.ExamPapers.Queries.ExamPaperDto, ExamSystem.Application, Version=1.0.0.0, Culture=neutral, PublicKeyToken=null]]'. | MachineName=LVHUI-PC ThreadId=35
[2026-05-15 08:50:33.373 INF] Executed action ExamSystem.API.Controllers.ExamPapersController.GetExamPapers (ExamSystem.API) in 715.8478ms | MachineName=LVHUI-PC ThreadId=35
[2026-05-15 08:50:33.379 INF] Executed endpoint 'ExamSystem.API.Controllers.ExamPapersController.GetExamPapers (ExamSystem.API)' | MachineName=LVHUI-PC ThreadId=35
[2026-05-15 08:50:33.386 INF] HTTP GET /api/exam-papers?page=1&pageSize=5 → 200 | 753ms | User=-(-) Role=- Tenant=- IP=127.0.0.1 TraceId=0HNLI3CN2SFS8:00000001 | MachineName=LVHUI-PC ThreadId=35
[2026-05-15 08:50:33.393 INF] Request finished HTTP/1.1 GET http://localhost:5146/api/exam-papers?page=1&pageSize=5 - 200 null application/json; charset=utf-8 780.2191ms | MachineName=LVHUI-PC ThreadId=35
[2026-05-15 08:50:39.671 ERR] Failed executing DbCommand (19,258ms) [Parameters=[], CommandType='"Text"', CommandTimeout='30']
SELECT count(*)
FROM exam_papers AS e | MachineName=LVHUI-PC ThreadId=41
[2026-05-15 08:50:40.288 INF] Executed DbCommand (63ms) [Parameters=[], CommandType='"Text"', CommandTimeout='30']
SELECT count(*)
FROM exam_papers AS e | MachineName=LVHUI-PC ThreadId=41
[2026-05-15 08:50:40.358 INF] Executed DbCommand (63ms) [Parameters=[@__p_1='?' (DbType = Int32), @__p_0='?' (DbType = Int32)], CommandType='"Text"', CommandTimeout='30']
SELECT e.id, e.title, e.description, e.total_score, e.duration_minutes, e.status, e.start_time, e.end_time, e.anti_cheating_enabled, (
    SELECT count(*)::int
    FROM exam_questions AS e0
    WHERE e.id = e0.exam_paper_id), e.created_at
FROM exam_papers AS e
ORDER BY e.created_at DESC
LIMIT @__p_1 OFFSET @__p_0 | MachineName=LVHUI-PC ThreadId=41
[2026-05-15 08:50:40.364 INF] Executing OkObjectResult, writing value of type 'ExamSystem.Application.Common.Models.PaginatedResult`1[[ExamSystem.Application.ExamPapers.Queries.ExamPaperDto, ExamSystem.Application, Version=1.0.0.0, Culture=neutral, PublicKeyToken=null]]'. | MachineName=LVHUI-PC ThreadId=41
[2026-05-15 08:50:40.370 INF] Executed action ExamSystem.API.Controllers.ExamPapersController.GetExamPapers (ExamSystem.API) in 19959.5182ms | MachineName=LVHUI-PC ThreadId=41
[2026-05-15 08:50:40.376 INF] Executed endpoint 'ExamSystem.API.Controllers.ExamPapersController.GetExamPapers (ExamSystem.API)' | MachineName=LVHUI-PC ThreadId=41
[2026-05-15 08:50:40.380 INF] HTTP GET /api/exam-papers?page=1&pageSize=1 → 200 | 19984ms | User=-(-) Role=- Tenant=- IP=127.0.0.1 TraceId=0HNLI3CN2SFRV:00000001 | MachineName=LVHUI-PC ThreadId=41
[2026-05-15 08:50:40.383 INF] Request finished HTTP/1.1 GET http://localhost:5146/api/exam-papers?page=1&pageSize=1 - 200 null application/json; charset=utf-8 20001.717ms | MachineName=LVHUI-PC ThreadId=41
[2026-05-15 08:50:42.021 INF] Request starting HTTP/1.1 POST http://localhost:5146/api/auth/login - application/json 46 | MachineName=LVHUI-PC ThreadId=41
[2026-05-15 08:50:42.045 INF] Executing endpoint 'ExamSystem.API.Controllers.AuthController.Login (ExamSystem.API)' | MachineName=LVHUI-PC ThreadId=41
[2026-05-15 08:50:42.048 INF] Route matched with {action = "Login", controller = "Auth"}. Executing controller action with signature System.Threading.Tasks.Task`1[Microsoft.AspNetCore.Mvc.IActionResult] Login(ExamSystem.API.Controllers.LoginRequest, System.Threading.CancellationToken) on controller ExamSystem.API.Controllers.AuthController (ExamSystem.API). | MachineName=LVHUI-PC ThreadId=41
[2026-05-15 08:50:42.120 INF] Executed DbCommand (65ms) [Parameters=[@__command_Username_0='?'], CommandType='"Text"', CommandTimeout='30']
SELECT u.id, u.created_at, u.email, u.is_active, u.last_login_at, u.password_hash, u.role, u.tenant_id, u.updated_at, u.username
FROM users AS u
WHERE u.username = @__command_Username_0 AND u.is_active
LIMIT 1 | MachineName=LVHUI-PC ThreadId=41
[2026-05-15 08:50:42.184 INF] Executing OkObjectResult, writing value of type 'ExamSystem.Application.Auth.Commands.LoginResult'. | MachineName=LVHUI-PC ThreadId=41
[2026-05-15 08:50:42.189 INF] Executed action ExamSystem.API.Controllers.AuthController.Login (ExamSystem.API) in 136.1298ms | MachineName=LVHUI-PC ThreadId=41
[2026-05-15 08:50:42.194 INF] Executed endpoint 'ExamSystem.API.Controllers.AuthController.Login (ExamSystem.API)' | MachineName=LVHUI-PC ThreadId=41
[2026-05-15 08:50:42.200 INF] HTTP POST /api/auth/login → 200 | 155ms | User=-(-) Role=- Tenant=- IP=127.0.0.1 TraceId=0HNLI3CN2SFSB:00000001 | MachineName=LVHUI-PC ThreadId=41
[2026-05-15 08:50:42.206 INF] Request finished HTTP/1.1 POST http://localhost:5146/api/auth/login - 200 null application/json; charset=utf-8 184.4113ms | MachineName=LVHUI-PC ThreadId=41
[2026-05-15 08:50:42.239 INF] Request starting HTTP/1.1 GET http://localhost:5146/api/questions?page=1&pageSize=1 - null null | MachineName=LVHUI-PC ThreadId=41
[2026-05-15 08:50:42.239 INF] Request starting HTTP/1.1 GET http://localhost:5146/api/exam-papers?page=1&pageSize=1 - null null | MachineName=LVHUI-PC ThreadId=46
[2026-05-15 08:50:42.243 INF] Executing endpoint 'ExamSystem.API.Controllers.QuestionsController.GetQuestions (ExamSystem.API)' | MachineName=LVHUI-PC ThreadId=41
[2026-05-15 08:50:42.248 INF] Executing endpoint 'ExamSystem.API.Controllers.ExamPapersController.GetExamPapers (ExamSystem.API)' | MachineName=LVHUI-PC ThreadId=46
[2026-05-15 08:50:42.251 INF] Route matched with {action = "GetQuestions", controller = "Questions"}. Executing controller action with signature System.Threading.Tasks.Task`1[Microsoft.AspNetCore.Mvc.IActionResult] GetQuestions(Int32, Int32, System.Nullable`1[ExamSystem.Domain.Enums.QuestionType], System.Nullable`1[System.Int32], System.String, System.Threading.CancellationToken) on controller ExamSystem.API.Controllers.QuestionsController (ExamSystem.API). | MachineName=LVHUI-PC ThreadId=41
[2026-05-15 08:50:42.255 INF] Route matched with {action = "GetExamPapers", controller = "ExamPapers"}. Executing controller action with signature System.Threading.Tasks.Task`1[Microsoft.AspNetCore.Mvc.IActionResult] GetExamPapers(Int32, Int32, System.Nullable`1[ExamSystem.Domain.Enums.ExamStatus], System.Threading.CancellationToken) on controller ExamSystem.API.Controllers.ExamPapersController (ExamSystem.API). | MachineName=LVHUI-PC ThreadId=46
[2026-05-15 08:50:42.322 INF] Executed DbCommand (63ms) [Parameters=[], CommandType='"Text"', CommandTimeout='30']
SELECT count(*)
FROM questions AS q
WHERE q.is_active | MachineName=LVHUI-PC ThreadId=46
[2026-05-15 08:50:42.390 INF] Executed DbCommand (64ms) [Parameters=[@__p_1='?' (DbType = Int32), @__p_0='?' (DbType = Int32)], CommandType='"Text"', CommandTimeout='30']
SELECT q.id, q.type, q.content, q.knowledge_point, q.difficulty, q.is_ai_generated, q.created_at
FROM questions AS q
WHERE q.is_active
ORDER BY q.created_at DESC
LIMIT @__p_1 OFFSET @__p_0 | MachineName=LVHUI-PC ThreadId=46
[2026-05-15 08:50:42.397 INF] Executing OkObjectResult, writing value of type 'ExamSystem.Application.Common.Models.PaginatedResult`1[[ExamSystem.Application.Questions.Queries.QuestionDto, ExamSystem.Application, Version=1.0.0.0, Culture=neutral, PublicKeyToken=null]]'. | MachineName=LVHUI-PC ThreadId=46
[2026-05-15 08:50:42.406 INF] Executed action ExamSystem.API.Controllers.QuestionsController.GetQuestions (ExamSystem.API) in 147.5534ms | MachineName=LVHUI-PC ThreadId=46
[2026-05-15 08:50:42.411 INF] Executed endpoint 'ExamSystem.API.Controllers.QuestionsController.GetQuestions (ExamSystem.API)' | MachineName=LVHUI-PC ThreadId=46
[2026-05-15 08:50:42.417 INF] HTTP GET /api/questions?page=1&pageSize=1 → 200 | 174ms | User=admin(admin) Role=SuperAdmin Tenant=- IP=127.0.0.1 TraceId=0HNLI3CN2SFSD:00000001 | MachineName=LVHUI-PC ThreadId=46
[2026-05-15 08:50:42.421 INF] Request finished HTTP/1.1 GET http://localhost:5146/api/questions?page=1&pageSize=1 - 200 null application/json; charset=utf-8 181.8675ms | MachineName=LVHUI-PC ThreadId=46
[2026-05-15 08:50:42.545 INF] Request starting HTTP/1.1 GET http://localhost:5146/api/exam-papers?page=1&pageSize=5 - null null | MachineName=LVHUI-PC ThreadId=41
[2026-05-15 08:50:42.545 INF] Request starting HTTP/1.1 GET http://localhost:5146/api/tenants?page=1&pageSize=200 - null null | MachineName=LVHUI-PC ThreadId=46
[2026-05-15 08:50:42.549 INF] Executing endpoint 'ExamSystem.API.Controllers.ExamPapersController.GetExamPapers (ExamSystem.API)' | MachineName=LVHUI-PC ThreadId=41
[2026-05-15 08:50:42.554 INF] Executing endpoint 'ExamSystem.API.Controllers.TenantsController.GetTenants (ExamSystem.API)' | MachineName=LVHUI-PC ThreadId=46
[2026-05-15 08:50:42.557 INF] Route matched with {action = "GetExamPapers", controller = "ExamPapers"}. Executing controller action with signature System.Threading.Tasks.Task`1[Microsoft.AspNetCore.Mvc.IActionResult] GetExamPapers(Int32, Int32, System.Nullable`1[ExamSystem.Domain.Enums.ExamStatus], System.Threading.CancellationToken) on controller ExamSystem.API.Controllers.ExamPapersController (ExamSystem.API). | MachineName=LVHUI-PC ThreadId=41
[2026-05-15 08:50:42.560 INF] Route matched with {action = "GetTenants", controller = "Tenants"}. Executing controller action with signature System.Threading.Tasks.Task`1[Microsoft.AspNetCore.Mvc.IActionResult] GetTenants(Int32, Int32, System.Threading.CancellationToken) on controller ExamSystem.API.Controllers.TenantsController (ExamSystem.API). | MachineName=LVHUI-PC ThreadId=46
[2026-05-15 08:50:42.630 INF] Executed DbCommand (62ms) [Parameters=[], CommandType='"Text"', CommandTimeout='30']
SELECT count(*)
FROM exam_papers AS e | MachineName=LVHUI-PC ThreadId=46
[2026-05-15 08:50:42.699 INF] Executed DbCommand (63ms) [Parameters=[@__p_1='?' (DbType = Int32), @__p_0='?' (DbType = Int32)], CommandType='"Text"', CommandTimeout='30']
SELECT e.id, e.title, e.description, e.total_score, e.duration_minutes, e.status, e.start_time, e.end_time, e.anti_cheating_enabled, (
    SELECT count(*)::int
    FROM exam_questions AS e0
    WHERE e.id = e0.exam_paper_id), e.created_at
FROM exam_papers AS e
ORDER BY e.created_at DESC
LIMIT @__p_1 OFFSET @__p_0 | MachineName=LVHUI-PC ThreadId=46
[2026-05-15 08:50:42.705 INF] Executing OkObjectResult, writing value of type 'ExamSystem.Application.Common.Models.PaginatedResult`1[[ExamSystem.Application.ExamPapers.Queries.ExamPaperDto, ExamSystem.Application, Version=1.0.0.0, Culture=neutral, PublicKeyToken=null]]'. | MachineName=LVHUI-PC ThreadId=46
[2026-05-15 08:50:42.711 INF] Executed action ExamSystem.API.Controllers.ExamPapersController.GetExamPapers (ExamSystem.API) in 143.5462ms | MachineName=LVHUI-PC ThreadId=46
[2026-05-15 08:50:42.722 INF] Executed endpoint 'ExamSystem.API.Controllers.ExamPapersController.GetExamPapers (ExamSystem.API)' | MachineName=LVHUI-PC ThreadId=46
[2026-05-15 08:50:42.726 INF] HTTP GET /api/exam-papers?page=1&pageSize=5 → 200 | 177ms | User=admin(admin) Role=SuperAdmin Tenant=- IP=127.0.0.1 TraceId=0HNLI3CN2SFSE:00000001 | MachineName=LVHUI-PC ThreadId=46
[2026-05-15 08:50:42.731 INF] Request finished HTTP/1.1 GET http://localhost:5146/api/exam-papers?page=1&pageSize=5 - 200 null application/json; charset=utf-8 186.7171ms | MachineName=LVHUI-PC ThreadId=46
[2026-05-15 08:50:42.744 INF] Executed DbCommand (59ms) [Parameters=[], CommandType='"Text"', CommandTimeout='30']
SELECT count(*)
FROM exam_papers AS e | MachineName=LVHUI-PC ThreadId=46
[2026-05-15 08:50:42.816 INF] Executed DbCommand (68ms) [Parameters=[@__p_1='?' (DbType = Int32), @__p_0='?' (DbType = Int32)], CommandType='"Text"', CommandTimeout='30']
SELECT e.id, e.title, e.description, e.total_score, e.duration_minutes, e.status, e.start_time, e.end_time, e.anti_cheating_enabled, (
    SELECT count(*)::int
    FROM exam_questions AS e0
    WHERE e.id = e0.exam_paper_id), e.created_at
FROM exam_papers AS e
ORDER BY e.created_at DESC
LIMIT @__p_1 OFFSET @__p_0 | MachineName=LVHUI-PC ThreadId=46
[2026-05-15 08:50:42.825 INF] Executing OkObjectResult, writing value of type 'ExamSystem.Application.Common.Models.PaginatedResult`1[[ExamSystem.Application.ExamPapers.Queries.ExamPaperDto, ExamSystem.Application, Version=1.0.0.0, Culture=neutral, PublicKeyToken=null]]'. | MachineName=LVHUI-PC ThreadId=46
[2026-05-15 08:50:42.835 INF] Executed action ExamSystem.API.Controllers.ExamPapersController.GetExamPapers (ExamSystem.API) in 572.3403ms | MachineName=LVHUI-PC ThreadId=46
[2026-05-15 08:50:42.841 INF] Executed endpoint 'ExamSystem.API.Controllers.ExamPapersController.GetExamPapers (ExamSystem.API)' | MachineName=LVHUI-PC ThreadId=46
[2026-05-15 08:50:42.846 INF] HTTP GET /api/exam-papers?page=1&pageSize=1 → 200 | 598ms | User=admin(admin) Role=SuperAdmin Tenant=- IP=127.0.0.1 TraceId=0HNLI3CN2SFSC:00000001 | MachineName=LVHUI-PC ThreadId=46
[2026-05-15 08:50:42.849 INF] Request finished HTTP/1.1 GET http://localhost:5146/api/exam-papers?page=1&pageSize=1 - 200 null application/json; charset=utf-8 610.6707ms | MachineName=LVHUI-PC ThreadId=46
[2026-05-15 08:50:42.856 INF] Request starting HTTP/1.1 GET http://localhost:5146/api/tenants?page=1&pageSize=1 - null null | MachineName=LVHUI-PC ThreadId=41
[2026-05-15 08:50:42.860 INF] Executing endpoint 'ExamSystem.API.Controllers.TenantsController.GetTenants (ExamSystem.API)' | MachineName=LVHUI-PC ThreadId=41
[2026-05-15 08:50:42.864 INF] Route matched with {action = "GetTenants", controller = "Tenants"}. Executing controller action with signature System.Threading.Tasks.Task`1[Microsoft.AspNetCore.Mvc.IActionResult] GetTenants(Int32, Int32, System.Threading.CancellationToken) on controller ExamSystem.API.Controllers.TenantsController (ExamSystem.API). | MachineName=LVHUI-PC ThreadId=41
[2026-05-15 08:50:42.927 INF] Executed DbCommand (58ms) [Parameters=[], CommandType='"Text"', CommandTimeout='30']
SELECT count(*)
FROM tenants AS t | MachineName=LVHUI-PC ThreadId=41
[2026-05-15 08:50:42.997 INF] Executed DbCommand (62ms) [Parameters=[@__p_1='?' (DbType = Int32), @__p_0='?' (DbType = Int32)], CommandType='"Text"', CommandTimeout='30']
SELECT t.id, t.name, t.schema_name, t.contact_email, t.is_active, t.ai_call_quota, t.ai_call_used, t.created_at
FROM tenants AS t
ORDER BY t.created_at DESC
LIMIT @__p_1 OFFSET @__p_0 | MachineName=LVHUI-PC ThreadId=41
[2026-05-15 08:50:43.003 INF] Executing OkObjectResult, writing value of type 'ExamSystem.Application.Common.Models.PaginatedResult`1[[ExamSystem.Application.Tenants.Queries.TenantDto, ExamSystem.Application, Version=1.0.0.0, Culture=neutral, PublicKeyToken=null]]'. | MachineName=LVHUI-PC ThreadId=41
[2026-05-15 08:50:43.009 INF] Executed action ExamSystem.API.Controllers.TenantsController.GetTenants (ExamSystem.API) in 140.9071ms | MachineName=LVHUI-PC ThreadId=41
[2026-05-15 08:50:43.016 INF] Executed endpoint 'ExamSystem.API.Controllers.TenantsController.GetTenants (ExamSystem.API)' | MachineName=LVHUI-PC ThreadId=41
[2026-05-15 08:50:43.020 INF] HTTP GET /api/tenants?page=1&pageSize=1 → 200 | 160ms | User=admin(admin) Role=SuperAdmin Tenant=- IP=127.0.0.1 TraceId=0HNLI3CN2SFSG:00000001 | MachineName=LVHUI-PC ThreadId=41
[2026-05-15 08:50:43.023 INF] Request finished HTTP/1.1 GET http://localhost:5146/api/tenants?page=1&pageSize=1 - 200 null application/json; charset=utf-8 167.595ms | MachineName=LVHUI-PC ThreadId=41
[2026-05-15 08:50:43.108 INF] Executed DbCommand (66ms) [Parameters=[], CommandType='"Text"', CommandTimeout='30']
SELECT count(*)
FROM tenants AS t | MachineName=LVHUI-PC ThreadId=41
[2026-05-15 08:50:43.160 INF] Request starting HTTP/1.1 GET http://localhost:5146/api/users?page=1&pageSize=1 - null null | MachineName=LVHUI-PC ThreadId=41
[2026-05-15 08:50:43.163 INF] Executing endpoint 'ExamSystem.API.Controllers.UsersController.GetUsers (ExamSystem.API)' | MachineName=LVHUI-PC ThreadId=41
[2026-05-15 08:50:43.165 INF] Route matched with {action = "GetUsers", controller = "Users"}. Executing controller action with signature System.Threading.Tasks.Task`1[Microsoft.AspNetCore.Mvc.IActionResult] GetUsers(System.Nullable`1[System.Guid], System.Nullable`1[ExamSystem.Domain.Enums.UserRole], System.Nullable`1[System.Boolean], System.String, Int32, Int32, System.Threading.CancellationToken) on controller ExamSystem.API.Controllers.UsersController (ExamSystem.API). | MachineName=LVHUI-PC ThreadId=41
[2026-05-15 08:50:43.173 INF] Executed DbCommand (58ms) [Parameters=[@__p_1='?' (DbType = Int32), @__p_0='?' (DbType = Int32)], CommandType='"Text"', CommandTimeout='30']
SELECT t.id, t.name, t.schema_name, t.contact_email, t.is_active, t.ai_call_quota, t.ai_call_used, t.created_at
FROM tenants AS t
ORDER BY t.created_at DESC
LIMIT @__p_1 OFFSET @__p_0 | MachineName=LVHUI-PC ThreadId=41
[2026-05-15 08:50:43.177 INF] Executing OkObjectResult, writing value of type 'ExamSystem.Application.Common.Models.PaginatedResult`1[[ExamSystem.Application.Tenants.Queries.TenantDto, ExamSystem.Application, Version=1.0.0.0, Culture=neutral, PublicKeyToken=null]]'. | MachineName=LVHUI-PC ThreadId=41
[2026-05-15 08:50:43.179 INF] Executed action ExamSystem.API.Controllers.TenantsController.GetTenants (ExamSystem.API) in 607.5278ms | MachineName=LVHUI-PC ThreadId=41
[2026-05-15 08:50:43.183 INF] Executed endpoint 'ExamSystem.API.Controllers.TenantsController.GetTenants (ExamSystem.API)' | MachineName=LVHUI-PC ThreadId=41
[2026-05-15 08:50:43.187 INF] HTTP GET /api/tenants?page=1&pageSize=200 → 200 | 633ms | User=admin(admin) Role=SuperAdmin Tenant=- IP=127.0.0.1 TraceId=0HNLI3CN2SFSF:00000001 | MachineName=LVHUI-PC ThreadId=41
[2026-05-15 08:50:43.190 INF] Request finished HTTP/1.1 GET http://localhost:5146/api/tenants?page=1&pageSize=200 - 200 null application/json; charset=utf-8 644.9112ms | MachineName=LVHUI-PC ThreadId=41
[2026-05-15 08:50:43.230 INF] Executed DbCommand (62ms) [Parameters=[], CommandType='"Text"', CommandTimeout='30']
SELECT count(*)
FROM users AS u | MachineName=LVHUI-PC ThreadId=41
[2026-05-15 08:50:43.300 INF] Executed DbCommand (66ms) [Parameters=[@__p_1='?' (DbType = Int32), @__p_0='?' (DbType = Int32)], CommandType='"Text"', CommandTimeout='30']
SELECT t.id, t.tenant_id, t0.name, t.username, t.email, t.role, t.is_active, t.last_login_at, t.created_at
FROM (
    SELECT u.id, u.created_at, u.email, u.is_active, u.last_login_at, u.role, u.tenant_id, u.username
    FROM users AS u
    ORDER BY u.created_at DESC
    LIMIT @__p_1 OFFSET @__p_0
) AS t
LEFT JOIN tenants AS t0 ON t.tenant_id = t0.id
ORDER BY t.created_at DESC | MachineName=LVHUI-PC ThreadId=41
[2026-05-15 08:50:43.307 INF] Executing OkObjectResult, writing value of type 'ExamSystem.Application.Common.Models.PaginatedResult`1[[ExamSystem.Application.Users.Queries.UserDto, ExamSystem.Application, Version=1.0.0.0, Culture=neutral, PublicKeyToken=null]]'. | MachineName=LVHUI-PC ThreadId=41
[2026-05-15 08:50:43.312 INF] Executed action ExamSystem.API.Controllers.UsersController.GetUsers (ExamSystem.API) in 143.8914ms | MachineName=LVHUI-PC ThreadId=41
[2026-05-15 08:50:43.317 INF] Executed endpoint 'ExamSystem.API.Controllers.UsersController.GetUsers (ExamSystem.API)' | MachineName=LVHUI-PC ThreadId=41
[2026-05-15 08:50:43.322 INF] HTTP GET /api/users?page=1&pageSize=1 → 200 | 159ms | User=admin(admin) Role=SuperAdmin Tenant=- IP=127.0.0.1 TraceId=0HNLI3CN2SFSH:00000001 | MachineName=LVHUI-PC ThreadId=41
[2026-05-15 08:50:43.326 INF] Request finished HTTP/1.1 GET http://localhost:5146/api/users?page=1&pageSize=1 - 200 null application/json; charset=utf-8 166.3293ms | MachineName=LVHUI-PC ThreadId=41
[2026-05-15 08:50:46.451 INF] Request starting HTTP/1.1 GET http://localhost:5146/api/messages/inbox?page=1&pageSize=10 - null null | MachineName=LVHUI-PC ThreadId=41
[2026-05-15 08:50:46.456 INF] Executing endpoint 'ExamSystem.API.Controllers.MessagesController.GetInbox (ExamSystem.API)' | MachineName=LVHUI-PC ThreadId=41
[2026-05-15 08:50:46.460 INF] Route matched with {action = "GetInbox", controller = "Messages"}. Executing controller action with signature System.Threading.Tasks.Task`1[Microsoft.AspNetCore.Mvc.IActionResult] GetInbox(Int32, Int32, System.Threading.CancellationToken) on controller ExamSystem.API.Controllers.MessagesController (ExamSystem.API). | MachineName=LVHUI-PC ThreadId=41
[2026-05-15 08:50:46.468 INF] Executing ObjectResult, writing value of type 'Microsoft.AspNetCore.Mvc.ProblemDetails'. | MachineName=LVHUI-PC ThreadId=41
[2026-05-15 08:50:46.473 INF] Executed action ExamSystem.API.Controllers.MessagesController.GetInbox (ExamSystem.API) in 5.5927ms | MachineName=LVHUI-PC ThreadId=41
[2026-05-15 08:50:46.477 INF] Executed endpoint 'ExamSystem.API.Controllers.MessagesController.GetInbox (ExamSystem.API)' | MachineName=LVHUI-PC ThreadId=41
[2026-05-15 08:50:46.481 WRN] HTTP GET /api/messages/inbox?page=1&pageSize=10 → 401 | 25ms | User=admin(admin) Role=SuperAdmin Tenant=- IP=127.0.0.1 TraceId=0HNLI3CN2SFSI:00000001 | MachineName=LVHUI-PC ThreadId=41
[2026-05-15 08:50:46.484 INF] Request finished HTTP/1.1 GET http://localhost:5146/api/messages/inbox?page=1&pageSize=10 - 401 null application/json; charset=utf-8 33.596ms | MachineName=LVHUI-PC ThreadId=41
[2026-05-15 08:50:46.602 INF] Request starting HTTP/1.1 GET http://localhost:5146/api/tenants?page=1&pageSize=200 - null null | MachineName=LVHUI-PC ThreadId=35
[2026-05-15 08:50:46.607 INF] Executing endpoint 'ExamSystem.API.Controllers.TenantsController.GetTenants (ExamSystem.API)' | MachineName=LVHUI-PC ThreadId=35
[2026-05-15 08:50:46.611 INF] Route matched with {action = "GetTenants", controller = "Tenants"}. Executing controller action with signature System.Threading.Tasks.Task`1[Microsoft.AspNetCore.Mvc.IActionResult] GetTenants(Int32, Int32, System.Threading.CancellationToken) on controller ExamSystem.API.Controllers.TenantsController (ExamSystem.API). | MachineName=LVHUI-PC ThreadId=35
[2026-05-15 08:50:46.659 INF] Request starting HTTP/1.1 GET http://localhost:5146/api/exam-papers?page=1&pageSize=1 - null null | MachineName=LVHUI-PC ThreadId=35
[2026-05-15 08:50:46.665 INF] Executing endpoint 'ExamSystem.API.Controllers.ExamPapersController.GetExamPapers (ExamSystem.API)' | MachineName=LVHUI-PC ThreadId=35
[2026-05-15 08:50:46.673 INF] Route matched with {action = "GetExamPapers", controller = "ExamPapers"}. Executing controller action with signature System.Threading.Tasks.Task`1[Microsoft.AspNetCore.Mvc.IActionResult] GetExamPapers(Int32, Int32, System.Nullable`1[ExamSystem.Domain.Enums.ExamStatus], System.Threading.CancellationToken) on controller ExamSystem.API.Controllers.ExamPapersController (ExamSystem.API). | MachineName=LVHUI-PC ThreadId=35
[2026-05-15 08:50:46.673 INF] Executed DbCommand (58ms) [Parameters=[], CommandType='"Text"', CommandTimeout='30']
SELECT count(*)
FROM tenants AS t | MachineName=LVHUI-PC ThreadId=41
[2026-05-15 08:50:46.708 INF] Request starting HTTP/1.1 GET http://localhost:5146/api/questions?page=1&pageSize=1 - null null | MachineName=LVHUI-PC ThreadId=46
[2026-05-15 08:50:46.711 WRN] HTTP GET /api/questions?page=1&pageSize=1 → 400 | 0ms | User=-(-) Role=- Tenant=- IP=127.0.0.1 TraceId=0HNLI3CN2SFSL:00000001 | MachineName=LVHUI-PC ThreadId=46
[2026-05-15 08:50:46.716 INF] Request finished HTTP/1.1 GET http://localhost:5146/api/questions?page=1&pageSize=1 - 400 null application/json; charset=utf-8 7.4227ms | MachineName=LVHUI-PC ThreadId=46
[2026-05-15 08:50:46.741 INF] Executed DbCommand (62ms) [Parameters=[], CommandType='"Text"', CommandTimeout='30']
SELECT count(*)
FROM exam_papers AS e | MachineName=LVHUI-PC ThreadId=46
[2026-05-15 08:50:46.748 INF] Executed DbCommand (65ms) [Parameters=[@__p_1='?' (DbType = Int32), @__p_0='?' (DbType = Int32)], CommandType='"Text"', CommandTimeout='30']
SELECT t.id, t.name, t.schema_name, t.contact_email, t.is_active, t.ai_call_quota, t.ai_call_used, t.created_at
FROM tenants AS t
ORDER BY t.created_at DESC
LIMIT @__p_1 OFFSET @__p_0 | MachineName=LVHUI-PC ThreadId=46
[2026-05-15 08:50:46.751 INF] Executing OkObjectResult, writing value of type 'ExamSystem.Application.Common.Models.PaginatedResult`1[[ExamSystem.Application.Tenants.Queries.TenantDto, ExamSystem.Application, Version=1.0.0.0, Culture=neutral, PublicKeyToken=null]]'. | MachineName=LVHUI-PC ThreadId=46
[2026-05-15 08:50:46.756 INF] Executed action ExamSystem.API.Controllers.TenantsController.GetTenants (ExamSystem.API) in 141.7461ms | MachineName=LVHUI-PC ThreadId=46
[2026-05-15 08:50:46.760 INF] Executed endpoint 'ExamSystem.API.Controllers.TenantsController.GetTenants (ExamSystem.API)' | MachineName=LVHUI-PC ThreadId=46
[2026-05-15 08:50:46.763 INF] HTTP GET /api/tenants?page=1&pageSize=200 → 200 | 156ms | User=admin(admin) Role=SuperAdmin Tenant=- IP=127.0.0.1 TraceId=0HNLI3CN2SFSJ:00000001 | MachineName=LVHUI-PC ThreadId=46
[2026-05-15 08:50:46.767 INF] Request finished HTTP/1.1 GET http://localhost:5146/api/tenants?page=1&pageSize=200 - 200 null application/json; charset=utf-8 165.2117ms | MachineName=LVHUI-PC ThreadId=46
[2026-05-15 08:50:46.804 INF] Executed DbCommand (59ms) [Parameters=[@__p_1='?' (DbType = Int32), @__p_0='?' (DbType = Int32)], CommandType='"Text"', CommandTimeout='30']
SELECT e.id, e.title, e.description, e.total_score, e.duration_minutes, e.status, e.start_time, e.end_time, e.anti_cheating_enabled, (
    SELECT count(*)::int
    FROM exam_questions AS e0
    WHERE e.id = e0.exam_paper_id), e.created_at
FROM exam_papers AS e
ORDER BY e.created_at DESC
LIMIT @__p_1 OFFSET @__p_0 | MachineName=LVHUI-PC ThreadId=46
[2026-05-15 08:50:46.807 INF] Executing OkObjectResult, writing value of type 'ExamSystem.Application.Common.Models.PaginatedResult`1[[ExamSystem.Application.ExamPapers.Queries.ExamPaperDto, ExamSystem.Application, Version=1.0.0.0, Culture=neutral, PublicKeyToken=null]]'. | MachineName=LVHUI-PC ThreadId=46
[2026-05-15 08:50:46.810 INF] Executed action ExamSystem.API.Controllers.ExamPapersController.GetExamPapers (ExamSystem.API) in 131.1801ms | MachineName=LVHUI-PC ThreadId=46
[2026-05-15 08:50:46.811 INF] Request starting HTTP/1.1 GET http://localhost:5146/api/exam-papers?page=1&pageSize=5 - null null | MachineName=LVHUI-PC ThreadId=35
[2026-05-15 08:50:46.812 INF] Executed endpoint 'ExamSystem.API.Controllers.ExamPapersController.GetExamPapers (ExamSystem.API)' | MachineName=LVHUI-PC ThreadId=46
[2026-05-15 08:50:46.816 INF] Executing endpoint 'ExamSystem.API.Controllers.ExamPapersController.GetExamPapers (ExamSystem.API)' | MachineName=LVHUI-PC ThreadId=35
[2026-05-15 08:50:46.817 INF] HTTP GET /api/exam-papers?page=1&pageSize=1 → 200 | 152ms | User=-(-) Role=- Tenant=- IP=127.0.0.1 TraceId=0HNLI3CN2SFSK:00000001 | MachineName=LVHUI-PC ThreadId=46
[2026-05-15 08:50:46.820 INF] Route matched with {action = "GetExamPapers", controller = "ExamPapers"}. Executing controller action with signature System.Threading.Tasks.Task`1[Microsoft.AspNetCore.Mvc.IActionResult] GetExamPapers(Int32, Int32, System.Nullable`1[ExamSystem.Domain.Enums.ExamStatus], System.Threading.CancellationToken) on controller ExamSystem.API.Controllers.ExamPapersController (ExamSystem.API). | MachineName=LVHUI-PC ThreadId=35
[2026-05-15 08:50:46.823 INF] Request finished HTTP/1.1 GET http://localhost:5146/api/exam-papers?page=1&pageSize=1 - 200 null application/json; charset=utf-8 163.8632ms | MachineName=LVHUI-PC ThreadId=46
[2026-05-15 08:50:46.889 INF] Executed DbCommand (62ms) [Parameters=[], CommandType='"Text"', CommandTimeout='30']
SELECT count(*)
FROM exam_papers AS e | MachineName=LVHUI-PC ThreadId=46
[2026-05-15 08:50:46.961 INF] Executed DbCommand (65ms) [Parameters=[@__p_1='?' (DbType = Int32), @__p_0='?' (DbType = Int32)], CommandType='"Text"', CommandTimeout='30']
SELECT e.id, e.title, e.description, e.total_score, e.duration_minutes, e.status, e.start_time, e.end_time, e.anti_cheating_enabled, (
    SELECT count(*)::int
    FROM exam_questions AS e0
    WHERE e.id = e0.exam_paper_id), e.created_at
FROM exam_papers AS e
ORDER BY e.created_at DESC
LIMIT @__p_1 OFFSET @__p_0 | MachineName=LVHUI-PC ThreadId=46
[2026-05-15 08:50:46.968 INF] Executing OkObjectResult, writing value of type 'ExamSystem.Application.Common.Models.PaginatedResult`1[[ExamSystem.Application.ExamPapers.Queries.ExamPaperDto, ExamSystem.Application, Version=1.0.0.0, Culture=neutral, PublicKeyToken=null]]'. | MachineName=LVHUI-PC ThreadId=46
[2026-05-15 08:50:46.970 INF] Request starting HTTP/1.1 GET http://localhost:5146/api/tenants?page=1&pageSize=1 - null null | MachineName=LVHUI-PC ThreadId=41
[2026-05-15 08:50:46.971 INF] Request starting HTTP/1.1 GET http://localhost:5146/api/users?page=1&pageSize=1 - null null | MachineName=LVHUI-PC ThreadId=35
[2026-05-15 08:50:46.978 INF] Executed action ExamSystem.API.Controllers.ExamPapersController.GetExamPapers (ExamSystem.API) in 152.2832ms | MachineName=LVHUI-PC ThreadId=46
[2026-05-15 08:50:46.983 INF] Authorization failed. These requirements were not met:
RolesAuthorizationRequirement:User.IsInRole must be true for one of the following roles: (SuperAdmin) | MachineName=LVHUI-PC ThreadId=41
[2026-05-15 08:50:46.989 INF] Authorization failed. These requirements were not met:
RolesAuthorizationRequirement:User.IsInRole must be true for one of the following roles: (SuperAdmin|Admin) | MachineName=LVHUI-PC ThreadId=35
[2026-05-15 08:50:46.993 INF] Executed endpoint 'ExamSystem.API.Controllers.ExamPapersController.GetExamPapers (ExamSystem.API)' | MachineName=LVHUI-PC ThreadId=46
[2026-05-15 08:50:46.996 INF] AuthenticationScheme: Bearer was challenged. | MachineName=LVHUI-PC ThreadId=41
[2026-05-15 08:50:46.998 INF] AuthenticationScheme: Bearer was challenged. | MachineName=LVHUI-PC ThreadId=35
[2026-05-15 08:50:47.001 INF] HTTP GET /api/exam-papers?page=1&pageSize=5 → 200 | 185ms | User=-(-) Role=- Tenant=- IP=127.0.0.1 TraceId=0HNLI3CN2SFSM:00000001 | MachineName=LVHUI-PC ThreadId=46
[2026-05-15 08:50:47.003 WRN] HTTP GET /api/tenants?page=1&pageSize=1 → 401 | 20ms | User=-(-) Role=- Tenant=- IP=127.0.0.1 TraceId=0HNLI3CN2SFSN:00000001 | MachineName=LVHUI-PC ThreadId=41
[2026-05-15 08:50:47.006 WRN] HTTP GET /api/users?page=1&pageSize=1 → 401 | 17ms | User=-(-) Role=- Tenant=- IP=127.0.0.1 TraceId=0HNLI3CN2SFSO:00000001 | MachineName=LVHUI-PC ThreadId=35
[2026-05-15 08:50:47.009 INF] Request finished HTTP/1.1 GET http://localhost:5146/api/exam-papers?page=1&pageSize=5 - 200 null application/json; charset=utf-8 197.4854ms | MachineName=LVHUI-PC ThreadId=46
[2026-05-15 08:50:47.012 INF] Request finished HTTP/1.1 GET http://localhost:5146/api/tenants?page=1&pageSize=1 - 401 0 null 41.5133ms | MachineName=LVHUI-PC ThreadId=41
[2026-05-15 08:50:47.016 INF] Request finished HTTP/1.1 GET http://localhost:5146/api/users?page=1&pageSize=1 - 401 0 null 44.6675ms | MachineName=LVHUI-PC ThreadId=35
[2026-05-15 08:51:41.769 INF] Request starting HTTP/1.1 GET http://localhost:5146/api/messages/inbox?page=1&pageSize=10 - null null | MachineName=LVHUI-PC ThreadId=41
[2026-05-15 08:51:41.776 WRN] HTTP GET /api/messages/inbox?page=1&pageSize=10 → 400 | 0ms | User=-(-) Role=- Tenant=- IP=127.0.0.1 TraceId=0HNLI3CN2SFSP:00000001 | MachineName=LVHUI-PC ThreadId=41
[2026-05-15 08:51:41.786 INF] Request finished HTTP/1.1 GET http://localhost:5146/api/messages/inbox?page=1&pageSize=10 - 400 null application/json; charset=utf-8 16.8445ms | MachineName=LVHUI-PC ThreadId=41
[2026-05-15 08:51:42.080 INF] Request starting HTTP/1.1 GET http://localhost:5146/api/tenants?page=1&pageSize=200 - null null | MachineName=LVHUI-PC ThreadId=44
[2026-05-15 08:51:42.085 INF] Authorization failed. These requirements were not met:
RolesAuthorizationRequirement:User.IsInRole must be true for one of the following roles: (SuperAdmin) | MachineName=LVHUI-PC ThreadId=44
[2026-05-15 08:51:42.090 INF] AuthenticationScheme: Bearer was challenged. | MachineName=LVHUI-PC ThreadId=44
[2026-05-15 08:51:42.095 WRN] HTTP GET /api/tenants?page=1&pageSize=200 → 401 | 10ms | User=-(-) Role=- Tenant=- IP=127.0.0.1 TraceId=0HNLI3CN2SFSQ:00000001 | MachineName=LVHUI-PC ThreadId=44
[2026-05-15 08:51:42.102 INF] Request finished HTTP/1.1 GET http://localhost:5146/api/tenants?page=1&pageSize=200 - 401 0 null 22.072ms | MachineName=LVHUI-PC ThreadId=44
[2026-05-15 08:51:42.435 INF] Request starting HTTP/1.1 GET http://localhost:5146/api/exam-papers?page=1&pageSize=1 - null null | MachineName=LVHUI-PC ThreadId=41
[2026-05-15 08:51:42.440 INF] Executing endpoint 'ExamSystem.API.Controllers.ExamPapersController.GetExamPapers (ExamSystem.API)' | MachineName=LVHUI-PC ThreadId=41
[2026-05-15 08:51:42.444 INF] Route matched with {action = "GetExamPapers", controller = "ExamPapers"}. Executing controller action with signature System.Threading.Tasks.Task`1[Microsoft.AspNetCore.Mvc.IActionResult] GetExamPapers(Int32, Int32, System.Nullable`1[ExamSystem.Domain.Enums.ExamStatus], System.Threading.CancellationToken) on controller ExamSystem.API.Controllers.ExamPapersController (ExamSystem.API). | MachineName=LVHUI-PC ThreadId=41
[2026-05-15 08:51:42.509 INF] Executed DbCommand (58ms) [Parameters=[], CommandType='"Text"', CommandTimeout='30']
SELECT count(*)
FROM exam_papers AS e | MachineName=LVHUI-PC ThreadId=41
[2026-05-15 08:51:42.586 INF] Request starting HTTP/1.1 GET http://localhost:5146/api/questions?page=1&pageSize=1 - null null | MachineName=LVHUI-PC ThreadId=35
[2026-05-15 08:51:42.586 INF] Request starting HTTP/1.1 GET http://localhost:5146/api/exam-papers?page=1&pageSize=5 - null null | MachineName=LVHUI-PC ThreadId=41
[2026-05-15 08:51:42.587 INF] Executed DbCommand (62ms) [Parameters=[@__p_1='?' (DbType = Int32), @__p_0='?' (DbType = Int32)], CommandType='"Text"', CommandTimeout='30']
SELECT e.id, e.title, e.description, e.total_score, e.duration_minutes, e.status, e.start_time, e.end_time, e.anti_cheating_enabled, (
    SELECT count(*)::int
    FROM exam_questions AS e0
    WHERE e.id = e0.exam_paper_id), e.created_at
FROM exam_papers AS e
ORDER BY e.created_at DESC
LIMIT @__p_1 OFFSET @__p_0 | MachineName=LVHUI-PC ThreadId=58
[2026-05-15 08:51:42.589 WRN] HTTP GET /api/questions?page=1&pageSize=1 → 400 | 0ms | User=-(-) Role=- Tenant=- IP=127.0.0.1 TraceId=0HNLI3CN2SFSS:00000001 | MachineName=LVHUI-PC ThreadId=35
[2026-05-15 08:51:42.594 INF] Executing endpoint 'ExamSystem.API.Controllers.ExamPapersController.GetExamPapers (ExamSystem.API)' | MachineName=LVHUI-PC ThreadId=41
[2026-05-15 08:51:42.599 INF] Executing OkObjectResult, writing value of type 'ExamSystem.Application.Common.Models.PaginatedResult`1[[ExamSystem.Application.ExamPapers.Queries.ExamPaperDto, ExamSystem.Application, Version=1.0.0.0, Culture=neutral, PublicKeyToken=null]]'. | MachineName=LVHUI-PC ThreadId=58
[2026-05-15 08:51:42.605 INF] Request finished HTTP/1.1 GET http://localhost:5146/api/questions?page=1&pageSize=1 - 400 null application/json; charset=utf-8 19.1547ms | MachineName=LVHUI-PC ThreadId=35
[2026-05-15 08:51:42.610 INF] Route matched with {action = "GetExamPapers", controller = "ExamPapers"}. Executing controller action with signature System.Threading.Tasks.Task`1[Microsoft.AspNetCore.Mvc.IActionResult] GetExamPapers(Int32, Int32, System.Nullable`1[ExamSystem.Domain.Enums.ExamStatus], System.Threading.CancellationToken) on controller ExamSystem.API.Controllers.ExamPapersController (ExamSystem.API). | MachineName=LVHUI-PC ThreadId=41
[2026-05-15 08:51:42.612 INF] Request starting HTTP/1.1 GET http://localhost:5146/api/tenants?page=1&pageSize=1 - null null | MachineName=LVHUI-PC ThreadId=59
[2026-05-15 08:51:42.615 INF] Executed action ExamSystem.API.Controllers.ExamPapersController.GetExamPapers (ExamSystem.API) in 164.3574ms | MachineName=LVHUI-PC ThreadId=58
[2026-05-15 08:51:42.629 INF] Authorization failed. These requirements were not met:
RolesAuthorizationRequirement:User.IsInRole must be true for one of the following roles: (SuperAdmin) | MachineName=LVHUI-PC ThreadId=59
[2026-05-15 08:51:42.632 INF] Executed endpoint 'ExamSystem.API.Controllers.ExamPapersController.GetExamPapers (ExamSystem.API)' | MachineName=LVHUI-PC ThreadId=58
[2026-05-15 08:51:42.634 INF] AuthenticationScheme: Bearer was challenged. | MachineName=LVHUI-PC ThreadId=59
[2026-05-15 08:51:42.637 INF] HTTP GET /api/exam-papers?page=1&pageSize=1 → 200 | 196ms | User=-(-) Role=- Tenant=- IP=127.0.0.1 TraceId=0HNLI3CN2SFSR:00000001 | MachineName=LVHUI-PC ThreadId=58
[2026-05-15 08:51:42.639 WRN] HTTP GET /api/tenants?page=1&pageSize=1 → 401 | 10ms | User=-(-) Role=- Tenant=- IP=127.0.0.1 TraceId=0HNLI3CN2SFSU:00000001 | MachineName=LVHUI-PC ThreadId=59
[2026-05-15 08:51:42.642 INF] Request finished HTTP/1.1 GET http://localhost:5146/api/exam-papers?page=1&pageSize=1 - 200 null application/json; charset=utf-8 206.9588ms | MachineName=LVHUI-PC ThreadId=58
[2026-05-15 08:51:42.646 INF] Request finished HTTP/1.1 GET http://localhost:5146/api/tenants?page=1&pageSize=1 - 401 0 null 33.4011ms | MachineName=LVHUI-PC ThreadId=59
[2026-05-15 08:51:42.689 INF] Executed DbCommand (65ms) [Parameters=[], CommandType='"Text"', CommandTimeout='30']
SELECT count(*)
FROM exam_papers AS e | MachineName=LVHUI-PC ThreadId=59
[2026-05-15 08:51:42.693 INF] Request starting HTTP/1.1 GET http://localhost:5146/api/users?page=1&pageSize=1 - null null | MachineName=LVHUI-PC ThreadId=58
[2026-05-15 08:51:42.696 INF] Authorization failed. These requirements were not met:
RolesAuthorizationRequirement:User.IsInRole must be true for one of the following roles: (SuperAdmin|Admin) | MachineName=LVHUI-PC ThreadId=58
[2026-05-15 08:51:42.699 INF] AuthenticationScheme: Bearer was challenged. | MachineName=LVHUI-PC ThreadId=58
[2026-05-15 08:51:42.701 WRN] HTTP GET /api/users?page=1&pageSize=1 → 401 | 4ms | User=-(-) Role=- Tenant=- IP=127.0.0.1 TraceId=0HNLI3CN2SFSV:00000001 | MachineName=LVHUI-PC ThreadId=58
[2026-05-15 08:51:42.703 INF] Request finished HTTP/1.1 GET http://localhost:5146/api/users?page=1&pageSize=1 - 401 0 null 10.2759ms | MachineName=LVHUI-PC ThreadId=58
[2026-05-15 08:51:42.751 INF] Executed DbCommand (58ms) [Parameters=[@__p_1='?' (DbType = Int32), @__p_0='?' (DbType = Int32)], CommandType='"Text"', CommandTimeout='30']
SELECT e.id, e.title, e.description, e.total_score, e.duration_minutes, e.status, e.start_time, e.end_time, e.anti_cheating_enabled, (
    SELECT count(*)::int
    FROM exam_questions AS e0
    WHERE e.id = e0.exam_paper_id), e.created_at
FROM exam_papers AS e
ORDER BY e.created_at DESC
LIMIT @__p_1 OFFSET @__p_0 | MachineName=LVHUI-PC ThreadId=41
[2026-05-15 08:51:42.754 INF] Executing OkObjectResult, writing value of type 'ExamSystem.Application.Common.Models.PaginatedResult`1[[ExamSystem.Application.ExamPapers.Queries.ExamPaperDto, ExamSystem.Application, Version=1.0.0.0, Culture=neutral, PublicKeyToken=null]]'. | MachineName=LVHUI-PC ThreadId=41
[2026-05-15 08:51:42.759 INF] Executed action ExamSystem.API.Controllers.ExamPapersController.GetExamPapers (ExamSystem.API) in 134.6531ms | MachineName=LVHUI-PC ThreadId=41
[2026-05-15 08:51:42.762 INF] Executed endpoint 'ExamSystem.API.Controllers.ExamPapersController.GetExamPapers (ExamSystem.API)' | MachineName=LVHUI-PC ThreadId=41
[2026-05-15 08:51:42.766 INF] HTTP GET /api/exam-papers?page=1&pageSize=5 → 200 | 172ms | User=-(-) Role=- Tenant=- IP=127.0.0.1 TraceId=0HNLI3CN2SFST:00000001 | MachineName=LVHUI-PC ThreadId=41
[2026-05-15 08:51:42.769 INF] Request finished HTTP/1.1 GET http://localhost:5146/api/exam-papers?page=1&pageSize=5 - 200 null application/json; charset=utf-8 183.0778ms | MachineName=LVHUI-PC ThreadId=41
[2026-05-15 08:52:53.676 INF] Request starting HTTP/1.1 GET http://localhost:5146/api/audit-logs?page=1&pageSize=20 - null null | MachineName=LVHUI-PC ThreadId=41
[2026-05-15 08:52:53.682 WRN] HTTP GET /api/audit-logs?page=1&pageSize=20 → 400 | 0ms | User=-(-) Role=- Tenant=- IP=127.0.0.1 TraceId=0HNLI3CN2SFT0:00000001 | MachineName=LVHUI-PC ThreadId=41
[2026-05-15 08:52:53.693 INF] Request finished HTTP/1.1 GET http://localhost:5146/api/audit-logs?page=1&pageSize=20 - 400 null application/json; charset=utf-8 16.4801ms | MachineName=LVHUI-PC ThreadId=41
[2026-05-15 08:52:53.862 INF] Request starting HTTP/1.1 GET http://localhost:5146/api/tenants?page=1&pageSize=200 - null null | MachineName=LVHUI-PC ThreadId=58
[2026-05-15 08:52:53.868 INF] Authorization failed. These requirements were not met:
RolesAuthorizationRequirement:User.IsInRole must be true for one of the following roles: (SuperAdmin) | MachineName=LVHUI-PC ThreadId=58
[2026-05-15 08:52:53.872 INF] AuthenticationScheme: Bearer was challenged. | MachineName=LVHUI-PC ThreadId=58
[2026-05-15 08:52:53.879 WRN] HTTP GET /api/tenants?page=1&pageSize=200 → 401 | 11ms | User=-(-) Role=- Tenant=- IP=127.0.0.1 TraceId=0HNLI3CN2SFT1:00000001 | MachineName=LVHUI-PC ThreadId=58
[2026-05-15 08:52:53.883 INF] Request finished HTTP/1.1 GET http://localhost:5146/api/tenants?page=1&pageSize=200 - 401 0 null 20.9565ms | MachineName=LVHUI-PC ThreadId=58
[2026-05-15 08:52:54.065 INF] Request starting HTTP/1.1 GET http://localhost:5146/api/exam-papers?page=1&pageSize=1 - null null | MachineName=LVHUI-PC ThreadId=41
[2026-05-15 08:52:54.065 INF] Request starting HTTP/1.1 GET http://localhost:5146/api/questions?page=1&pageSize=1 - null null | MachineName=LVHUI-PC ThreadId=58
[2026-05-15 08:52:54.072 INF] Executing endpoint 'ExamSystem.API.Controllers.ExamPapersController.GetExamPapers (ExamSystem.API)' | MachineName=LVHUI-PC ThreadId=41
[2026-05-15 08:52:54.077 WRN] HTTP GET /api/questions?page=1&pageSize=1 → 400 | 0ms | User=-(-) Role=- Tenant=- IP=127.0.0.1 TraceId=0HNLI3CN2SFT3:00000001 | MachineName=LVHUI-PC ThreadId=58
[2026-05-15 08:52:54.081 INF] Route matched with {action = "GetExamPapers", controller = "ExamPapers"}. Executing controller action with signature System.Threading.Tasks.Task`1[Microsoft.AspNetCore.Mvc.IActionResult] GetExamPapers(Int32, Int32, System.Nullable`1[ExamSystem.Domain.Enums.ExamStatus], System.Threading.CancellationToken) on controller ExamSystem.API.Controllers.ExamPapersController (ExamSystem.API). | MachineName=LVHUI-PC ThreadId=41
[2026-05-15 08:52:54.087 INF] Request finished HTTP/1.1 GET http://localhost:5146/api/questions?page=1&pageSize=1 - 400 null application/json; charset=utf-8 21.2651ms | MachineName=LVHUI-PC ThreadId=58
[2026-05-15 08:52:54.161 INF] Executed DbCommand (68ms) [Parameters=[], CommandType='"Text"', CommandTimeout='30']
SELECT count(*)
FROM exam_papers AS e | MachineName=LVHUI-PC ThreadId=58
[2026-05-15 08:52:54.229 INF] Executed DbCommand (65ms) [Parameters=[@__p_1='?' (DbType = Int32), @__p_0='?' (DbType = Int32)], CommandType='"Text"', CommandTimeout='30']
SELECT e.id, e.title, e.description, e.total_score, e.duration_minutes, e.status, e.start_time, e.end_time, e.anti_cheating_enabled, (
    SELECT count(*)::int
    FROM exam_questions AS e0
    WHERE e.id = e0.exam_paper_id), e.created_at
FROM exam_papers AS e
ORDER BY e.created_at DESC
LIMIT @__p_1 OFFSET @__p_0 | MachineName=LVHUI-PC ThreadId=63
[2026-05-15 08:52:54.233 INF] Executing OkObjectResult, writing value of type 'ExamSystem.Application.Common.Models.PaginatedResult`1[[ExamSystem.Application.ExamPapers.Queries.ExamPaperDto, ExamSystem.Application, Version=1.0.0.0, Culture=neutral, PublicKeyToken=null]]'. | MachineName=LVHUI-PC ThreadId=63
[2026-05-15 08:52:54.238 INF] Executed action ExamSystem.API.Controllers.ExamPapersController.GetExamPapers (ExamSystem.API) in 146.0627ms | MachineName=LVHUI-PC ThreadId=63
[2026-05-15 08:52:54.242 INF] Executed endpoint 'ExamSystem.API.Controllers.ExamPapersController.GetExamPapers (ExamSystem.API)' | MachineName=LVHUI-PC ThreadId=63
[2026-05-15 08:52:54.247 INF] HTTP GET /api/exam-papers?page=1&pageSize=1 → 200 | 175ms | User=-(-) Role=- Tenant=- IP=127.0.0.1 TraceId=0HNLI3CN2SFT2:00000001 | MachineName=LVHUI-PC ThreadId=63
[2026-05-15 08:52:54.252 INF] Request finished HTTP/1.1 GET http://localhost:5146/api/exam-papers?page=1&pageSize=1 - 200 null application/json; charset=utf-8 186.7748ms | MachineName=LVHUI-PC ThreadId=63
[2026-05-15 08:52:54.370 INF] Request starting HTTP/1.1 GET http://localhost:5146/api/exam-papers?page=1&pageSize=5 - null null | MachineName=LVHUI-PC ThreadId=63
[2026-05-15 08:52:54.379 INF] Executing endpoint 'ExamSystem.API.Controllers.ExamPapersController.GetExamPapers (ExamSystem.API)' | MachineName=LVHUI-PC ThreadId=63
[2026-05-15 08:52:54.389 INF] Route matched with {action = "GetExamPapers", controller = "ExamPapers"}. Executing controller action with signature System.Threading.Tasks.Task`1[Microsoft.AspNetCore.Mvc.IActionResult] GetExamPapers(Int32, Int32, System.Nullable`1[ExamSystem.Domain.Enums.ExamStatus], System.Threading.CancellationToken) on controller ExamSystem.API.Controllers.ExamPapersController (ExamSystem.API). | MachineName=LVHUI-PC ThreadId=63
[2026-05-15 08:52:54.400 INF] Request starting HTTP/1.1 GET http://localhost:5146/api/tenants?page=1&pageSize=1 - null null | MachineName=LVHUI-PC ThreadId=41
[2026-05-15 08:52:54.400 INF] Request starting HTTP/1.1 GET http://localhost:5146/api/users?page=1&pageSize=1 - null null | MachineName=LVHUI-PC ThreadId=35
[2026-05-15 08:52:54.405 INF] Authorization failed. These requirements were not met:
RolesAuthorizationRequirement:User.IsInRole must be true for one of the following roles: (SuperAdmin) | MachineName=LVHUI-PC ThreadId=41
[2026-05-15 08:52:54.408 INF] Authorization failed. These requirements were not met:
RolesAuthorizationRequirement:User.IsInRole must be true for one of the following roles: (SuperAdmin|Admin) | MachineName=LVHUI-PC ThreadId=35
[2026-05-15 08:52:54.411 INF] AuthenticationScheme: Bearer was challenged. | MachineName=LVHUI-PC ThreadId=41
[2026-05-15 08:52:54.414 INF] AuthenticationScheme: Bearer was challenged. | MachineName=LVHUI-PC ThreadId=35
[2026-05-15 08:52:54.416 WRN] HTTP GET /api/tenants?page=1&pageSize=1 → 401 | 11ms | User=-(-) Role=- Tenant=- IP=127.0.0.1 TraceId=0HNLI3CN2SFT5:00000001 | MachineName=LVHUI-PC ThreadId=41
[2026-05-15 08:52:54.419 WRN] HTTP GET /api/users?page=1&pageSize=1 → 401 | 11ms | User=-(-) Role=- Tenant=- IP=127.0.0.1 TraceId=0HNLI3CN2SFT6:00000001 | MachineName=LVHUI-PC ThreadId=35
[2026-05-15 08:52:54.421 INF] Request finished HTTP/1.1 GET http://localhost:5146/api/tenants?page=1&pageSize=1 - 401 0 null 21.8992ms | MachineName=LVHUI-PC ThreadId=41
[2026-05-15 08:52:54.425 INF] Request finished HTTP/1.1 GET http://localhost:5146/api/users?page=1&pageSize=1 - 401 0 null 25.1212ms | MachineName=LVHUI-PC ThreadId=35
[2026-05-15 08:52:54.456 INF] Executed DbCommand (58ms) [Parameters=[], CommandType='"Text"', CommandTimeout='30']
SELECT count(*)
FROM exam_papers AS e | MachineName=LVHUI-PC ThreadId=41
[2026-05-15 08:52:54.522 INF] Executed DbCommand (62ms) [Parameters=[@__p_1='?' (DbType = Int32), @__p_0='?' (DbType = Int32)], CommandType='"Text"', CommandTimeout='30']
SELECT e.id, e.title, e.description, e.total_score, e.duration_minutes, e.status, e.start_time, e.end_time, e.anti_cheating_enabled, (
    SELECT count(*)::int
    FROM exam_questions AS e0
    WHERE e.id = e0.exam_paper_id), e.created_at
FROM exam_papers AS e
ORDER BY e.created_at DESC
LIMIT @__p_1 OFFSET @__p_0 | MachineName=LVHUI-PC ThreadId=41
[2026-05-15 08:52:54.527 INF] Executing OkObjectResult, writing value of type 'ExamSystem.Application.Common.Models.PaginatedResult`1[[ExamSystem.Application.ExamPapers.Queries.ExamPaperDto, ExamSystem.Application, Version=1.0.0.0, Culture=neutral, PublicKeyToken=null]]'. | MachineName=LVHUI-PC ThreadId=41
[2026-05-15 08:52:54.530 INF] Executed action ExamSystem.API.Controllers.ExamPapersController.GetExamPapers (ExamSystem.API) in 132.4301ms | MachineName=LVHUI-PC ThreadId=41
[2026-05-15 08:52:54.534 INF] Executed endpoint 'ExamSystem.API.Controllers.ExamPapersController.GetExamPapers (ExamSystem.API)' | MachineName=LVHUI-PC ThreadId=41
[2026-05-15 08:52:54.537 INF] HTTP GET /api/exam-papers?page=1&pageSize=5 → 200 | 157ms | User=-(-) Role=- Tenant=- IP=127.0.0.1 TraceId=0HNLI3CN2SFT4:00000001 | MachineName=LVHUI-PC ThreadId=41
[2026-05-15 08:52:54.540 INF] Request finished HTTP/1.1 GET http://localhost:5146/api/exam-papers?page=1&pageSize=5 - 200 null application/json; charset=utf-8 169.892ms | MachineName=LVHUI-PC ThreadId=41
[2026-05-15 08:52:56.352 INF] Request starting HTTP/1.1 GET http://localhost:5146/api/tenants?page=1&pageSize=200 - null null | MachineName=LVHUI-PC ThreadId=41
[2026-05-15 08:52:56.357 INF] Authorization failed. These requirements were not met:
RolesAuthorizationRequirement:User.IsInRole must be true for one of the following roles: (SuperAdmin) | MachineName=LVHUI-PC ThreadId=41
[2026-05-15 08:52:56.362 INF] AuthenticationScheme: Bearer was challenged. | MachineName=LVHUI-PC ThreadId=41
[2026-05-15 08:52:56.367 WRN] HTTP GET /api/tenants?page=1&pageSize=200 → 401 | 10ms | User=-(-) Role=- Tenant=- IP=127.0.0.1 TraceId=0HNLI3CN2SFT7:00000001 | MachineName=LVHUI-PC ThreadId=41
[2026-05-15 08:52:56.371 INF] Request finished HTTP/1.1 GET http://localhost:5146/api/tenants?page=1&pageSize=200 - 401 0 null 19.2219ms | MachineName=LVHUI-PC ThreadId=41
[2026-05-15 08:52:56.374 INF] Request starting HTTP/1.1 GET http://localhost:5146/api/books?page=1&pageSize=10 - null null | MachineName=LVHUI-PC ThreadId=35
[2026-05-15 08:52:56.383 WRN] HTTP GET /api/books?page=1&pageSize=10 → 400 | 0ms | User=-(-) Role=- Tenant=- IP=127.0.0.1 TraceId=0HNLI3CN2SFT8:00000001 | MachineName=LVHUI-PC ThreadId=35
[2026-05-15 08:52:56.388 INF] Request finished HTTP/1.1 GET http://localhost:5146/api/books?page=1&pageSize=10 - 400 null application/json; charset=utf-8 14.0184ms | MachineName=LVHUI-PC ThreadId=35
[2026-05-15 08:52:56.469 INF] Request starting HTTP/1.1 GET http://localhost:5146/api/exam-papers?page=1&pageSize=1 - null null | MachineName=LVHUI-PC ThreadId=56
[2026-05-15 08:52:56.470 INF] Request starting HTTP/1.1 GET http://localhost:5146/api/questions?page=1&pageSize=1 - null null | MachineName=LVHUI-PC ThreadId=41
[2026-05-15 08:52:56.472 INF] Request starting HTTP/1.1 GET http://localhost:5146/api/exam-papers?page=1&pageSize=5 - null null | MachineName=LVHUI-PC ThreadId=58
[2026-05-15 08:52:56.479 INF] Executing endpoint 'ExamSystem.API.Controllers.ExamPapersController.GetExamPapers (ExamSystem.API)' | MachineName=LVHUI-PC ThreadId=56
[2026-05-15 08:52:56.488 WRN] HTTP GET /api/questions?page=1&pageSize=1 → 400 | 0ms | User=-(-) Role=- Tenant=- IP=127.0.0.1 TraceId=0HNLI3CN2SFTA:00000001 | MachineName=LVHUI-PC ThreadId=41
[2026-05-15 08:52:56.492 INF] Executing endpoint 'ExamSystem.API.Controllers.ExamPapersController.GetExamPapers (ExamSystem.API)' | MachineName=LVHUI-PC ThreadId=58
[2026-05-15 08:52:56.494 INF] Route matched with {action = "GetExamPapers", controller = "ExamPapers"}. Executing controller action with signature System.Threading.Tasks.Task`1[Microsoft.AspNetCore.Mvc.IActionResult] GetExamPapers(Int32, Int32, System.Nullable`1[ExamSystem.Domain.Enums.ExamStatus], System.Threading.CancellationToken) on controller ExamSystem.API.Controllers.ExamPapersController (ExamSystem.API). | MachineName=LVHUI-PC ThreadId=56
[2026-05-15 08:52:56.499 INF] Request finished HTTP/1.1 GET http://localhost:5146/api/questions?page=1&pageSize=1 - 400 null application/json; charset=utf-8 29.0081ms | MachineName=LVHUI-PC ThreadId=41
[2026-05-15 08:52:56.503 INF] Route matched with {action = "GetExamPapers", controller = "ExamPapers"}. Executing controller action with signature System.Threading.Tasks.Task`1[Microsoft.AspNetCore.Mvc.IActionResult] GetExamPapers(Int32, Int32, System.Nullable`1[ExamSystem.Domain.Enums.ExamStatus], System.Threading.CancellationToken) on controller ExamSystem.API.Controllers.ExamPapersController (ExamSystem.API). | MachineName=LVHUI-PC ThreadId=58
[2026-05-15 08:52:56.573 INF] Executed DbCommand (66ms) [Parameters=[], CommandType='"Text"', CommandTimeout='30']
SELECT count(*)
FROM exam_papers AS e | MachineName=LVHUI-PC ThreadId=41
[2026-05-15 08:52:56.574 INF] Executed DbCommand (57ms) [Parameters=[], CommandType='"Text"', CommandTimeout='30']
SELECT count(*)
FROM exam_papers AS e | MachineName=LVHUI-PC ThreadId=58
[2026-05-15 08:52:56.640 INF] Executed DbCommand (62ms) [Parameters=[@__p_1='?' (DbType = Int32), @__p_0='?' (DbType = Int32)], CommandType='"Text"', CommandTimeout='30']
SELECT e.id, e.title, e.description, e.total_score, e.duration_minutes, e.status, e.start_time, e.end_time, e.anti_cheating_enabled, (
    SELECT count(*)::int
    FROM exam_questions AS e0
    WHERE e.id = e0.exam_paper_id), e.created_at
FROM exam_papers AS e
ORDER BY e.created_at DESC
LIMIT @__p_1 OFFSET @__p_0 | MachineName=LVHUI-PC ThreadId=58
[2026-05-15 08:52:56.644 INF] Executing OkObjectResult, writing value of type 'ExamSystem.Application.Common.Models.PaginatedResult`1[[ExamSystem.Application.ExamPapers.Queries.ExamPaperDto, ExamSystem.Application, Version=1.0.0.0, Culture=neutral, PublicKeyToken=null]]'. | MachineName=LVHUI-PC ThreadId=58
[2026-05-15 08:52:56.647 INF] Executed action ExamSystem.API.Controllers.ExamPapersController.GetExamPapers (ExamSystem.API) in 140.5087ms | MachineName=LVHUI-PC ThreadId=58
[2026-05-15 08:52:56.649 INF] Executed DbCommand (65ms) [Parameters=[@__p_1='?' (DbType = Int32), @__p_0='?' (DbType = Int32)], CommandType='"Text"', CommandTimeout='30']
SELECT e.id, e.title, e.description, e.total_score, e.duration_minutes, e.status, e.start_time, e.end_time, e.anti_cheating_enabled, (
    SELECT count(*)::int
    FROM exam_questions AS e0
    WHERE e.id = e0.exam_paper_id), e.created_at
FROM exam_papers AS e
ORDER BY e.created_at DESC
LIMIT @__p_1 OFFSET @__p_0 | MachineName=LVHUI-PC ThreadId=41
[2026-05-15 08:52:56.651 INF] Executed endpoint 'ExamSystem.API.Controllers.ExamPapersController.GetExamPapers (ExamSystem.API)' | MachineName=LVHUI-PC ThreadId=58
[2026-05-15 08:52:56.655 INF] Executing OkObjectResult, writing value of type 'ExamSystem.Application.Common.Models.PaginatedResult`1[[ExamSystem.Application.ExamPapers.Queries.ExamPaperDto, ExamSystem.Application, Version=1.0.0.0, Culture=neutral, PublicKeyToken=null]]'. | MachineName=LVHUI-PC ThreadId=41
[2026-05-15 08:52:56.657 INF] HTTP GET /api/exam-papers?page=1&pageSize=1 → 200 | 178ms | User=-(-) Role=- Tenant=- IP=127.0.0.1 TraceId=0HNLI3CN2SFT9:00000001 | MachineName=LVHUI-PC ThreadId=58
[2026-05-15 08:52:56.661 INF] Executed action ExamSystem.API.Controllers.ExamPapersController.GetExamPapers (ExamSystem.API) in 144.9652ms | MachineName=LVHUI-PC ThreadId=41
[2026-05-15 08:52:56.663 INF] Request starting HTTP/1.1 GET http://localhost:5146/api/tenants?page=1&pageSize=1 - null null | MachineName=LVHUI-PC ThreadId=63
[2026-05-15 08:52:56.665 INF] Request finished HTTP/1.1 GET http://localhost:5146/api/exam-papers?page=1&pageSize=1 - 200 null application/json; charset=utf-8 195.0849ms | MachineName=LVHUI-PC ThreadId=58
[2026-05-15 08:52:56.668 INF] Executed endpoint 'ExamSystem.API.Controllers.ExamPapersController.GetExamPapers (ExamSystem.API)' | MachineName=LVHUI-PC ThreadId=41
[2026-05-15 08:52:56.671 INF] Authorization failed. These requirements were not met:
RolesAuthorizationRequirement:User.IsInRole must be true for one of the following roles: (SuperAdmin) | MachineName=LVHUI-PC ThreadId=63
[2026-05-15 08:52:56.677 INF] HTTP GET /api/exam-papers?page=1&pageSize=5 → 200 | 185ms | User=-(-) Role=- Tenant=- IP=127.0.0.1 TraceId=0HNLI3CN2SFTB:00000001 | MachineName=LVHUI-PC ThreadId=41
[2026-05-15 08:52:56.680 INF] AuthenticationScheme: Bearer was challenged. | MachineName=LVHUI-PC ThreadId=63
[2026-05-15 08:52:56.684 INF] Request finished HTTP/1.1 GET http://localhost:5146/api/exam-papers?page=1&pageSize=5 - 200 null application/json; charset=utf-8 211.765ms | MachineName=LVHUI-PC ThreadId=41
[2026-05-15 08:52:56.688 WRN] HTTP GET /api/tenants?page=1&pageSize=1 → 401 | 16ms | User=-(-) Role=- Tenant=- IP=127.0.0.1 TraceId=0HNLI3CN2SFTC:00000001 | MachineName=LVHUI-PC ThreadId=63
[2026-05-15 08:52:56.694 INF] Request finished HTTP/1.1 GET http://localhost:5146/api/tenants?page=1&pageSize=1 - 401 0 null 31.1027ms | MachineName=LVHUI-PC ThreadId=63
[2026-05-15 08:52:56.696 INF] Request starting HTTP/1.1 GET http://localhost:5146/api/users?page=1&pageSize=1 - null null | MachineName=LVHUI-PC ThreadId=35
[2026-05-15 08:52:56.702 INF] Authorization failed. These requirements were not met:
RolesAuthorizationRequirement:User.IsInRole must be true for one of the following roles: (SuperAdmin|Admin) | MachineName=LVHUI-PC ThreadId=35
[2026-05-15 08:52:56.713 INF] AuthenticationScheme: Bearer was challenged. | MachineName=LVHUI-PC ThreadId=35
[2026-05-15 08:52:56.715 WRN] HTTP GET /api/users?page=1&pageSize=1 → 401 | 13ms | User=-(-) Role=- Tenant=- IP=127.0.0.1 TraceId=0HNLI3CN2SFTD:00000001 | MachineName=LVHUI-PC ThreadId=35
[2026-05-15 08:52:56.718 INF] Request finished HTTP/1.1 GET http://localhost:5146/api/users?page=1&pageSize=1 - 401 0 null 21.5177ms | MachineName=LVHUI-PC ThreadId=35
[2026-05-15 08:53:00.172 INF] Request starting HTTP/1.1 GET http://localhost:5146/api/exam-papers?page=1&pageSize=10 - null null | MachineName=LVHUI-PC ThreadId=58
[2026-05-15 08:53:00.179 INF] Executing endpoint 'ExamSystem.API.Controllers.ExamPapersController.GetExamPapers (ExamSystem.API)' | MachineName=LVHUI-PC ThreadId=58
[2026-05-15 08:53:00.185 INF] Route matched with {action = "GetExamPapers", controller = "ExamPapers"}. Executing controller action with signature System.Threading.Tasks.Task`1[Microsoft.AspNetCore.Mvc.IActionResult] GetExamPapers(Int32, Int32, System.Nullable`1[ExamSystem.Domain.Enums.ExamStatus], System.Threading.CancellationToken) on controller ExamSystem.API.Controllers.ExamPapersController (ExamSystem.API). | MachineName=LVHUI-PC ThreadId=58
[2026-05-15 08:53:00.260 INF] Executed DbCommand (64ms) [Parameters=[], CommandType='"Text"', CommandTimeout='30']
SELECT count(*)
FROM exam_papers AS e | MachineName=LVHUI-PC ThreadId=58
[2026-05-15 08:53:00.327 INF] Executed DbCommand (62ms) [Parameters=[@__p_1='?' (DbType = Int32), @__p_0='?' (DbType = Int32)], CommandType='"Text"', CommandTimeout='30']
SELECT e.id, e.title, e.description, e.total_score, e.duration_minutes, e.status, e.start_time, e.end_time, e.anti_cheating_enabled, (
    SELECT count(*)::int
    FROM exam_questions AS e0
    WHERE e.id = e0.exam_paper_id), e.created_at
FROM exam_papers AS e
ORDER BY e.created_at DESC
LIMIT @__p_1 OFFSET @__p_0 | MachineName=LVHUI-PC ThreadId=58
[2026-05-15 08:53:00.331 INF] Executing OkObjectResult, writing value of type 'ExamSystem.Application.Common.Models.PaginatedResult`1[[ExamSystem.Application.ExamPapers.Queries.ExamPaperDto, ExamSystem.Application, Version=1.0.0.0, Culture=neutral, PublicKeyToken=null]]'. | MachineName=LVHUI-PC ThreadId=58
[2026-05-15 08:53:00.337 INF] Executed action ExamSystem.API.Controllers.ExamPapersController.GetExamPapers (ExamSystem.API) in 141.8444ms | MachineName=LVHUI-PC ThreadId=58
[2026-05-15 08:53:00.341 INF] Executed endpoint 'ExamSystem.API.Controllers.ExamPapersController.GetExamPapers (ExamSystem.API)' | MachineName=LVHUI-PC ThreadId=58
[2026-05-15 08:53:00.346 INF] HTTP GET /api/exam-papers?page=1&pageSize=10 → 200 | 167ms | User=-(-) Role=- Tenant=- IP=127.0.0.1 TraceId=0HNLI3CN2SFTE:00000001 | MachineName=LVHUI-PC ThreadId=58
[2026-05-15 08:53:00.350 INF] Request finished HTTP/1.1 GET http://localhost:5146/api/exam-papers?page=1&pageSize=10 - 200 null application/json; charset=utf-8 177.6174ms | MachineName=LVHUI-PC ThreadId=58
[2026-05-15 08:53:07.165 INF] Request starting HTTP/1.1 GET http://localhost:5146/api/books?page=1&pageSize=10 - null null | MachineName=LVHUI-PC ThreadId=35
[2026-05-15 08:53:07.165 INF] Request starting HTTP/1.1 GET http://localhost:5146/api/tenants?page=1&pageSize=200 - null null | MachineName=LVHUI-PC ThreadId=63
[2026-05-15 08:53:07.171 WRN] HTTP GET /api/books?page=1&pageSize=10 → 400 | 0ms | User=-(-) Role=- Tenant=- IP=127.0.0.1 TraceId=0HNLI3CN2SFTF:00000001 | MachineName=LVHUI-PC ThreadId=35
[2026-05-15 08:53:07.175 INF] Authorization failed. These requirements were not met:
RolesAuthorizationRequirement:User.IsInRole must be true for one of the following roles: (SuperAdmin) | MachineName=LVHUI-PC ThreadId=63
[2026-05-15 08:53:07.177 INF] Request finished HTTP/1.1 GET http://localhost:5146/api/books?page=1&pageSize=10 - 400 null application/json; charset=utf-8 12.0744ms | MachineName=LVHUI-PC ThreadId=35
[2026-05-15 08:53:07.182 INF] AuthenticationScheme: Bearer was challenged. | MachineName=LVHUI-PC ThreadId=63
[2026-05-15 08:53:07.190 WRN] HTTP GET /api/tenants?page=1&pageSize=200 → 401 | 15ms | User=-(-) Role=- Tenant=- IP=127.0.0.1 TraceId=0HNLI3CN2SFTG:00000001 | MachineName=LVHUI-PC ThreadId=63
[2026-05-15 08:53:07.194 INF] Request finished HTTP/1.1 GET http://localhost:5146/api/tenants?page=1&pageSize=200 - 401 0 null 29.0452ms | MachineName=LVHUI-PC ThreadId=63
[2026-05-15 08:53:07.255 INF] Request starting HTTP/1.1 GET http://localhost:5146/api/exam-papers?page=1&pageSize=1 - null null | MachineName=LVHUI-PC ThreadId=35
[2026-05-15 08:53:07.255 INF] Request starting HTTP/1.1 GET http://localhost:5146/api/questions?page=1&pageSize=1 - null null | MachineName=LVHUI-PC ThreadId=58
[2026-05-15 08:53:07.258 INF] Executing endpoint 'ExamSystem.API.Controllers.ExamPapersController.GetExamPapers (ExamSystem.API)' | MachineName=LVHUI-PC ThreadId=35
[2026-05-15 08:53:07.263 WRN] HTTP GET /api/questions?page=1&pageSize=1 → 400 | 0ms | User=-(-) Role=- Tenant=- IP=127.0.0.1 TraceId=0HNLI3CN2SFTI:00000001 | MachineName=LVHUI-PC ThreadId=58
[2026-05-15 08:53:07.266 INF] Route matched with {action = "GetExamPapers", controller = "ExamPapers"}. Executing controller action with signature System.Threading.Tasks.Task`1[Microsoft.AspNetCore.Mvc.IActionResult] GetExamPapers(Int32, Int32, System.Nullable`1[ExamSystem.Domain.Enums.ExamStatus], System.Threading.CancellationToken) on controller ExamSystem.API.Controllers.ExamPapersController (ExamSystem.API). | MachineName=LVHUI-PC ThreadId=35
[2026-05-15 08:53:07.269 INF] Request finished HTTP/1.1 GET http://localhost:5146/api/questions?page=1&pageSize=1 - 400 null application/json; charset=utf-8 14.2861ms | MachineName=LVHUI-PC ThreadId=58
[2026-05-15 08:53:07.339 INF] Executed DbCommand (65ms) [Parameters=[], CommandType='"Text"', CommandTimeout='30']
SELECT count(*)
FROM exam_papers AS e | MachineName=LVHUI-PC ThreadId=58
[2026-05-15 08:53:07.406 INF] Executed DbCommand (64ms) [Parameters=[@__p_1='?' (DbType = Int32), @__p_0='?' (DbType = Int32)], CommandType='"Text"', CommandTimeout='30']
SELECT e.id, e.title, e.description, e.total_score, e.duration_minutes, e.status, e.start_time, e.end_time, e.anti_cheating_enabled, (
    SELECT count(*)::int
    FROM exam_questions AS e0
    WHERE e.id = e0.exam_paper_id), e.created_at
FROM exam_papers AS e
ORDER BY e.created_at DESC
LIMIT @__p_1 OFFSET @__p_0 | MachineName=LVHUI-PC ThreadId=58
[2026-05-15 08:53:07.412 INF] Executing OkObjectResult, writing value of type 'ExamSystem.Application.Common.Models.PaginatedResult`1[[ExamSystem.Application.ExamPapers.Queries.ExamPaperDto, ExamSystem.Application, Version=1.0.0.0, Culture=neutral, PublicKeyToken=null]]'. | MachineName=LVHUI-PC ThreadId=58
[2026-05-15 08:53:07.417 INF] Executed action ExamSystem.API.Controllers.ExamPapersController.GetExamPapers (ExamSystem.API) in 144.2715ms | MachineName=LVHUI-PC ThreadId=58
[2026-05-15 08:53:07.422 INF] Executed endpoint 'ExamSystem.API.Controllers.ExamPapersController.GetExamPapers (ExamSystem.API)' | MachineName=LVHUI-PC ThreadId=58
[2026-05-15 08:53:07.431 INF] HTTP GET /api/exam-papers?page=1&pageSize=1 → 200 | 172ms | User=-(-) Role=- Tenant=- IP=127.0.0.1 TraceId=0HNLI3CN2SFTH:00000001 | MachineName=LVHUI-PC ThreadId=58
[2026-05-15 08:53:07.433 INF] Request finished HTTP/1.1 GET http://localhost:5146/api/exam-papers?page=1&pageSize=1 - 200 null application/json; charset=utf-8 178.1787ms | MachineName=LVHUI-PC ThreadId=58
[2026-05-15 08:53:07.564 INF] Request starting HTTP/1.1 GET http://localhost:5146/api/exam-papers?page=1&pageSize=5 - null null | MachineName=LVHUI-PC ThreadId=63
[2026-05-15 08:53:07.569 INF] Executing endpoint 'ExamSystem.API.Controllers.ExamPapersController.GetExamPapers (ExamSystem.API)' | MachineName=LVHUI-PC ThreadId=63
[2026-05-15 08:53:07.573 INF] Route matched with {action = "GetExamPapers", controller = "ExamPapers"}. Executing controller action with signature System.Threading.Tasks.Task`1[Microsoft.AspNetCore.Mvc.IActionResult] GetExamPapers(Int32, Int32, System.Nullable`1[ExamSystem.Domain.Enums.ExamStatus], System.Threading.CancellationToken) on controller ExamSystem.API.Controllers.ExamPapersController (ExamSystem.API). | MachineName=LVHUI-PC ThreadId=63
[2026-05-15 08:53:07.582 INF] Request starting HTTP/1.1 GET http://localhost:5146/api/tenants?page=1&pageSize=1 - null null | MachineName=LVHUI-PC ThreadId=63
[2026-05-15 08:53:07.583 INF] Request starting HTTP/1.1 GET http://localhost:5146/api/users?page=1&pageSize=1 - null null | MachineName=LVHUI-PC ThreadId=35
[2026-05-15 08:53:07.588 INF] Authorization failed. These requirements were not met:
RolesAuthorizationRequirement:User.IsInRole must be true for one of the following roles: (SuperAdmin) | MachineName=LVHUI-PC ThreadId=63
[2026-05-15 08:53:07.591 INF] Authorization failed. These requirements were not met:
RolesAuthorizationRequirement:User.IsInRole must be true for one of the following roles: (SuperAdmin|Admin) | MachineName=LVHUI-PC ThreadId=35
[2026-05-15 08:53:07.594 INF] AuthenticationScheme: Bearer was challenged. | MachineName=LVHUI-PC ThreadId=63
[2026-05-15 08:53:07.596 INF] AuthenticationScheme: Bearer was challenged. | MachineName=LVHUI-PC ThreadId=35
[2026-05-15 08:53:07.598 WRN] HTTP GET /api/tenants?page=1&pageSize=1 → 401 | 9ms | User=-(-) Role=- Tenant=- IP=127.0.0.1 TraceId=0HNLI3CN2SFTK:00000001 | MachineName=LVHUI-PC ThreadId=63
[2026-05-15 08:53:07.601 WRN] HTTP GET /api/users?page=1&pageSize=1 → 401 | 9ms | User=-(-) Role=- Tenant=- IP=127.0.0.1 TraceId=0HNLI3CN2SFTL:00000001 | MachineName=LVHUI-PC ThreadId=35
[2026-05-15 08:53:07.603 INF] Request finished HTTP/1.1 GET http://localhost:5146/api/tenants?page=1&pageSize=1 - 401 0 null 21.0695ms | MachineName=LVHUI-PC ThreadId=63
[2026-05-15 08:53:07.606 INF] Request finished HTTP/1.1 GET http://localhost:5146/api/users?page=1&pageSize=1 - 401 0 null 23.2853ms | MachineName=LVHUI-PC ThreadId=35
[2026-05-15 08:53:07.642 INF] Executed DbCommand (62ms) [Parameters=[], CommandType='"Text"', CommandTimeout='30']
SELECT count(*)
FROM exam_papers AS e | MachineName=LVHUI-PC ThreadId=35
[2026-05-15 08:53:07.711 INF] Executed DbCommand (65ms) [Parameters=[@__p_1='?' (DbType = Int32), @__p_0='?' (DbType = Int32)], CommandType='"Text"', CommandTimeout='30']
SELECT e.id, e.title, e.description, e.total_score, e.duration_minutes, e.status, e.start_time, e.end_time, e.anti_cheating_enabled, (
    SELECT count(*)::int
    FROM exam_questions AS e0
    WHERE e.id = e0.exam_paper_id), e.created_at
FROM exam_papers AS e
ORDER BY e.created_at DESC
LIMIT @__p_1 OFFSET @__p_0 | MachineName=LVHUI-PC ThreadId=35
[2026-05-15 08:53:07.717 INF] Executing OkObjectResult, writing value of type 'ExamSystem.Application.Common.Models.PaginatedResult`1[[ExamSystem.Application.ExamPapers.Queries.ExamPaperDto, ExamSystem.Application, Version=1.0.0.0, Culture=neutral, PublicKeyToken=null]]'. | MachineName=LVHUI-PC ThreadId=35
[2026-05-15 08:53:07.724 INF] Executed action ExamSystem.API.Controllers.ExamPapersController.GetExamPapers (ExamSystem.API) in 144.53ms | MachineName=LVHUI-PC ThreadId=35
[2026-05-15 08:53:07.730 INF] Executed endpoint 'ExamSystem.API.Controllers.ExamPapersController.GetExamPapers (ExamSystem.API)' | MachineName=LVHUI-PC ThreadId=35
[2026-05-15 08:53:07.736 INF] HTTP GET /api/exam-papers?page=1&pageSize=5 → 200 | 167ms | User=-(-) Role=- Tenant=- IP=127.0.0.1 TraceId=0HNLI3CN2SFTJ:00000001 | MachineName=LVHUI-PC ThreadId=35
[2026-05-15 08:53:07.740 INF] Request finished HTTP/1.1 GET http://localhost:5146/api/exam-papers?page=1&pageSize=5 - 200 null application/json; charset=utf-8 175.8948ms | MachineName=LVHUI-PC ThreadId=35
[2026-05-15 08:53:08.864 INF] Request starting HTTP/1.1 GET http://localhost:5146/api/questions?page=1&pageSize=20 - null null | MachineName=LVHUI-PC ThreadId=58
[2026-05-15 08:53:08.869 WRN] HTTP GET /api/questions?page=1&pageSize=20 → 400 | 0ms | User=-(-) Role=- Tenant=- IP=127.0.0.1 TraceId=0HNLI3CN2SFTM:00000001 | MachineName=LVHUI-PC ThreadId=58
[2026-05-15 08:53:08.875 INF] Request finished HTTP/1.1 GET http://localhost:5146/api/questions?page=1&pageSize=20 - 400 null application/json; charset=utf-8 10.9497ms | MachineName=LVHUI-PC ThreadId=58
[2026-05-15 08:53:11.273 INF] Request starting HTTP/1.1 GET http://localhost:5146/api/books?page=1&pageSize=10 - null null | MachineName=LVHUI-PC ThreadId=58
[2026-05-15 08:53:11.290 WRN] HTTP GET /api/books?page=1&pageSize=10 → 400 | 0ms | User=-(-) Role=- Tenant=- IP=127.0.0.1 TraceId=0HNLI3CN2SFTN:00000001 | MachineName=LVHUI-PC ThreadId=58
[2026-05-15 08:53:11.298 INF] Request finished HTTP/1.1 GET http://localhost:5146/api/books?page=1&pageSize=10 - 400 null application/json; charset=utf-8 24.6223ms | MachineName=LVHUI-PC ThreadId=58
[2026-05-15 08:53:11.576 INF] Request starting HTTP/1.1 GET http://localhost:5146/api/tenants?page=1&pageSize=200 - null null | MachineName=LVHUI-PC ThreadId=63
[2026-05-15 08:53:11.583 INF] Authorization failed. These requirements were not met:
RolesAuthorizationRequirement:User.IsInRole must be true for one of the following roles: (SuperAdmin) | MachineName=LVHUI-PC ThreadId=63
[2026-05-15 08:53:11.593 INF] AuthenticationScheme: Bearer was challenged. | MachineName=LVHUI-PC ThreadId=63
[2026-05-15 08:53:11.598 WRN] HTTP GET /api/tenants?page=1&pageSize=200 → 401 | 15ms | User=-(-) Role=- Tenant=- IP=127.0.0.1 TraceId=0HNLI3CN2SFTO:00000001 | MachineName=LVHUI-PC ThreadId=63
[2026-05-15 08:53:11.603 INF] Request finished HTTP/1.1 GET http://localhost:5146/api/tenants?page=1&pageSize=200 - 401 0 null 26.405ms | MachineName=LVHUI-PC ThreadId=63
[2026-05-15 08:53:11.940 INF] Request starting HTTP/1.1 GET http://localhost:5146/api/exam-papers?page=1&pageSize=1 - null null | MachineName=LVHUI-PC ThreadId=58
[2026-05-15 08:53:11.947 INF] Executing endpoint 'ExamSystem.API.Controllers.ExamPapersController.GetExamPapers (ExamSystem.API)' | MachineName=LVHUI-PC ThreadId=58
[2026-05-15 08:53:11.953 INF] Route matched with {action = "GetExamPapers", controller = "ExamPapers"}. Executing controller action with signature System.Threading.Tasks.Task`1[Microsoft.AspNetCore.Mvc.IActionResult] GetExamPapers(Int32, Int32, System.Nullable`1[ExamSystem.Domain.Enums.ExamStatus], System.Threading.CancellationToken) on controller ExamSystem.API.Controllers.ExamPapersController (ExamSystem.API). | MachineName=LVHUI-PC ThreadId=58
[2026-05-15 08:53:12.016 INF] Executed DbCommand (58ms) [Parameters=[], CommandType='"Text"', CommandTimeout='30']
SELECT count(*)
FROM exam_papers AS e | MachineName=LVHUI-PC ThreadId=58
[2026-05-15 08:53:12.082 INF] Executed DbCommand (62ms) [Parameters=[@__p_1='?' (DbType = Int32), @__p_0='?' (DbType = Int32)], CommandType='"Text"', CommandTimeout='30']
SELECT e.id, e.title, e.description, e.total_score, e.duration_minutes, e.status, e.start_time, e.end_time, e.anti_cheating_enabled, (
    SELECT count(*)::int
    FROM exam_questions AS e0
    WHERE e.id = e0.exam_paper_id), e.created_at
FROM exam_papers AS e
ORDER BY e.created_at DESC
LIMIT @__p_1 OFFSET @__p_0 | MachineName=LVHUI-PC ThreadId=58
[2026-05-15 08:53:12.092 INF] Request starting HTTP/1.1 GET http://localhost:5146/api/questions?page=1&pageSize=1 - null null | MachineName=LVHUI-PC ThreadId=41
[2026-05-15 08:53:12.093 INF] Request starting HTTP/1.1 GET http://localhost:5146/api/exam-papers?page=1&pageSize=5 - null null | MachineName=LVHUI-PC ThreadId=35
[2026-05-15 08:53:12.095 INF] Executing OkObjectResult, writing value of type 'ExamSystem.Application.Common.Models.PaginatedResult`1[[ExamSystem.Application.ExamPapers.Queries.ExamPaperDto, ExamSystem.Application, Version=1.0.0.0, Culture=neutral, PublicKeyToken=null]]'. | MachineName=LVHUI-PC ThreadId=58
[2026-05-15 08:53:12.105 WRN] HTTP GET /api/questions?page=1&pageSize=1 → 400 | 0ms | User=-(-) Role=- Tenant=- IP=127.0.0.1 TraceId=0HNLI3CN2SFTQ:00000001 | MachineName=LVHUI-PC ThreadId=41
[2026-05-15 08:53:12.111 INF] Executing endpoint 'ExamSystem.API.Controllers.ExamPapersController.GetExamPapers (ExamSystem.API)' | MachineName=LVHUI-PC ThreadId=35
[2026-05-15 08:53:12.116 INF] Executed action ExamSystem.API.Controllers.ExamPapersController.GetExamPapers (ExamSystem.API) in 157.6307ms | MachineName=LVHUI-PC ThreadId=58
[2026-05-15 08:53:12.121 INF] Request finished HTTP/1.1 GET http://localhost:5146/api/questions?page=1&pageSize=1 - 400 null application/json; charset=utf-8 29.1742ms | MachineName=LVHUI-PC ThreadId=41
[2026-05-15 08:53:12.125 INF] Route matched with {action = "GetExamPapers", controller = "ExamPapers"}. Executing controller action with signature System.Threading.Tasks.Task`1[Microsoft.AspNetCore.Mvc.IActionResult] GetExamPapers(Int32, Int32, System.Nullable`1[ExamSystem.Domain.Enums.ExamStatus], System.Threading.CancellationToken) on controller ExamSystem.API.Controllers.ExamPapersController (ExamSystem.API). | MachineName=LVHUI-PC ThreadId=35
[2026-05-15 08:53:12.126 INF] Request starting HTTP/1.1 GET http://localhost:5146/api/tenants?page=1&pageSize=1 - null null | MachineName=LVHUI-PC ThreadId=56
[2026-05-15 08:53:12.128 INF] Executed endpoint 'ExamSystem.API.Controllers.ExamPapersController.GetExamPapers (ExamSystem.API)' | MachineName=LVHUI-PC ThreadId=58
[2026-05-15 08:53:12.141 INF] Authorization failed. These requirements were not met:
RolesAuthorizationRequirement:User.IsInRole must be true for one of the following roles: (SuperAdmin) | MachineName=LVHUI-PC ThreadId=56
[2026-05-15 08:53:12.143 INF] HTTP GET /api/exam-papers?page=1&pageSize=1 → 200 | 196ms | User=-(-) Role=- Tenant=- IP=127.0.0.1 TraceId=0HNLI3CN2SFTP:00000001 | MachineName=LVHUI-PC ThreadId=58
[2026-05-15 08:53:12.146 INF] AuthenticationScheme: Bearer was challenged. | MachineName=LVHUI-PC ThreadId=56
[2026-05-15 08:53:12.149 INF] Request finished HTTP/1.1 GET http://localhost:5146/api/exam-papers?page=1&pageSize=1 - 200 null application/json; charset=utf-8 209.4576ms | MachineName=LVHUI-PC ThreadId=58
[2026-05-15 08:53:12.153 WRN] HTTP GET /api/tenants?page=1&pageSize=1 → 401 | 12ms | User=-(-) Role=- Tenant=- IP=127.0.0.1 TraceId=0HNLI3CN2SFTS:00000001 | MachineName=LVHUI-PC ThreadId=56
[2026-05-15 08:53:12.159 INF] Request finished HTTP/1.1 GET http://localhost:5146/api/tenants?page=1&pageSize=1 - 401 0 null 33.1349ms | MachineName=LVHUI-PC ThreadId=56
[2026-05-15 08:53:12.198 INF] Request starting HTTP/1.1 GET http://localhost:5146/api/users?page=1&pageSize=1 - null null | MachineName=LVHUI-PC ThreadId=56
[2026-05-15 08:53:12.200 INF] Authorization failed. These requirements were not met:
RolesAuthorizationRequirement:User.IsInRole must be true for one of the following roles: (SuperAdmin|Admin) | MachineName=LVHUI-PC ThreadId=56
[2026-05-15 08:53:12.202 INF] Executed DbCommand (65ms) [Parameters=[], CommandType='"Text"', CommandTimeout='30']
SELECT count(*)
FROM exam_papers AS e | MachineName=LVHUI-PC ThreadId=63
[2026-05-15 08:53:12.203 INF] AuthenticationScheme: Bearer was challenged. | MachineName=LVHUI-PC ThreadId=56
[2026-05-15 08:53:12.208 WRN] HTTP GET /api/users?page=1&pageSize=1 → 401 | 7ms | User=-(-) Role=- Tenant=- IP=127.0.0.1 TraceId=0HNLI3CN2SFTT:00000001 | MachineName=LVHUI-PC ThreadId=56
[2026-05-15 08:53:12.211 INF] Request finished HTTP/1.1 GET http://localhost:5146/api/users?page=1&pageSize=1 - 401 0 null 12.4952ms | MachineName=LVHUI-PC ThreadId=56
[2026-05-15 08:53:12.264 INF] Executed DbCommand (58ms) [Parameters=[@__p_1='?' (DbType = Int32), @__p_0='?' (DbType = Int32)], CommandType='"Text"', CommandTimeout='30']
SELECT e.id, e.title, e.description, e.total_score, e.duration_minutes, e.status, e.start_time, e.end_time, e.anti_cheating_enabled, (
    SELECT count(*)::int
    FROM exam_questions AS e0
    WHERE e.id = e0.exam_paper_id), e.created_at
FROM exam_papers AS e
ORDER BY e.created_at DESC
LIMIT @__p_1 OFFSET @__p_0 | MachineName=LVHUI-PC ThreadId=56
[2026-05-15 08:53:12.267 INF] Executing OkObjectResult, writing value of type 'ExamSystem.Application.Common.Models.PaginatedResult`1[[ExamSystem.Application.ExamPapers.Queries.ExamPaperDto, ExamSystem.Application, Version=1.0.0.0, Culture=neutral, PublicKeyToken=null]]'. | MachineName=LVHUI-PC ThreadId=56
[2026-05-15 08:53:12.269 INF] Executed action ExamSystem.API.Controllers.ExamPapersController.GetExamPapers (ExamSystem.API) in 132.982ms | MachineName=LVHUI-PC ThreadId=56
[2026-05-15 08:53:12.272 INF] Executed endpoint 'ExamSystem.API.Controllers.ExamPapersController.GetExamPapers (ExamSystem.API)' | MachineName=LVHUI-PC ThreadId=56
[2026-05-15 08:53:12.275 INF] HTTP GET /api/exam-papers?page=1&pageSize=5 → 200 | 165ms | User=-(-) Role=- Tenant=- IP=127.0.0.1 TraceId=0HNLI3CN2SFTR:00000001 | MachineName=LVHUI-PC ThreadId=56
[2026-05-15 08:53:12.278 INF] Request finished HTTP/1.1 GET http://localhost:5146/api/exam-papers?page=1&pageSize=5 - 200 null application/json; charset=utf-8 184.4866ms | MachineName=LVHUI-PC ThreadId=56
[2026-05-15 08:53:14.658 INF] Request starting HTTP/1.1 GET http://localhost:5146/api/messages/inbox?page=1&pageSize=10 - null null | MachineName=LVHUI-PC ThreadId=63
[2026-05-15 08:53:14.664 WRN] HTTP GET /api/messages/inbox?page=1&pageSize=10 → 400 | 0ms | User=-(-) Role=- Tenant=- IP=127.0.0.1 TraceId=0HNLI3CN2SFTU:00000001 | MachineName=LVHUI-PC ThreadId=63
[2026-05-15 08:53:14.674 INF] Request finished HTTP/1.1 GET http://localhost:5146/api/messages/inbox?page=1&pageSize=10 - 400 null application/json; charset=utf-8 16.2039ms | MachineName=LVHUI-PC ThreadId=63
[2026-05-15 08:53:14.964 INF] Request starting HTTP/1.1 GET http://localhost:5146/api/tenants?page=1&pageSize=200 - null null | MachineName=LVHUI-PC ThreadId=58
[2026-05-15 08:53:14.969 INF] Authorization failed. These requirements were not met:
RolesAuthorizationRequirement:User.IsInRole must be true for one of the following roles: (SuperAdmin) | MachineName=LVHUI-PC ThreadId=58
[2026-05-15 08:53:14.973 INF] AuthenticationScheme: Bearer was challenged. | MachineName=LVHUI-PC ThreadId=58
[2026-05-15 08:53:14.979 WRN] HTTP GET /api/tenants?page=1&pageSize=200 → 401 | 10ms | User=-(-) Role=- Tenant=- IP=127.0.0.1 TraceId=0HNLI3CN2SFTV:00000001 | MachineName=LVHUI-PC ThreadId=58
[2026-05-15 08:53:14.985 INF] Request finished HTTP/1.1 GET http://localhost:5146/api/tenants?page=1&pageSize=200 - 401 0 null 20.576ms | MachineName=LVHUI-PC ThreadId=58
[2026-05-15 08:53:15.321 INF] Request starting HTTP/1.1 GET http://localhost:5146/api/exam-papers?page=1&pageSize=1 - null null | MachineName=LVHUI-PC ThreadId=58
[2026-05-15 08:53:15.327 INF] Executing endpoint 'ExamSystem.API.Controllers.ExamPapersController.GetExamPapers (ExamSystem.API)' | MachineName=LVHUI-PC ThreadId=58
[2026-05-15 08:53:15.333 INF] Route matched with {action = "GetExamPapers", controller = "ExamPapers"}. Executing controller action with signature System.Threading.Tasks.Task`1[Microsoft.AspNetCore.Mvc.IActionResult] GetExamPapers(Int32, Int32, System.Nullable`1[ExamSystem.Domain.Enums.ExamStatus], System.Threading.CancellationToken) on controller ExamSystem.API.Controllers.ExamPapersController (ExamSystem.API). | MachineName=LVHUI-PC ThreadId=58
[2026-05-15 08:53:15.402 INF] Executed DbCommand (62ms) [Parameters=[], CommandType='"Text"', CommandTimeout='30']
SELECT count(*)
FROM exam_papers AS e | MachineName=LVHUI-PC ThreadId=58
[2026-05-15 08:53:15.473 INF] Executed DbCommand (65ms) [Parameters=[@__p_1='?' (DbType = Int32), @__p_0='?' (DbType = Int32)], CommandType='"Text"', CommandTimeout='30']
SELECT e.id, e.title, e.description, e.total_score, e.duration_minutes, e.status, e.start_time, e.end_time, e.anti_cheating_enabled, (
    SELECT count(*)::int
    FROM exam_questions AS e0
    WHERE e.id = e0.exam_paper_id), e.created_at
FROM exam_papers AS e
ORDER BY e.created_at DESC
LIMIT @__p_1 OFFSET @__p_0 | MachineName=LVHUI-PC ThreadId=63
[2026-05-15 08:53:15.476 INF] Request starting HTTP/1.1 GET http://localhost:5146/api/questions?page=1&pageSize=1 - null null | MachineName=LVHUI-PC ThreadId=35
[2026-05-15 08:53:15.476 INF] Request starting HTTP/1.1 GET http://localhost:5146/api/exam-papers?page=1&pageSize=5 - null null | MachineName=LVHUI-PC ThreadId=41
[2026-05-15 08:53:15.480 INF] Executing OkObjectResult, writing value of type 'ExamSystem.Application.Common.Models.PaginatedResult`1[[ExamSystem.Application.ExamPapers.Queries.ExamPaperDto, ExamSystem.Application, Version=1.0.0.0, Culture=neutral, PublicKeyToken=null]]'. | MachineName=LVHUI-PC ThreadId=63
[2026-05-15 08:53:15.484 WRN] HTTP GET /api/questions?page=1&pageSize=1 → 400 | 0ms | User=-(-) Role=- Tenant=- IP=127.0.0.1 TraceId=0HNLI3CN2SFU1:00000001 | MachineName=LVHUI-PC ThreadId=35
[2026-05-15 08:53:15.489 INF] Executing endpoint 'ExamSystem.API.Controllers.ExamPapersController.GetExamPapers (ExamSystem.API)' | MachineName=LVHUI-PC ThreadId=41
[2026-05-15 08:53:15.495 INF] Executed action ExamSystem.API.Controllers.ExamPapersController.GetExamPapers (ExamSystem.API) in 154.9088ms | MachineName=LVHUI-PC ThreadId=63
[2026-05-15 08:53:15.499 INF] Request finished HTTP/1.1 GET http://localhost:5146/api/questions?page=1&pageSize=1 - 400 null application/json; charset=utf-8 22.6864ms | MachineName=LVHUI-PC ThreadId=35
[2026-05-15 08:53:15.503 INF] Route matched with {action = "GetExamPapers", controller = "ExamPapers"}. Executing controller action with signature System.Threading.Tasks.Task`1[Microsoft.AspNetCore.Mvc.IActionResult] GetExamPapers(Int32, Int32, System.Nullable`1[ExamSystem.Domain.Enums.ExamStatus], System.Threading.CancellationToken) on controller ExamSystem.API.Controllers.ExamPapersController (ExamSystem.API). | MachineName=LVHUI-PC ThreadId=41
[2026-05-15 08:53:15.505 INF] Request starting HTTP/1.1 GET http://localhost:5146/api/tenants?page=1&pageSize=1 - null null | MachineName=LVHUI-PC ThreadId=58
[2026-05-15 08:53:15.508 INF] Executed endpoint 'ExamSystem.API.Controllers.ExamPapersController.GetExamPapers (ExamSystem.API)' | MachineName=LVHUI-PC ThreadId=63
[2026-05-15 08:53:15.519 INF] Authorization failed. These requirements were not met:
RolesAuthorizationRequirement:User.IsInRole must be true for one of the following roles: (SuperAdmin) | MachineName=LVHUI-PC ThreadId=58
[2026-05-15 08:53:15.522 INF] HTTP GET /api/exam-papers?page=1&pageSize=1 → 200 | 195ms | User=-(-) Role=- Tenant=- IP=127.0.0.1 TraceId=0HNLI3CN2SFU0:00000001 | MachineName=LVHUI-PC ThreadId=63
[2026-05-15 08:53:15.524 INF] AuthenticationScheme: Bearer was challenged. | MachineName=LVHUI-PC ThreadId=58
[2026-05-15 08:53:15.526 INF] Request finished HTTP/1.1 GET http://localhost:5146/api/exam-papers?page=1&pageSize=1 - 200 null application/json; charset=utf-8 205.7975ms | MachineName=LVHUI-PC ThreadId=63
[2026-05-15 08:53:15.530 WRN] HTTP GET /api/tenants?page=1&pageSize=1 → 401 | 10ms | User=-(-) Role=- Tenant=- IP=127.0.0.1 TraceId=0HNLI3CN2SFU3:00000001 | MachineName=LVHUI-PC ThreadId=58
[2026-05-15 08:53:15.537 INF] Request finished HTTP/1.1 GET http://localhost:5146/api/tenants?page=1&pageSize=1 - 401 0 null 32.4591ms | MachineName=LVHUI-PC ThreadId=58
[2026-05-15 08:53:15.574 INF] Executed DbCommand (58ms) [Parameters=[], CommandType='"Text"', CommandTimeout='30']
SELECT count(*)
FROM exam_papers AS e | MachineName=LVHUI-PC ThreadId=58
[2026-05-15 08:53:15.583 INF] Request starting HTTP/1.1 GET http://localhost:5146/api/users?page=1&pageSize=1 - null null | MachineName=LVHUI-PC ThreadId=63
[2026-05-15 08:53:15.586 INF] Authorization failed. These requirements were not met:
RolesAuthorizationRequirement:User.IsInRole must be true for one of the following roles: (SuperAdmin|Admin) | MachineName=LVHUI-PC ThreadId=63
[2026-05-15 08:53:15.588 INF] AuthenticationScheme: Bearer was challenged. | MachineName=LVHUI-PC ThreadId=63
[2026-05-15 08:53:15.590 WRN] HTTP GET /api/users?page=1&pageSize=1 → 401 | 4ms | User=-(-) Role=- Tenant=- IP=127.0.0.1 TraceId=0HNLI3CN2SFU4:00000001 | MachineName=LVHUI-PC ThreadId=63
[2026-05-15 08:53:15.593 INF] Request finished HTTP/1.1 GET http://localhost:5146/api/users?page=1&pageSize=1 - 401 0 null 9.0841ms | MachineName=LVHUI-PC ThreadId=63
[2026-05-15 08:53:15.638 INF] Executed DbCommand (62ms) [Parameters=[@__p_1='?' (DbType = Int32), @__p_0='?' (DbType = Int32)], CommandType='"Text"', CommandTimeout='30']
SELECT e.id, e.title, e.description, e.total_score, e.duration_minutes, e.status, e.start_time, e.end_time, e.anti_cheating_enabled, (
    SELECT count(*)::int
    FROM exam_questions AS e0
    WHERE e.id = e0.exam_paper_id), e.created_at
FROM exam_papers AS e
ORDER BY e.created_at DESC
LIMIT @__p_1 OFFSET @__p_0 | MachineName=LVHUI-PC ThreadId=63
[2026-05-15 08:53:15.641 INF] Executing OkObjectResult, writing value of type 'ExamSystem.Application.Common.Models.PaginatedResult`1[[ExamSystem.Application.ExamPapers.Queries.ExamPaperDto, ExamSystem.Application, Version=1.0.0.0, Culture=neutral, PublicKeyToken=null]]'. | MachineName=LVHUI-PC ThreadId=63
[2026-05-15 08:53:15.645 INF] Executed action ExamSystem.API.Controllers.ExamPapersController.GetExamPapers (ExamSystem.API) in 130.1937ms | MachineName=LVHUI-PC ThreadId=63
[2026-05-15 08:53:15.650 INF] Executed endpoint 'ExamSystem.API.Controllers.ExamPapersController.GetExamPapers (ExamSystem.API)' | MachineName=LVHUI-PC ThreadId=63
[2026-05-15 08:53:15.654 INF] HTTP GET /api/exam-papers?page=1&pageSize=5 → 200 | 164ms | User=-(-) Role=- Tenant=- IP=127.0.0.1 TraceId=0HNLI3CN2SFU2:00000001 | MachineName=LVHUI-PC ThreadId=63
[2026-05-15 08:53:15.658 INF] Request finished HTTP/1.1 GET http://localhost:5146/api/exam-papers?page=1&pageSize=5 - 200 null application/json; charset=utf-8 181.9834ms | MachineName=LVHUI-PC ThreadId=63
[2026-05-15 08:53:17.541 INF] Request starting HTTP/1.1 GET http://localhost:5146/api/audit-logs?page=1&pageSize=20 - null null | MachineName=LVHUI-PC ThreadId=58
[2026-05-15 08:53:17.548 WRN] HTTP GET /api/audit-logs?page=1&pageSize=20 → 400 | 0ms | User=-(-) Role=- Tenant=- IP=127.0.0.1 TraceId=0HNLI3CN2SFU5:00000001 | MachineName=LVHUI-PC ThreadId=58
[2026-05-15 08:53:17.552 INF] Request finished HTTP/1.1 GET http://localhost:5146/api/audit-logs?page=1&pageSize=20 - 400 null application/json; charset=utf-8 11.296ms | MachineName=LVHUI-PC ThreadId=58
[2026-05-15 08:53:17.855 INF] Request starting HTTP/1.1 GET http://localhost:5146/api/tenants?page=1&pageSize=200 - null null | MachineName=LVHUI-PC ThreadId=41
[2026-05-15 08:53:17.859 INF] Authorization failed. These requirements were not met:
RolesAuthorizationRequirement:User.IsInRole must be true for one of the following roles: (SuperAdmin) | MachineName=LVHUI-PC ThreadId=41
[2026-05-15 08:53:17.865 INF] AuthenticationScheme: Bearer was challenged. | MachineName=LVHUI-PC ThreadId=41
[2026-05-15 08:53:17.873 WRN] HTTP GET /api/tenants?page=1&pageSize=200 → 401 | 13ms | User=-(-) Role=- Tenant=- IP=127.0.0.1 TraceId=0HNLI3CN2SFU6:00000001 | MachineName=LVHUI-PC ThreadId=41
[2026-05-15 08:53:17.879 INF] Request finished HTTP/1.1 GET http://localhost:5146/api/tenants?page=1&pageSize=200 - 401 0 null 23.7731ms | MachineName=LVHUI-PC ThreadId=41
[2026-05-15 08:53:18.209 INF] Request starting HTTP/1.1 GET http://localhost:5146/api/exam-papers?page=1&pageSize=1 - null null | MachineName=LVHUI-PC ThreadId=63
[2026-05-15 08:53:18.217 INF] Executing endpoint 'ExamSystem.API.Controllers.ExamPapersController.GetExamPapers (ExamSystem.API)' | MachineName=LVHUI-PC ThreadId=63
[2026-05-15 08:53:18.222 INF] Route matched with {action = "GetExamPapers", controller = "ExamPapers"}. Executing controller action with signature System.Threading.Tasks.Task`1[Microsoft.AspNetCore.Mvc.IActionResult] GetExamPapers(Int32, Int32, System.Nullable`1[ExamSystem.Domain.Enums.ExamStatus], System.Threading.CancellationToken) on controller ExamSystem.API.Controllers.ExamPapersController (ExamSystem.API). | MachineName=LVHUI-PC ThreadId=63
[2026-05-15 08:53:18.291 INF] Executed DbCommand (65ms) [Parameters=[], CommandType='"Text"', CommandTimeout='30']
SELECT count(*)
FROM exam_papers AS e | MachineName=LVHUI-PC ThreadId=63
[2026-05-15 08:53:18.355 INF] Executed DbCommand (58ms) [Parameters=[@__p_1='?' (DbType = Int32), @__p_0='?' (DbType = Int32)], CommandType='"Text"', CommandTimeout='30']
SELECT e.id, e.title, e.description, e.total_score, e.duration_minutes, e.status, e.start_time, e.end_time, e.anti_cheating_enabled, (
    SELECT count(*)::int
    FROM exam_questions AS e0
    WHERE e.id = e0.exam_paper_id), e.created_at
FROM exam_papers AS e
ORDER BY e.created_at DESC
LIMIT @__p_1 OFFSET @__p_0 | MachineName=LVHUI-PC ThreadId=63
[2026-05-15 08:53:18.365 INF] Executing OkObjectResult, writing value of type 'ExamSystem.Application.Common.Models.PaginatedResult`1[[ExamSystem.Application.ExamPapers.Queries.ExamPaperDto, ExamSystem.Application, Version=1.0.0.0, Culture=neutral, PublicKeyToken=null]]'. | MachineName=LVHUI-PC ThreadId=63
[2026-05-15 08:53:18.365 INF] Request starting HTTP/1.1 GET http://localhost:5146/api/questions?page=1&pageSize=1 - null null | MachineName=LVHUI-PC ThreadId=41
[2026-05-15 08:53:18.365 INF] Request starting HTTP/1.1 GET http://localhost:5146/api/exam-papers?page=1&pageSize=5 - null null | MachineName=LVHUI-PC ThreadId=35
[2026-05-15 08:53:18.372 INF] Executed action ExamSystem.API.Controllers.ExamPapersController.GetExamPapers (ExamSystem.API) in 146.567ms | MachineName=LVHUI-PC ThreadId=63
[2026-05-15 08:53:18.379 WRN] HTTP GET /api/questions?page=1&pageSize=1 → 400 | 0ms | User=-(-) Role=- Tenant=- IP=127.0.0.1 TraceId=0HNLI3CN2SFU8:00000001 | MachineName=LVHUI-PC ThreadId=41
[2026-05-15 08:53:18.385 INF] Executing endpoint 'ExamSystem.API.Controllers.ExamPapersController.GetExamPapers (ExamSystem.API)' | MachineName=LVHUI-PC ThreadId=35
[2026-05-15 08:53:18.389 INF] Executed endpoint 'ExamSystem.API.Controllers.ExamPapersController.GetExamPapers (ExamSystem.API)' | MachineName=LVHUI-PC ThreadId=63
[2026-05-15 08:53:18.393 INF] Request finished HTTP/1.1 GET http://localhost:5146/api/questions?page=1&pageSize=1 - 400 null application/json; charset=utf-8 27.9864ms | MachineName=LVHUI-PC ThreadId=41
[2026-05-15 08:53:18.397 INF] Route matched with {action = "GetExamPapers", controller = "ExamPapers"}. Executing controller action with signature System.Threading.Tasks.Task`1[Microsoft.AspNetCore.Mvc.IActionResult] GetExamPapers(Int32, Int32, System.Nullable`1[ExamSystem.Domain.Enums.ExamStatus], System.Threading.CancellationToken) on controller ExamSystem.API.Controllers.ExamPapersController (ExamSystem.API). | MachineName=LVHUI-PC ThreadId=35
[2026-05-15 08:53:18.399 INF] Request starting HTTP/1.1 GET http://localhost:5146/api/tenants?page=1&pageSize=1 - null null | MachineName=LVHUI-PC ThreadId=64
[2026-05-15 08:53:18.400 INF] HTTP GET /api/exam-papers?page=1&pageSize=1 → 200 | 182ms | User=-(-) Role=- Tenant=- IP=127.0.0.1 TraceId=0HNLI3CN2SFU7:00000001 | MachineName=LVHUI-PC ThreadId=63
[2026-05-15 08:53:18.412 INF] Authorization failed. These requirements were not met:
RolesAuthorizationRequirement:User.IsInRole must be true for one of the following roles: (SuperAdmin) | MachineName=LVHUI-PC ThreadId=64
[2026-05-15 08:53:18.414 INF] Request finished HTTP/1.1 GET http://localhost:5146/api/exam-papers?page=1&pageSize=1 - 200 null application/json; charset=utf-8 205.425ms | MachineName=LVHUI-PC ThreadId=63
[2026-05-15 08:53:18.417 INF] AuthenticationScheme: Bearer was challenged. | MachineName=LVHUI-PC ThreadId=64
[2026-05-15 08:53:18.423 WRN] HTTP GET /api/tenants?page=1&pageSize=1 → 401 | 10ms | User=-(-) Role=- Tenant=- IP=127.0.0.1 TraceId=0HNLI3CN2SFUA:00000001 | MachineName=LVHUI-PC ThreadId=64
[2026-05-15 08:53:18.426 INF] Request finished HTTP/1.1 GET http://localhost:5146/api/tenants?page=1&pageSize=1 - 401 0 null 27.192ms | MachineName=LVHUI-PC ThreadId=64
[2026-05-15 08:53:18.470 INF] Request starting HTTP/1.1 GET http://localhost:5146/api/users?page=1&pageSize=1 - null null | MachineName=LVHUI-PC ThreadId=64
[2026-05-15 08:53:18.471 INF] Executed DbCommand (62ms) [Parameters=[], CommandType='"Text"', CommandTimeout='30']
SELECT count(*)
FROM exam_papers AS e | MachineName=LVHUI-PC ThreadId=58
[2026-05-15 08:53:18.473 INF] Authorization failed. These requirements were not met:
RolesAuthorizationRequirement:User.IsInRole must be true for one of the following roles: (SuperAdmin|Admin) | MachineName=LVHUI-PC ThreadId=64
[2026-05-15 08:53:18.478 INF] AuthenticationScheme: Bearer was challenged. | MachineName=LVHUI-PC ThreadId=64
[2026-05-15 08:53:18.480 WRN] HTTP GET /api/users?page=1&pageSize=1 → 401 | 7ms | User=-(-) Role=- Tenant=- IP=127.0.0.1 TraceId=0HNLI3CN2SFUB:00000001 | MachineName=LVHUI-PC ThreadId=64
[2026-05-15 08:53:18.483 INF] Request finished HTTP/1.1 GET http://localhost:5146/api/users?page=1&pageSize=1 - 401 0 null 13.244ms | MachineName=LVHUI-PC ThreadId=64
[2026-05-15 08:53:18.540 INF] Executed DbCommand (65ms) [Parameters=[@__p_1='?' (DbType = Int32), @__p_0='?' (DbType = Int32)], CommandType='"Text"', CommandTimeout='30']
SELECT e.id, e.title, e.description, e.total_score, e.duration_minutes, e.status, e.start_time, e.end_time, e.anti_cheating_enabled, (
    SELECT count(*)::int
    FROM exam_questions AS e0
    WHERE e.id = e0.exam_paper_id), e.created_at
FROM exam_papers AS e
ORDER BY e.created_at DESC
LIMIT @__p_1 OFFSET @__p_0 | MachineName=LVHUI-PC ThreadId=64
[2026-05-15 08:53:18.543 INF] Executing OkObjectResult, writing value of type 'ExamSystem.Application.Common.Models.PaginatedResult`1[[ExamSystem.Application.ExamPapers.Queries.ExamPaperDto, ExamSystem.Application, Version=1.0.0.0, Culture=neutral, PublicKeyToken=null]]'. | MachineName=LVHUI-PC ThreadId=64
[2026-05-15 08:53:18.547 INF] Executed action ExamSystem.API.Controllers.ExamPapersController.GetExamPapers (ExamSystem.API) in 138.3147ms | MachineName=LVHUI-PC ThreadId=64
[2026-05-15 08:53:18.551 INF] Executed endpoint 'ExamSystem.API.Controllers.ExamPapersController.GetExamPapers (ExamSystem.API)' | MachineName=LVHUI-PC ThreadId=64
[2026-05-15 08:53:18.554 INF] HTTP GET /api/exam-papers?page=1&pageSize=5 → 200 | 169ms | User=-(-) Role=- Tenant=- IP=127.0.0.1 TraceId=0HNLI3CN2SFU9:00000001 | MachineName=LVHUI-PC ThreadId=64
[2026-05-15 08:53:18.557 INF] Request finished HTTP/1.1 GET http://localhost:5146/api/exam-papers?page=1&pageSize=5 - 200 null application/json; charset=utf-8 192.2355ms | MachineName=LVHUI-PC ThreadId=64
[2026-05-15 08:54:03.503 INF] Request starting HTTP/1.1 POST http://localhost:5146/api/auth/login - application/json 46 | MachineName=LVHUI-PC ThreadId=63
[2026-05-15 08:54:03.510 INF] Executing endpoint 'ExamSystem.API.Controllers.AuthController.Login (ExamSystem.API)' | MachineName=LVHUI-PC ThreadId=63
[2026-05-15 08:54:03.515 INF] Route matched with {action = "Login", controller = "Auth"}. Executing controller action with signature System.Threading.Tasks.Task`1[Microsoft.AspNetCore.Mvc.IActionResult] Login(ExamSystem.API.Controllers.LoginRequest, System.Threading.CancellationToken) on controller ExamSystem.API.Controllers.AuthController (ExamSystem.API). | MachineName=LVHUI-PC ThreadId=63
[2026-05-15 08:54:03.583 INF] Executed DbCommand (59ms) [Parameters=[@__command_Username_0='?'], CommandType='"Text"', CommandTimeout='30']
SELECT u.id, u.created_at, u.email, u.is_active, u.last_login_at, u.password_hash, u.role, u.tenant_id, u.updated_at, u.username
FROM users AS u
WHERE u.username = @__command_Username_0 AND u.is_active
LIMIT 1 | MachineName=LVHUI-PC ThreadId=63
[2026-05-15 08:54:03.637 INF] Executing OkObjectResult, writing value of type 'ExamSystem.Application.Auth.Commands.LoginResult'. | MachineName=LVHUI-PC ThreadId=63
[2026-05-15 08:54:03.642 INF] Executed action ExamSystem.API.Controllers.AuthController.Login (ExamSystem.API) in 119.697ms | MachineName=LVHUI-PC ThreadId=63
[2026-05-15 08:54:03.647 INF] Executed endpoint 'ExamSystem.API.Controllers.AuthController.Login (ExamSystem.API)' | MachineName=LVHUI-PC ThreadId=63
[2026-05-15 08:54:03.653 INF] HTTP POST /api/auth/login → 200 | 142ms | User=-(-) Role=- Tenant=- IP=127.0.0.1 TraceId=0HNLI3CN2SFUC:00000001 | MachineName=LVHUI-PC ThreadId=63
[2026-05-15 08:54:03.657 INF] Request finished HTTP/1.1 POST http://localhost:5146/api/auth/login - 200 null application/json; charset=utf-8 154.1676ms | MachineName=LVHUI-PC ThreadId=63
[2026-05-15 08:54:03.740 INF] Request starting HTTP/1.1 GET http://localhost:5146/api/exam-papers?page=1&pageSize=1 - null null | MachineName=LVHUI-PC ThreadId=70
[2026-05-15 08:54:03.740 INF] Request starting HTTP/1.1 GET http://localhost:5146/api/questions?page=1&pageSize=1 - null null | MachineName=LVHUI-PC ThreadId=58
[2026-05-15 08:54:03.740 INF] Request starting HTTP/1.1 GET http://localhost:5146/api/exam-papers?page=1&pageSize=5 - null null | MachineName=LVHUI-PC ThreadId=63
[2026-05-15 08:54:03.740 INF] Request starting HTTP/1.1 GET http://localhost:5146/api/tenants?page=1&pageSize=200 - null null | MachineName=LVHUI-PC ThreadId=69
[2026-05-15 08:54:03.745 INF] Executing endpoint 'ExamSystem.API.Controllers.ExamPapersController.GetExamPapers (ExamSystem.API)' | MachineName=LVHUI-PC ThreadId=70
[2026-05-15 08:54:03.749 INF] Executing endpoint 'ExamSystem.API.Controllers.QuestionsController.GetQuestions (ExamSystem.API)' | MachineName=LVHUI-PC ThreadId=58
[2026-05-15 08:54:03.754 INF] Executing endpoint 'ExamSystem.API.Controllers.ExamPapersController.GetExamPapers (ExamSystem.API)' | MachineName=LVHUI-PC ThreadId=63
[2026-05-15 08:54:03.758 INF] Executing endpoint 'ExamSystem.API.Controllers.TenantsController.GetTenants (ExamSystem.API)' | MachineName=LVHUI-PC ThreadId=69
[2026-05-15 08:54:03.760 INF] Route matched with {action = "GetExamPapers", controller = "ExamPapers"}. Executing controller action with signature System.Threading.Tasks.Task`1[Microsoft.AspNetCore.Mvc.IActionResult] GetExamPapers(Int32, Int32, System.Nullable`1[ExamSystem.Domain.Enums.ExamStatus], System.Threading.CancellationToken) on controller ExamSystem.API.Controllers.ExamPapersController (ExamSystem.API). | MachineName=LVHUI-PC ThreadId=70
[2026-05-15 08:54:03.762 INF] Route matched with {action = "GetQuestions", controller = "Questions"}. Executing controller action with signature System.Threading.Tasks.Task`1[Microsoft.AspNetCore.Mvc.IActionResult] GetQuestions(Int32, Int32, System.Nullable`1[ExamSystem.Domain.Enums.QuestionType], System.Nullable`1[System.Int32], System.String, System.Threading.CancellationToken) on controller ExamSystem.API.Controllers.QuestionsController (ExamSystem.API). | MachineName=LVHUI-PC ThreadId=58
[2026-05-15 08:54:03.764 INF] Route matched with {action = "GetExamPapers", controller = "ExamPapers"}. Executing controller action with signature System.Threading.Tasks.Task`1[Microsoft.AspNetCore.Mvc.IActionResult] GetExamPapers(Int32, Int32, System.Nullable`1[ExamSystem.Domain.Enums.ExamStatus], System.Threading.CancellationToken) on controller ExamSystem.API.Controllers.ExamPapersController (ExamSystem.API). | MachineName=LVHUI-PC ThreadId=63
[2026-05-15 08:54:03.767 INF] Route matched with {action = "GetTenants", controller = "Tenants"}. Executing controller action with signature System.Threading.Tasks.Task`1[Microsoft.AspNetCore.Mvc.IActionResult] GetTenants(Int32, Int32, System.Threading.CancellationToken) on controller ExamSystem.API.Controllers.TenantsController (ExamSystem.API). | MachineName=LVHUI-PC ThreadId=69
[2026-05-15 08:54:03.779 INF] Executing OkObjectResult, writing value of type 'ExamSystem.Application.Common.Models.PaginatedResult`1[[ExamSystem.Application.Questions.Queries.QuestionDto, ExamSystem.Application, Version=1.0.0.0, Culture=neutral, PublicKeyToken=null]]'. | MachineName=LVHUI-PC ThreadId=58
[2026-05-15 08:54:03.785 INF] Executed action ExamSystem.API.Controllers.QuestionsController.GetQuestions (ExamSystem.API) in 12.1617ms | MachineName=LVHUI-PC ThreadId=58
[2026-05-15 08:54:03.788 INF] Executed endpoint 'ExamSystem.API.Controllers.QuestionsController.GetQuestions (ExamSystem.API)' | MachineName=LVHUI-PC ThreadId=58
[2026-05-15 08:54:03.790 INF] HTTP GET /api/questions?page=1&pageSize=1 → 200 | 41ms | User=admin(admin) Role=SuperAdmin Tenant=- IP=127.0.0.1 TraceId=0HNLI3CN2SFUE:00000001 | MachineName=LVHUI-PC ThreadId=58
[2026-05-15 08:54:03.793 INF] Request finished HTTP/1.1 GET http://localhost:5146/api/questions?page=1&pageSize=1 - 200 null application/json; charset=utf-8 52.7246ms | MachineName=LVHUI-PC ThreadId=58
[2026-05-15 08:54:03.832 INF] Executed DbCommand (62ms) [Parameters=[], CommandType='"Text"', CommandTimeout='30']
SELECT count(*)
FROM exam_papers AS e | MachineName=LVHUI-PC ThreadId=58
[2026-05-15 08:54:03.839 INF] Executed DbCommand (57ms) [Parameters=[], CommandType='"Text"', CommandTimeout='30']
SELECT count(*)
FROM tenants AS t | MachineName=LVHUI-PC ThreadId=58
[2026-05-15 08:54:03.842 INF] Executed DbCommand (64ms) [Parameters=[], CommandType='"Text"', CommandTimeout='30']
SELECT count(*)
FROM exam_papers AS e | MachineName=LVHUI-PC ThreadId=70
[2026-05-15 08:54:03.897 INF] Executed DbCommand (62ms) [Parameters=[@__p_1='?' (DbType = Int32), @__p_0='?' (DbType = Int32)], CommandType='"Text"', CommandTimeout='30']
SELECT e.id, e.title, e.description, e.total_score, e.duration_minutes, e.status, e.start_time, e.end_time, e.anti_cheating_enabled, (
    SELECT count(*)::int
    FROM exam_questions AS e0
    WHERE e.id = e0.exam_paper_id), e.created_at
FROM exam_papers AS e
ORDER BY e.created_at DESC
LIMIT @__p_1 OFFSET @__p_0 | MachineName=LVHUI-PC ThreadId=70
[2026-05-15 08:54:03.900 INF] Executed DbCommand (57ms) [Parameters=[@__p_1='?' (DbType = Int32), @__p_0='?' (DbType = Int32)], CommandType='"Text"', CommandTimeout='30']
SELECT t.id, t.name, t.schema_name, t.contact_email, t.is_active, t.ai_call_quota, t.ai_call_used, t.created_at
FROM tenants AS t
ORDER BY t.created_at DESC
LIMIT @__p_1 OFFSET @__p_0 | MachineName=LVHUI-PC ThreadId=58
[2026-05-15 08:54:03.904 INF] Executing OkObjectResult, writing value of type 'ExamSystem.Application.Common.Models.PaginatedResult`1[[ExamSystem.Application.ExamPapers.Queries.ExamPaperDto, ExamSystem.Application, Version=1.0.0.0, Culture=neutral, PublicKeyToken=null]]'. | MachineName=LVHUI-PC ThreadId=70
[2026-05-15 08:54:03.909 INF] Executing OkObjectResult, writing value of type 'ExamSystem.Application.Common.Models.PaginatedResult`1[[ExamSystem.Application.Tenants.Queries.TenantDto, ExamSystem.Application, Version=1.0.0.0, Culture=neutral, PublicKeyToken=null]]'. | MachineName=LVHUI-PC ThreadId=58
[2026-05-15 08:54:03.910 INF] Executed DbCommand (65ms) [Parameters=[@__p_1='?' (DbType = Int32), @__p_0='?' (DbType = Int32)], CommandType='"Text"', CommandTimeout='30']
SELECT e.id, e.title, e.description, e.total_score, e.duration_minutes, e.status, e.start_time, e.end_time, e.anti_cheating_enabled, (
    SELECT count(*)::int
    FROM exam_questions AS e0
    WHERE e.id = e0.exam_paper_id), e.created_at
FROM exam_papers AS e
ORDER BY e.created_at DESC
LIMIT @__p_1 OFFSET @__p_0 | MachineName=LVHUI-PC ThreadId=69
[2026-05-15 08:54:03.914 INF] Executed action ExamSystem.API.Controllers.ExamPapersController.GetExamPapers (ExamSystem.API) in 144.353ms | MachineName=LVHUI-PC ThreadId=70
[2026-05-15 08:54:03.918 INF] Executed action ExamSystem.API.Controllers.TenantsController.GetTenants (ExamSystem.API) in 137.3482ms | MachineName=LVHUI-PC ThreadId=58
[2026-05-15 08:54:03.923 INF] Executing OkObjectResult, writing value of type 'ExamSystem.Application.Common.Models.PaginatedResult`1[[ExamSystem.Application.ExamPapers.Queries.ExamPaperDto, ExamSystem.Application, Version=1.0.0.0, Culture=neutral, PublicKeyToken=null]]'. | MachineName=LVHUI-PC ThreadId=69
[2026-05-15 08:54:03.926 INF] Executed endpoint 'ExamSystem.API.Controllers.ExamPapersController.GetExamPapers (ExamSystem.API)' | MachineName=LVHUI-PC ThreadId=70
[2026-05-15 08:54:03.930 INF] Executed endpoint 'ExamSystem.API.Controllers.TenantsController.GetTenants (ExamSystem.API)' | MachineName=LVHUI-PC ThreadId=58
[2026-05-15 08:54:03.933 INF] Executed action ExamSystem.API.Controllers.ExamPapersController.GetExamPapers (ExamSystem.API) in 155.9119ms | MachineName=LVHUI-PC ThreadId=69
[2026-05-15 08:54:03.935 INF] HTTP GET /api/exam-papers?page=1&pageSize=1 → 200 | 190ms | User=admin(admin) Role=SuperAdmin Tenant=- IP=127.0.0.1 TraceId=0HNLI3CN2SFUD:00000001 | MachineName=LVHUI-PC ThreadId=70
[2026-05-15 08:54:03.938 INF] HTTP GET /api/tenants?page=1&pageSize=200 → 200 | 180ms | User=admin(admin) Role=SuperAdmin Tenant=- IP=127.0.0.1 TraceId=0HNLI3CN2SFUG:00000001 | MachineName=LVHUI-PC ThreadId=58
[2026-05-15 08:54:03.941 INF] Executed endpoint 'ExamSystem.API.Controllers.ExamPapersController.GetExamPapers (ExamSystem.API)' | MachineName=LVHUI-PC ThreadId=69
[2026-05-15 08:54:03.944 INF] Request finished HTTP/1.1 GET http://localhost:5146/api/exam-papers?page=1&pageSize=1 - 200 null application/json; charset=utf-8 204.146ms | MachineName=LVHUI-PC ThreadId=70
[2026-05-15 08:54:03.948 INF] Request finished HTTP/1.1 GET http://localhost:5146/api/tenants?page=1&pageSize=200 - 200 null application/json; charset=utf-8 207.7841ms | MachineName=LVHUI-PC ThreadId=58
[2026-05-15 08:54:03.949 INF] Request starting HTTP/1.1 GET http://localhost:5146/api/tenants?page=1&pageSize=1 - null null | MachineName=LVHUI-PC ThreadId=71
[2026-05-15 08:54:03.951 INF] HTTP GET /api/exam-papers?page=1&pageSize=5 → 200 | 197ms | User=admin(admin) Role=SuperAdmin Tenant=- IP=127.0.0.1 TraceId=0HNLI3CN2SFUF:00000001 | MachineName=LVHUI-PC ThreadId=69
[2026-05-15 08:54:03.961 INF] Executing endpoint 'ExamSystem.API.Controllers.TenantsController.GetTenants (ExamSystem.API)' | MachineName=LVHUI-PC ThreadId=71
[2026-05-15 08:54:03.965 INF] Request finished HTTP/1.1 GET http://localhost:5146/api/exam-papers?page=1&pageSize=5 - 200 null application/json; charset=utf-8 224.8297ms | MachineName=LVHUI-PC ThreadId=69
[2026-05-15 08:54:03.968 INF] Route matched with {action = "GetTenants", controller = "Tenants"}. Executing controller action with signature System.Threading.Tasks.Task`1[Microsoft.AspNetCore.Mvc.IActionResult] GetTenants(Int32, Int32, System.Threading.CancellationToken) on controller ExamSystem.API.Controllers.TenantsController (ExamSystem.API). | MachineName=LVHUI-PC ThreadId=71
[2026-05-15 08:54:04.039 INF] Executed DbCommand (62ms) [Parameters=[], CommandType='"Text"', CommandTimeout='30']
SELECT count(*)
FROM tenants AS t | MachineName=LVHUI-PC ThreadId=71
[2026-05-15 08:54:04.102 INF] Executed DbCommand (58ms) [Parameters=[@__p_1='?' (DbType = Int32), @__p_0='?' (DbType = Int32)], CommandType='"Text"', CommandTimeout='30']
SELECT t.id, t.name, t.schema_name, t.contact_email, t.is_active, t.ai_call_quota, t.ai_call_used, t.created_at
FROM tenants AS t
ORDER BY t.created_at DESC
LIMIT @__p_1 OFFSET @__p_0 | MachineName=LVHUI-PC ThreadId=71
[2026-05-15 08:54:04.107 INF] Executing OkObjectResult, writing value of type 'ExamSystem.Application.Common.Models.PaginatedResult`1[[ExamSystem.Application.Tenants.Queries.TenantDto, ExamSystem.Application, Version=1.0.0.0, Culture=neutral, PublicKeyToken=null]]'. | MachineName=LVHUI-PC ThreadId=71
[2026-05-15 08:54:04.112 INF] Executed action ExamSystem.API.Controllers.TenantsController.GetTenants (ExamSystem.API) in 135.6577ms | MachineName=LVHUI-PC ThreadId=71
[2026-05-15 08:54:04.118 INF] Executed endpoint 'ExamSystem.API.Controllers.TenantsController.GetTenants (ExamSystem.API)' | MachineName=LVHUI-PC ThreadId=71
[2026-05-15 08:54:04.123 INF] HTTP GET /api/tenants?page=1&pageSize=1 → 200 | 162ms | User=admin(admin) Role=SuperAdmin Tenant=- IP=127.0.0.1 TraceId=0HNLI3CN2SFUH:00000001 | MachineName=LVHUI-PC ThreadId=71
[2026-05-15 08:54:04.125 INF] Request finished HTTP/1.1 GET http://localhost:5146/api/tenants?page=1&pageSize=1 - 200 null application/json; charset=utf-8 176.2686ms | MachineName=LVHUI-PC ThreadId=71
[2026-05-15 08:54:04.258 INF] Request starting HTTP/1.1 GET http://localhost:5146/api/users?page=1&pageSize=1 - null null | MachineName=LVHUI-PC ThreadId=70
[2026-05-15 08:54:04.263 INF] Executing endpoint 'ExamSystem.API.Controllers.UsersController.GetUsers (ExamSystem.API)' | MachineName=LVHUI-PC ThreadId=70
[2026-05-15 08:54:04.268 INF] Route matched with {action = "GetUsers", controller = "Users"}. Executing controller action with signature System.Threading.Tasks.Task`1[Microsoft.AspNetCore.Mvc.IActionResult] GetUsers(System.Nullable`1[System.Guid], System.Nullable`1[ExamSystem.Domain.Enums.UserRole], System.Nullable`1[System.Boolean], System.String, Int32, Int32, System.Threading.CancellationToken) on controller ExamSystem.API.Controllers.UsersController (ExamSystem.API). | MachineName=LVHUI-PC ThreadId=70
[2026-05-15 08:54:04.342 INF] Executed DbCommand (65ms) [Parameters=[], CommandType='"Text"', CommandTimeout='30']
SELECT count(*)
FROM users AS u | MachineName=LVHUI-PC ThreadId=70
[2026-05-15 08:54:04.411 INF] Executed DbCommand (62ms) [Parameters=[@__p_1='?' (DbType = Int32), @__p_0='?' (DbType = Int32)], CommandType='"Text"', CommandTimeout='30']
SELECT t.id, t.tenant_id, t0.name, t.username, t.email, t.role, t.is_active, t.last_login_at, t.created_at
FROM (
    SELECT u.id, u.created_at, u.email, u.is_active, u.last_login_at, u.role, u.tenant_id, u.username
    FROM users AS u
    ORDER BY u.created_at DESC
    LIMIT @__p_1 OFFSET @__p_0
) AS t
LEFT JOIN tenants AS t0 ON t.tenant_id = t0.id
ORDER BY t.created_at DESC | MachineName=LVHUI-PC ThreadId=70
[2026-05-15 08:54:04.417 INF] Executing OkObjectResult, writing value of type 'ExamSystem.Application.Common.Models.PaginatedResult`1[[ExamSystem.Application.Users.Queries.UserDto, ExamSystem.Application, Version=1.0.0.0, Culture=neutral, PublicKeyToken=null]]'. | MachineName=LVHUI-PC ThreadId=70
[2026-05-15 08:54:04.422 INF] Executed action ExamSystem.API.Controllers.UsersController.GetUsers (ExamSystem.API) in 147.4188ms | MachineName=LVHUI-PC ThreadId=70
[2026-05-15 08:54:04.432 INF] Executed endpoint 'ExamSystem.API.Controllers.UsersController.GetUsers (ExamSystem.API)' | MachineName=LVHUI-PC ThreadId=70
[2026-05-15 08:54:04.439 INF] HTTP GET /api/users?page=1&pageSize=1 → 200 | 176ms | User=admin(admin) Role=SuperAdmin Tenant=- IP=127.0.0.1 TraceId=0HNLI3CN2SFUI:00000001 | MachineName=LVHUI-PC ThreadId=70
[2026-05-15 08:54:04.445 INF] Request finished HTTP/1.1 GET http://localhost:5146/api/users?page=1&pageSize=1 - 200 null application/json; charset=utf-8 187.0234ms | MachineName=LVHUI-PC ThreadId=70
[2026-05-15 08:54:14.813 INF] Request starting HTTP/1.1 GET http://localhost:5146/api/users?page=1&pageSize=20 - null null | MachineName=LVHUI-PC ThreadId=64
[2026-05-15 08:54:14.819 INF] Executing endpoint 'ExamSystem.API.Controllers.UsersController.GetUsers (ExamSystem.API)' | MachineName=LVHUI-PC ThreadId=64
[2026-05-15 08:54:14.827 INF] Route matched with {action = "GetUsers", controller = "Users"}. Executing controller action with signature System.Threading.Tasks.Task`1[Microsoft.AspNetCore.Mvc.IActionResult] GetUsers(System.Nullable`1[System.Guid], System.Nullable`1[ExamSystem.Domain.Enums.UserRole], System.Nullable`1[System.Boolean], System.String, Int32, Int32, System.Threading.CancellationToken) on controller ExamSystem.API.Controllers.UsersController (ExamSystem.API). | MachineName=LVHUI-PC ThreadId=64
[2026-05-15 08:54:14.847 INF] Request starting HTTP/1.1 GET http://localhost:5146/api/tenants?page=1&pageSize=200 - null null | MachineName=LVHUI-PC ThreadId=64
[2026-05-15 08:54:14.849 INF] Executing endpoint 'ExamSystem.API.Controllers.TenantsController.GetTenants (ExamSystem.API)' | MachineName=LVHUI-PC ThreadId=64
[2026-05-15 08:54:14.852 INF] Route matched with {action = "GetTenants", controller = "Tenants"}. Executing controller action with signature System.Threading.Tasks.Task`1[Microsoft.AspNetCore.Mvc.IActionResult] GetTenants(Int32, Int32, System.Threading.CancellationToken) on controller ExamSystem.API.Controllers.TenantsController (ExamSystem.API). | MachineName=LVHUI-PC ThreadId=64
[2026-05-15 08:54:14.892 INF] Executed DbCommand (58ms) [Parameters=[], CommandType='"Text"', CommandTimeout='30']
SELECT count(*)
FROM users AS u | MachineName=LVHUI-PC ThreadId=64
[2026-05-15 08:54:14.920 INF] Executed DbCommand (65ms) [Parameters=[], CommandType='"Text"', CommandTimeout='30']
SELECT count(*)
FROM tenants AS t | MachineName=LVHUI-PC ThreadId=64
[2026-05-15 08:54:14.959 INF] Executed DbCommand (64ms) [Parameters=[@__p_1='?' (DbType = Int32), @__p_0='?' (DbType = Int32)], CommandType='"Text"', CommandTimeout='30']
SELECT t.id, t.tenant_id, t0.name, t.username, t.email, t.role, t.is_active, t.last_login_at, t.created_at
FROM (
    SELECT u.id, u.created_at, u.email, u.is_active, u.last_login_at, u.role, u.tenant_id, u.username
    FROM users AS u
    ORDER BY u.created_at DESC
    LIMIT @__p_1 OFFSET @__p_0
) AS t
LEFT JOIN tenants AS t0 ON t.tenant_id = t0.id
ORDER BY t.created_at DESC | MachineName=LVHUI-PC ThreadId=64
[2026-05-15 08:54:14.963 INF] Executing OkObjectResult, writing value of type 'ExamSystem.Application.Common.Models.PaginatedResult`1[[ExamSystem.Application.Users.Queries.UserDto, ExamSystem.Application, Version=1.0.0.0, Culture=neutral, PublicKeyToken=null]]'. | MachineName=LVHUI-PC ThreadId=64
[2026-05-15 08:54:14.966 INF] Executed action ExamSystem.API.Controllers.UsersController.GetUsers (ExamSystem.API) in 132.5106ms | MachineName=LVHUI-PC ThreadId=64
[2026-05-15 08:54:14.970 INF] Executed endpoint 'ExamSystem.API.Controllers.UsersController.GetUsers (ExamSystem.API)' | MachineName=LVHUI-PC ThreadId=64
[2026-05-15 08:54:14.974 INF] HTTP GET /api/users?page=1&pageSize=20 → 200 | 155ms | User=admin(admin) Role=SuperAdmin Tenant=- IP=127.0.0.1 TraceId=0HNLI3CN2SFUJ:00000001 | MachineName=LVHUI-PC ThreadId=64
[2026-05-15 08:54:14.977 INF] Request finished HTTP/1.1 GET http://localhost:5146/api/users?page=1&pageSize=20 - 200 null application/json; charset=utf-8 164.1711ms | MachineName=LVHUI-PC ThreadId=64
[2026-05-15 08:54:14.984 INF] Executed DbCommand (57ms) [Parameters=[@__p_1='?' (DbType = Int32), @__p_0='?' (DbType = Int32)], CommandType='"Text"', CommandTimeout='30']
SELECT t.id, t.name, t.schema_name, t.contact_email, t.is_active, t.ai_call_quota, t.ai_call_used, t.created_at
FROM tenants AS t
ORDER BY t.created_at DESC
LIMIT @__p_1 OFFSET @__p_0 | MachineName=LVHUI-PC ThreadId=64
[2026-05-15 08:54:14.989 INF] Executing OkObjectResult, writing value of type 'ExamSystem.Application.Common.Models.PaginatedResult`1[[ExamSystem.Application.Tenants.Queries.TenantDto, ExamSystem.Application, Version=1.0.0.0, Culture=neutral, PublicKeyToken=null]]'. | MachineName=LVHUI-PC ThreadId=64
[2026-05-15 08:54:14.996 INF] Executed action ExamSystem.API.Controllers.TenantsController.GetTenants (ExamSystem.API) in 141.4051ms | MachineName=LVHUI-PC ThreadId=64
[2026-05-15 08:54:15.000 INF] Executed endpoint 'ExamSystem.API.Controllers.TenantsController.GetTenants (ExamSystem.API)' | MachineName=LVHUI-PC ThreadId=64
[2026-05-15 08:54:15.004 INF] HTTP GET /api/tenants?page=1&pageSize=200 → 200 | 155ms | User=admin(admin) Role=SuperAdmin Tenant=- IP=127.0.0.1 TraceId=0HNLI3CN2SFUK:00000001 | MachineName=LVHUI-PC ThreadId=64
[2026-05-15 08:54:15.007 INF] Request finished HTTP/1.1 GET http://localhost:5146/api/tenants?page=1&pageSize=200 - 200 null application/json; charset=utf-8 159.6215ms | MachineName=LVHUI-PC ThreadId=64
[2026-05-15 08:54:22.677 INF] Request starting HTTP/1.1 GET http://localhost:5146/api/exam-papers?page=1&pageSize=10 - null null | MachineName=LVHUI-PC ThreadId=70
[2026-05-15 08:54:22.683 INF] Executing endpoint 'ExamSystem.API.Controllers.ExamPapersController.GetExamPapers (ExamSystem.API)' | MachineName=LVHUI-PC ThreadId=70
[2026-05-15 08:54:22.692 INF] Route matched with {action = "GetExamPapers", controller = "ExamPapers"}. Executing controller action with signature System.Threading.Tasks.Task`1[Microsoft.AspNetCore.Mvc.IActionResult] GetExamPapers(Int32, Int32, System.Nullable`1[ExamSystem.Domain.Enums.ExamStatus], System.Threading.CancellationToken) on controller ExamSystem.API.Controllers.ExamPapersController (ExamSystem.API). | MachineName=LVHUI-PC ThreadId=70
[2026-05-15 08:54:22.762 INF] Executed DbCommand (64ms) [Parameters=[], CommandType='"Text"', CommandTimeout='30']
SELECT count(*)
FROM exam_papers AS e | MachineName=LVHUI-PC ThreadId=70
[2026-05-15 08:54:22.830 INF] Executed DbCommand (62ms) [Parameters=[@__p_1='?' (DbType = Int32), @__p_0='?' (DbType = Int32)], CommandType='"Text"', CommandTimeout='30']
SELECT e.id, e.title, e.description, e.total_score, e.duration_minutes, e.status, e.start_time, e.end_time, e.anti_cheating_enabled, (
    SELECT count(*)::int
    FROM exam_questions AS e0
    WHERE e.id = e0.exam_paper_id), e.created_at
FROM exam_papers AS e
ORDER BY e.created_at DESC
LIMIT @__p_1 OFFSET @__p_0 | MachineName=LVHUI-PC ThreadId=70
[2026-05-15 08:54:22.834 INF] Executing OkObjectResult, writing value of type 'ExamSystem.Application.Common.Models.PaginatedResult`1[[ExamSystem.Application.ExamPapers.Queries.ExamPaperDto, ExamSystem.Application, Version=1.0.0.0, Culture=neutral, PublicKeyToken=null]]'. | MachineName=LVHUI-PC ThreadId=70
[2026-05-15 08:54:22.839 INF] Executed action ExamSystem.API.Controllers.ExamPapersController.GetExamPapers (ExamSystem.API) in 141.9581ms | MachineName=LVHUI-PC ThreadId=70
[2026-05-15 08:54:22.844 INF] Executed endpoint 'ExamSystem.API.Controllers.ExamPapersController.GetExamPapers (ExamSystem.API)' | MachineName=LVHUI-PC ThreadId=70
[2026-05-15 08:54:22.849 INF] HTTP GET /api/exam-papers?page=1&pageSize=10 → 200 | 165ms | User=admin(admin) Role=SuperAdmin Tenant=- IP=127.0.0.1 TraceId=0HNLI3CN2SFUL:00000001 | MachineName=LVHUI-PC ThreadId=70
[2026-05-15 08:54:22.853 INF] Request finished HTTP/1.1 GET http://localhost:5146/api/exam-papers?page=1&pageSize=10 - 200 null application/json; charset=utf-8 176.5144ms | MachineName=LVHUI-PC ThreadId=70
[2026-05-15 08:54:29.471 INF] Request starting HTTP/1.1 GET http://localhost:5146/api/questions?page=1&pageSize=20 - null null | MachineName=LVHUI-PC ThreadId=69
[2026-05-15 08:54:29.475 INF] Executing endpoint 'ExamSystem.API.Controllers.QuestionsController.GetQuestions (ExamSystem.API)' | MachineName=LVHUI-PC ThreadId=69
[2026-05-15 08:54:29.479 INF] Route matched with {action = "GetQuestions", controller = "Questions"}. Executing controller action with signature System.Threading.Tasks.Task`1[Microsoft.AspNetCore.Mvc.IActionResult] GetQuestions(Int32, Int32, System.Nullable`1[ExamSystem.Domain.Enums.QuestionType], System.Nullable`1[System.Int32], System.String, System.Threading.CancellationToken) on controller ExamSystem.API.Controllers.QuestionsController (ExamSystem.API). | MachineName=LVHUI-PC ThreadId=69
[2026-05-15 08:54:29.548 INF] Executed DbCommand (58ms) [Parameters=[], CommandType='"Text"', CommandTimeout='30']
SELECT count(*)
FROM questions AS q
WHERE q.is_active | MachineName=LVHUI-PC ThreadId=69
[2026-05-15 08:54:29.621 INF] Executed DbCommand (66ms) [Parameters=[@__p_1='?' (DbType = Int32), @__p_0='?' (DbType = Int32)], CommandType='"Text"', CommandTimeout='30']
SELECT q.id, q.type, q.content, q.knowledge_point, q.difficulty, q.is_ai_generated, q.created_at
FROM questions AS q
WHERE q.is_active
ORDER BY q.created_at DESC
LIMIT @__p_1 OFFSET @__p_0 | MachineName=LVHUI-PC ThreadId=69
[2026-05-15 08:54:29.625 INF] Executing OkObjectResult, writing value of type 'ExamSystem.Application.Common.Models.PaginatedResult`1[[ExamSystem.Application.Questions.Queries.QuestionDto, ExamSystem.Application, Version=1.0.0.0, Culture=neutral, PublicKeyToken=null]]'. | MachineName=LVHUI-PC ThreadId=69
[2026-05-15 08:54:29.630 INF] Executed action ExamSystem.API.Controllers.QuestionsController.GetQuestions (ExamSystem.API) in 140.284ms | MachineName=LVHUI-PC ThreadId=69
[2026-05-15 08:54:29.634 INF] Executed endpoint 'ExamSystem.API.Controllers.QuestionsController.GetQuestions (ExamSystem.API)' | MachineName=LVHUI-PC ThreadId=69
[2026-05-15 08:54:29.639 INF] HTTP GET /api/questions?page=1&pageSize=20 → 200 | 164ms | User=admin(admin) Role=SuperAdmin Tenant=- IP=127.0.0.1 TraceId=0HNLI3CN2SFUM:00000001 | MachineName=LVHUI-PC ThreadId=69
[2026-05-15 08:54:29.642 INF] Request finished HTTP/1.1 GET http://localhost:5146/api/questions?page=1&pageSize=20 - 200 null application/json; charset=utf-8 171.3435ms | MachineName=LVHUI-PC ThreadId=69
[2026-05-15 08:54:30.799 INF] Request starting HTTP/1.1 GET http://localhost:5146/api/books?page=1&pageSize=10 - null null | MachineName=LVHUI-PC ThreadId=69
[2026-05-15 08:54:30.808 INF] Executing endpoint 'ExamSystem.API.Controllers.BooksController.GetBooks (ExamSystem.API)' | MachineName=LVHUI-PC ThreadId=69
[2026-05-15 08:54:30.815 INF] Route matched with {action = "GetBooks", controller = "Books"}. Executing controller action with signature System.Threading.Tasks.Task`1[Microsoft.AspNetCore.Mvc.IActionResult] GetBooks(System.String, System.String, System.String, System.Nullable`1[System.Boolean], Int32, Int32, System.Threading.CancellationToken) on controller ExamSystem.API.Controllers.BooksController (ExamSystem.API). | MachineName=LVHUI-PC ThreadId=69
[2026-05-15 08:54:30.887 INF] Executed DbCommand (63ms) [Parameters=[], CommandType='"Text"', CommandTimeout='30']
SELECT count(*)::int
FROM books AS b | MachineName=LVHUI-PC ThreadId=69
[2026-05-15 08:54:30.913 INF] Request starting HTTP/1.1 GET http://localhost:5146/api/tenants?page=1&pageSize=200 - null null | MachineName=LVHUI-PC ThreadId=69
[2026-05-15 08:54:30.917 INF] Executing endpoint 'ExamSystem.API.Controllers.TenantsController.GetTenants (ExamSystem.API)' | MachineName=LVHUI-PC ThreadId=69
[2026-05-15 08:54:30.920 INF] Route matched with {action = "GetTenants", controller = "Tenants"}. Executing controller action with signature System.Threading.Tasks.Task`1[Microsoft.AspNetCore.Mvc.IActionResult] GetTenants(Int32, Int32, System.Threading.CancellationToken) on controller ExamSystem.API.Controllers.TenantsController (ExamSystem.API). | MachineName=LVHUI-PC ThreadId=69
[2026-05-15 08:54:30.954 INF] Executed DbCommand (58ms) [Parameters=[@__p_1='?' (DbType = Int32), @__p_0='?' (DbType = Int32)], CommandType='"Text"', CommandTimeout='30']
SELECT b.id, b.author, b.category, b.cover_image_url, b.created_at, b.description, b.file_size_bytes, b.is_active, b.isbn, b.page_count, b.pdf_file_path, b.publish_year, b.publisher, b.tags, b.tenant_id, b.title, b.updated_at, b.uploaded_by_id, b.uploaded_by_name
FROM books AS b
ORDER BY b.created_at DESC
LIMIT @__p_1 OFFSET @__p_0 | MachineName=LVHUI-PC ThreadId=69
[2026-05-15 08:54:30.989 INF] Executed DbCommand (65ms) [Parameters=[], CommandType='"Text"', CommandTimeout='30']
SELECT count(*)
FROM tenants AS t | MachineName=LVHUI-PC ThreadId=63
[2026-05-15 08:54:31.001 INF] Executing OkObjectResult, writing value of type 'ExamSystem.Application.Common.Models.PaginatedResult`1[[ExamSystem.Application.Books.BookDto, ExamSystem.Application, Version=1.0.0.0, Culture=neutral, PublicKeyToken=null]]'. | MachineName=LVHUI-PC ThreadId=69
[2026-05-15 08:54:31.007 INF] Executed action ExamSystem.API.Controllers.BooksController.GetBooks (ExamSystem.API) in 186.5178ms | MachineName=LVHUI-PC ThreadId=69
[2026-05-15 08:54:31.011 INF] Executed endpoint 'ExamSystem.API.Controllers.BooksController.GetBooks (ExamSystem.API)' | MachineName=LVHUI-PC ThreadId=69
[2026-05-15 08:54:31.015 INF] HTTP GET /api/books?page=1&pageSize=10 → 200 | 208ms | User=admin(admin) Role=SuperAdmin Tenant=- IP=127.0.0.1 TraceId=0HNLI3CN2SFUN:00000001 | MachineName=LVHUI-PC ThreadId=69
[2026-05-15 08:54:31.020 INF] Request finished HTTP/1.1 GET http://localhost:5146/api/books?page=1&pageSize=10 - 200 null application/json; charset=utf-8 220.9791ms | MachineName=LVHUI-PC ThreadId=69
[2026-05-15 08:54:31.057 INF] Executed DbCommand (62ms) [Parameters=[@__p_1='?' (DbType = Int32), @__p_0='?' (DbType = Int32)], CommandType='"Text"', CommandTimeout='30']
SELECT t.id, t.name, t.schema_name, t.contact_email, t.is_active, t.ai_call_quota, t.ai_call_used, t.created_at
FROM tenants AS t
ORDER BY t.created_at DESC
LIMIT @__p_1 OFFSET @__p_0 | MachineName=LVHUI-PC ThreadId=69
[2026-05-15 08:54:31.060 INF] Executing OkObjectResult, writing value of type 'ExamSystem.Application.Common.Models.PaginatedResult`1[[ExamSystem.Application.Tenants.Queries.TenantDto, ExamSystem.Application, Version=1.0.0.0, Culture=neutral, PublicKeyToken=null]]'. | MachineName=LVHUI-PC ThreadId=69
[2026-05-15 08:54:31.063 INF] Executed action ExamSystem.API.Controllers.TenantsController.GetTenants (ExamSystem.API) in 139.7035ms | MachineName=LVHUI-PC ThreadId=69
[2026-05-15 08:54:31.068 INF] Executed endpoint 'ExamSystem.API.Controllers.TenantsController.GetTenants (ExamSystem.API)' | MachineName=LVHUI-PC ThreadId=69
[2026-05-15 08:54:31.071 INF] HTTP GET /api/tenants?page=1&pageSize=200 → 200 | 154ms | User=admin(admin) Role=SuperAdmin Tenant=- IP=127.0.0.1 TraceId=0HNLI3CN2SFUO:00000001 | MachineName=LVHUI-PC ThreadId=69
[2026-05-15 08:54:31.074 INF] Request finished HTTP/1.1 GET http://localhost:5146/api/tenants?page=1&pageSize=200 - 200 null application/json; charset=utf-8 160.9175ms | MachineName=LVHUI-PC ThreadId=69
[2026-05-15 08:54:38.148 INF] Request starting HTTP/1.1 GET http://localhost:5146/api/books/d0000000-0000-0000-0000-000000000001/pdf - null null | MachineName=LVHUI-PC ThreadId=71
[2026-05-15 08:54:38.161 INF] Executing endpoint 'ExamSystem.API.Controllers.BooksController.GetPdf (ExamSystem.API)' | MachineName=LVHUI-PC ThreadId=71
[2026-05-15 08:54:38.170 INF] Route matched with {action = "GetPdf", controller = "Books"}. Executing controller action with signature System.Threading.Tasks.Task`1[Microsoft.AspNetCore.Mvc.IActionResult] GetPdf(System.Guid, System.Threading.CancellationToken) on controller ExamSystem.API.Controllers.BooksController (ExamSystem.API). | MachineName=LVHUI-PC ThreadId=71
[2026-05-15 08:54:38.248 INF] Executed DbCommand (66ms) [Parameters=[@__q_Id_0='?' (DbType = Guid), @__q_TenantId_1='?' (DbType = Guid)], CommandType='"Text"', CommandTimeout='30']
SELECT b.id, b.author, b.category, b.cover_image_url, b.created_at, b.description, b.file_size_bytes, b.is_active, b.isbn, b.page_count, b.pdf_file_path, b.publish_year, b.publisher, b.tags, b.tenant_id, b.title, b.updated_at, b.uploaded_by_id, b.uploaded_by_name
FROM books AS b
WHERE b.id = @__q_Id_0 AND b.tenant_id = @__q_TenantId_1
LIMIT 1 | MachineName=LVHUI-PC ThreadId=71
[2026-05-15 08:54:38.258 INF] Executing FileStreamResult, sending file with download name '' ... | MachineName=LVHUI-PC ThreadId=71
[2026-05-15 08:54:38.327 INF] Executed action ExamSystem.API.Controllers.BooksController.GetPdf (ExamSystem.API) in 151.1087ms | MachineName=LVHUI-PC ThreadId=70
[2026-05-15 08:54:38.332 INF] Executed endpoint 'ExamSystem.API.Controllers.BooksController.GetPdf (ExamSystem.API)' | MachineName=LVHUI-PC ThreadId=70
[2026-05-15 08:54:38.340 INF] HTTP GET /api/books/d0000000-0000-0000-0000-000000000001/pdf → 200 | 179ms | User=admin(admin) Role=SuperAdmin Tenant=00000000-0000-0000-0000-000000000001 IP=127.0.0.1 TraceId=0HNLI3CN2SFUP:00000001 | MachineName=LVHUI-PC ThreadId=70
[2026-05-15 08:54:38.344 INF] Request finished HTTP/1.1 GET http://localhost:5146/api/books/d0000000-0000-0000-0000-000000000001/pdf - 200 15761160 application/pdf 195.4204ms | MachineName=LVHUI-PC ThreadId=70
[2026-05-15 08:54:41.527 INF] Request starting HTTP/1.1 GET http://localhost:5146/api/audit-logs?page=1&pageSize=20 - null null | MachineName=LVHUI-PC ThreadId=63
[2026-05-15 08:54:41.527 INF] Request starting HTTP/1.1 GET http://localhost:5146/api/tenants?page=1&pageSize=200 - null null | MachineName=LVHUI-PC ThreadId=70
[2026-05-15 08:54:41.532 INF] Executing endpoint 'ExamSystem.API.Controllers.AuditLogsController.GetAuditLogs (ExamSystem.API)' | MachineName=LVHUI-PC ThreadId=63
[2026-05-15 08:54:41.537 INF] Executing endpoint 'ExamSystem.API.Controllers.TenantsController.GetTenants (ExamSystem.API)' | MachineName=LVHUI-PC ThreadId=70
[2026-05-15 08:54:41.540 INF] Route matched with {action = "GetAuditLogs", controller = "AuditLogs"}. Executing controller action with signature System.Threading.Tasks.Task`1[Microsoft.AspNetCore.Mvc.IActionResult] GetAuditLogs(System.Nullable`1[System.Guid], System.String, System.String, System.String, System.Nullable`1[System.DateTime], System.Nullable`1[System.DateTime], Int32, Int32, System.Threading.CancellationToken) on controller ExamSystem.API.Controllers.AuditLogsController (ExamSystem.API). | MachineName=LVHUI-PC ThreadId=63
[2026-05-15 08:54:41.546 INF] Route matched with {action = "GetTenants", controller = "Tenants"}. Executing controller action with signature System.Threading.Tasks.Task`1[Microsoft.AspNetCore.Mvc.IActionResult] GetTenants(Int32, Int32, System.Threading.CancellationToken) on controller ExamSystem.API.Controllers.TenantsController (ExamSystem.API). | MachineName=LVHUI-PC ThreadId=70
[2026-05-15 08:54:41.608 INF] Executed DbCommand (58ms) [Parameters=[], CommandType='"Text"', CommandTimeout='30']
SELECT count(*)::int
FROM audit_logs AS a | MachineName=LVHUI-PC ThreadId=70
[2026-05-15 08:54:41.616 INF] Executed DbCommand (62ms) [Parameters=[], CommandType='"Text"', CommandTimeout='30']
SELECT count(*)
FROM tenants AS t | MachineName=LVHUI-PC ThreadId=71
[2026-05-15 08:54:41.683 INF] Executed DbCommand (65ms) [Parameters=[@__p_1='?' (DbType = Int32), @__p_0='?' (DbType = Int32)], CommandType='"Text"', CommandTimeout='30']
SELECT a.id, a.tenant_id, a.user_id, a.username, a.role, a.action, a.entity_type, a.entity_id, a.request_path, a.query_string, a.status_code, a.duration_ms, a.ip_address, a.error_message, a.created_at
FROM audit_logs AS a
ORDER BY a.created_at DESC
LIMIT @__p_1 OFFSET @__p_0 | MachineName=LVHUI-PC ThreadId=71
[2026-05-15 08:54:41.688 INF] Executed DbCommand (58ms) [Parameters=[@__p_1='?' (DbType = Int32), @__p_0='?' (DbType = Int32)], CommandType='"Text"', CommandTimeout='30']
SELECT t.id, t.name, t.schema_name, t.contact_email, t.is_active, t.ai_call_quota, t.ai_call_used, t.created_at
FROM tenants AS t
ORDER BY t.created_at DESC
LIMIT @__p_1 OFFSET @__p_0 | MachineName=LVHUI-PC ThreadId=70
[2026-05-15 08:54:41.689 INF] Executing OkObjectResult, writing value of type 'ExamSystem.Application.AuditLogs.GetAuditLogsResult'. | MachineName=LVHUI-PC ThreadId=71
[2026-05-15 08:54:41.699 INF] Executing OkObjectResult, writing value of type 'ExamSystem.Application.Common.Models.PaginatedResult`1[[ExamSystem.Application.Tenants.Queries.TenantDto, ExamSystem.Application, Version=1.0.0.0, Culture=neutral, PublicKeyToken=null]]'. | MachineName=LVHUI-PC ThreadId=70
[2026-05-15 08:54:41.703 INF] Executed action ExamSystem.API.Controllers.AuditLogsController.GetAuditLogs (ExamSystem.API) in 154.1875ms | MachineName=LVHUI-PC ThreadId=71
[2026-05-15 08:54:41.710 INF] Executed action ExamSystem.API.Controllers.TenantsController.GetTenants (ExamSystem.API) in 157.3346ms | MachineName=LVHUI-PC ThreadId=70
[2026-05-15 08:54:41.715 INF] Executed endpoint 'ExamSystem.API.Controllers.AuditLogsController.GetAuditLogs (ExamSystem.API)' | MachineName=LVHUI-PC ThreadId=71
[2026-05-15 08:54:41.719 INF] Executed endpoint 'ExamSystem.API.Controllers.TenantsController.GetTenants (ExamSystem.API)' | MachineName=LVHUI-PC ThreadId=70
[2026-05-15 08:54:41.722 INF] HTTP GET /api/audit-logs?page=1&pageSize=20 → 200 | 190ms | User=admin(admin) Role=SuperAdmin Tenant=- IP=127.0.0.1 TraceId=0HNLI3CN2SFUQ:00000001 | MachineName=LVHUI-PC ThreadId=71
[2026-05-15 08:54:41.725 INF] HTTP GET /api/tenants?page=1&pageSize=200 → 200 | 188ms | User=admin(admin) Role=SuperAdmin Tenant=- IP=127.0.0.1 TraceId=0HNLI3CN2SFUR:00000001 | MachineName=LVHUI-PC ThreadId=70
[2026-05-15 08:54:41.729 INF] Request finished HTTP/1.1 GET http://localhost:5146/api/audit-logs?page=1&pageSize=20 - 200 null application/json; charset=utf-8 201.9321ms | MachineName=LVHUI-PC ThreadId=71
[2026-05-15 08:54:41.731 INF] Request finished HTTP/1.1 GET http://localhost:5146/api/tenants?page=1&pageSize=200 - 200 null application/json; charset=utf-8 204.6406ms | MachineName=LVHUI-PC ThreadId=70
[2026-05-15 08:54:46.349 INF] Request starting HTTP/1.1 GET http://localhost:5146/api/messages/inbox?page=1&pageSize=10 - null null | MachineName=LVHUI-PC ThreadId=71
[2026-05-15 08:54:46.355 INF] Executing endpoint 'ExamSystem.API.Controllers.MessagesController.GetInbox (ExamSystem.API)' | MachineName=LVHUI-PC ThreadId=71
[2026-05-15 08:54:46.361 INF] Route matched with {action = "GetInbox", controller = "Messages"}. Executing controller action with signature System.Threading.Tasks.Task`1[Microsoft.AspNetCore.Mvc.IActionResult] GetInbox(Int32, Int32, System.Threading.CancellationToken) on controller ExamSystem.API.Controllers.MessagesController (ExamSystem.API). | MachineName=LVHUI-PC ThreadId=71
[2026-05-15 08:54:46.369 INF] Executing ObjectResult, writing value of type 'Microsoft.AspNetCore.Mvc.ProblemDetails'. | MachineName=LVHUI-PC ThreadId=71
[2026-05-15 08:54:46.374 INF] Executed action ExamSystem.API.Controllers.MessagesController.GetInbox (ExamSystem.API) in 6.9279ms | MachineName=LVHUI-PC ThreadId=71
[2026-05-15 08:54:46.378 INF] Executed endpoint 'ExamSystem.API.Controllers.MessagesController.GetInbox (ExamSystem.API)' | MachineName=LVHUI-PC ThreadId=71
[2026-05-15 08:54:46.381 WRN] HTTP GET /api/messages/inbox?page=1&pageSize=10 → 401 | 26ms | User=admin(admin) Role=SuperAdmin Tenant=- IP=127.0.0.1 TraceId=0HNLI3CN2SFUS:00000001 | MachineName=LVHUI-PC ThreadId=71
[2026-05-15 08:54:46.384 INF] Request finished HTTP/1.1 GET http://localhost:5146/api/messages/inbox?page=1&pageSize=10 - 401 null application/json; charset=utf-8 34.971ms | MachineName=LVHUI-PC ThreadId=71
[2026-05-15 08:54:46.406 INF] Request starting HTTP/1.1 GET http://localhost:5146/api/tenants?page=1&pageSize=200 - null null | MachineName=LVHUI-PC ThreadId=71
[2026-05-15 08:54:46.411 INF] Executing endpoint 'ExamSystem.API.Controllers.TenantsController.GetTenants (ExamSystem.API)' | MachineName=LVHUI-PC ThreadId=71
[2026-05-15 08:54:46.415 INF] Route matched with {action = "GetTenants", controller = "Tenants"}. Executing controller action with signature System.Threading.Tasks.Task`1[Microsoft.AspNetCore.Mvc.IActionResult] GetTenants(Int32, Int32, System.Threading.CancellationToken) on controller ExamSystem.API.Controllers.TenantsController (ExamSystem.API). | MachineName=LVHUI-PC ThreadId=71
[2026-05-15 08:54:46.480 INF] Executed DbCommand (62ms) [Parameters=[], CommandType='"Text"', CommandTimeout='30']
SELECT count(*)
FROM tenants AS t | MachineName=LVHUI-PC ThreadId=71
[2026-05-15 08:54:46.485 INF] Request starting HTTP/1.1 GET http://localhost:5146/api/exam-papers?page=1&pageSize=1 - null null | MachineName=LVHUI-PC ThreadId=63
[2026-05-15 08:54:46.490 INF] Executing endpoint 'ExamSystem.API.Controllers.ExamPapersController.GetExamPapers (ExamSystem.API)' | MachineName=LVHUI-PC ThreadId=63
[2026-05-15 08:54:46.494 INF] Route matched with {action = "GetExamPapers", controller = "ExamPapers"}. Executing controller action with signature System.Threading.Tasks.Task`1[Microsoft.AspNetCore.Mvc.IActionResult] GetExamPapers(Int32, Int32, System.Nullable`1[ExamSystem.Domain.Enums.ExamStatus], System.Threading.CancellationToken) on controller ExamSystem.API.Controllers.ExamPapersController (ExamSystem.API). | MachineName=LVHUI-PC ThreadId=63
[2026-05-15 08:54:46.551 INF] Executed DbCommand (65ms) [Parameters=[@__p_1='?' (DbType = Int32), @__p_0='?' (DbType = Int32)], CommandType='"Text"', CommandTimeout='30']
SELECT t.id, t.name, t.schema_name, t.contact_email, t.is_active, t.ai_call_quota, t.ai_call_used, t.created_at
FROM tenants AS t
ORDER BY t.created_at DESC
LIMIT @__p_1 OFFSET @__p_0 | MachineName=LVHUI-PC ThreadId=63
[2026-05-15 08:54:46.556 INF] Executing OkObjectResult, writing value of type 'ExamSystem.Application.Common.Models.PaginatedResult`1[[ExamSystem.Application.Tenants.Queries.TenantDto, ExamSystem.Application, Version=1.0.0.0, Culture=neutral, PublicKeyToken=null]]'. | MachineName=LVHUI-PC ThreadId=63
[2026-05-15 08:54:46.557 INF] Executed DbCommand (58ms) [Parameters=[], CommandType='"Text"', CommandTimeout='30']
SELECT count(*)
FROM exam_papers AS e | MachineName=LVHUI-PC ThreadId=71
[2026-05-15 08:54:46.560 INF] Executed action ExamSystem.API.Controllers.TenantsController.GetTenants (ExamSystem.API) in 141.7423ms | MachineName=LVHUI-PC ThreadId=63
[2026-05-15 08:54:46.567 INF] Executed endpoint 'ExamSystem.API.Controllers.TenantsController.GetTenants (ExamSystem.API)' | MachineName=LVHUI-PC ThreadId=63
[2026-05-15 08:54:46.570 INF] HTTP GET /api/tenants?page=1&pageSize=200 → 200 | 158ms | User=admin(admin) Role=SuperAdmin Tenant=- IP=127.0.0.1 TraceId=0HNLI3CN2SFUT:00000001 | MachineName=LVHUI-PC ThreadId=63
[2026-05-15 08:54:46.573 INF] Request finished HTTP/1.1 GET http://localhost:5146/api/tenants?page=1&pageSize=200 - 200 null application/json; charset=utf-8 166.6181ms | MachineName=LVHUI-PC ThreadId=63
[2026-05-15 08:54:46.626 INF] Executed DbCommand (62ms) [Parameters=[@__p_1='?' (DbType = Int32), @__p_0='?' (DbType = Int32)], CommandType='"Text"', CommandTimeout='30']
SELECT e.id, e.title, e.description, e.total_score, e.duration_minutes, e.status, e.start_time, e.end_time, e.anti_cheating_enabled, (
    SELECT count(*)::int
    FROM exam_questions AS e0
    WHERE e.id = e0.exam_paper_id), e.created_at
FROM exam_papers AS e
ORDER BY e.created_at DESC
LIMIT @__p_1 OFFSET @__p_0 | MachineName=LVHUI-PC ThreadId=71
[2026-05-15 08:54:46.630 INF] Executing OkObjectResult, writing value of type 'ExamSystem.Application.Common.Models.PaginatedResult`1[[ExamSystem.Application.ExamPapers.Queries.ExamPaperDto, ExamSystem.Application, Version=1.0.0.0, Culture=neutral, PublicKeyToken=null]]'. | MachineName=LVHUI-PC ThreadId=71
[2026-05-15 08:54:46.634 INF] Executed action ExamSystem.API.Controllers.ExamPapersController.GetExamPapers (ExamSystem.API) in 135.6708ms | MachineName=LVHUI-PC ThreadId=71
[2026-05-15 08:54:46.638 INF] Executed endpoint 'ExamSystem.API.Controllers.ExamPapersController.GetExamPapers (ExamSystem.API)' | MachineName=LVHUI-PC ThreadId=71
[2026-05-15 08:54:46.643 INF] HTTP GET /api/exam-papers?page=1&pageSize=1 → 200 | 153ms | User=-(-) Role=- Tenant=- IP=127.0.0.1 TraceId=0HNLI3CN2SFUU:00000001 | MachineName=LVHUI-PC ThreadId=71
[2026-05-15 08:54:46.648 INF] Request finished HTTP/1.1 GET http://localhost:5146/api/exam-papers?page=1&pageSize=1 - 200 null application/json; charset=utf-8 162.9682ms | MachineName=LVHUI-PC ThreadId=71
[2026-05-15 08:54:46.649 INF] Request starting HTTP/1.1 GET http://localhost:5146/api/questions?page=1&pageSize=1 - null null | MachineName=LVHUI-PC ThreadId=69
[2026-05-15 08:54:46.655 WRN] HTTP GET /api/questions?page=1&pageSize=1 → 400 | 0ms | User=-(-) Role=- Tenant=- IP=127.0.0.1 TraceId=0HNLI3CN2SFUV:00000001 | MachineName=LVHUI-PC ThreadId=69
[2026-05-15 08:54:46.660 INF] Request finished HTTP/1.1 GET http://localhost:5146/api/questions?page=1&pageSize=1 - 400 null application/json; charset=utf-8 10.3752ms | MachineName=LVHUI-PC ThreadId=69
[2026-05-15 08:54:46.722 INF] Request starting HTTP/1.1 GET http://localhost:5146/api/exam-papers?page=1&pageSize=5 - null null | MachineName=LVHUI-PC ThreadId=69
[2026-05-15 08:54:46.730 INF] Executing endpoint 'ExamSystem.API.Controllers.ExamPapersController.GetExamPapers (ExamSystem.API)' | MachineName=LVHUI-PC ThreadId=69
[2026-05-15 08:54:46.735 INF] Route matched with {action = "GetExamPapers", controller = "ExamPapers"}. Executing controller action with signature System.Threading.Tasks.Task`1[Microsoft.AspNetCore.Mvc.IActionResult] GetExamPapers(Int32, Int32, System.Nullable`1[ExamSystem.Domain.Enums.ExamStatus], System.Threading.CancellationToken) on controller ExamSystem.API.Controllers.ExamPapersController (ExamSystem.API). | MachineName=LVHUI-PC ThreadId=69
[2026-05-15 08:54:46.799 INF] Request starting HTTP/1.1 GET http://localhost:5146/api/tenants?page=1&pageSize=1 - null null | MachineName=LVHUI-PC ThreadId=69
[2026-05-15 08:54:46.800 INF] Request starting HTTP/1.1 GET http://localhost:5146/api/users?page=1&pageSize=1 - null null | MachineName=LVHUI-PC ThreadId=63
[2026-05-15 08:54:46.805 INF] Executed DbCommand (65ms) [Parameters=[], CommandType='"Text"', CommandTimeout='30']
SELECT count(*)
FROM exam_papers AS e | MachineName=LVHUI-PC ThreadId=71
[2026-05-15 08:54:46.806 INF] Authorization failed. These requirements were not met:
RolesAuthorizationRequirement:User.IsInRole must be true for one of the following roles: (SuperAdmin) | MachineName=LVHUI-PC ThreadId=69
[2026-05-15 08:54:46.811 INF] Authorization failed. These requirements were not met:
RolesAuthorizationRequirement:User.IsInRole must be true for one of the following roles: (SuperAdmin|Admin) | MachineName=LVHUI-PC ThreadId=63
[2026-05-15 08:54:46.821 INF] AuthenticationScheme: Bearer was challenged. | MachineName=LVHUI-PC ThreadId=69
[2026-05-15 08:54:46.824 INF] AuthenticationScheme: Bearer was challenged. | MachineName=LVHUI-PC ThreadId=63
[2026-05-15 08:54:46.828 WRN] HTTP GET /api/tenants?page=1&pageSize=1 → 401 | 22ms | User=-(-) Role=- Tenant=- IP=127.0.0.1 TraceId=0HNLI3CN2SFV1:00000001 | MachineName=LVHUI-PC ThreadId=69
[2026-05-15 08:54:46.831 WRN] HTTP GET /api/users?page=1&pageSize=1 → 401 | 19ms | User=-(-) Role=- Tenant=- IP=127.0.0.1 TraceId=0HNLI3CN2SFV2:00000001 | MachineName=LVHUI-PC ThreadId=63
[2026-05-15 08:54:46.834 INF] Request finished HTTP/1.1 GET http://localhost:5146/api/tenants?page=1&pageSize=1 - 401 0 null 35.1046ms | MachineName=LVHUI-PC ThreadId=69
[2026-05-15 08:54:46.839 INF] Request finished HTTP/1.1 GET http://localhost:5146/api/users?page=1&pageSize=1 - 401 0 null 38.6025ms | MachineName=LVHUI-PC ThreadId=63
[2026-05-15 08:54:46.876 INF] Executed DbCommand (59ms) [Parameters=[@__p_1='?' (DbType = Int32), @__p_0='?' (DbType = Int32)], CommandType='"Text"', CommandTimeout='30']
SELECT e.id, e.title, e.description, e.total_score, e.duration_minutes, e.status, e.start_time, e.end_time, e.anti_cheating_enabled, (
    SELECT count(*)::int
    FROM exam_questions AS e0
    WHERE e.id = e0.exam_paper_id), e.created_at
FROM exam_papers AS e
ORDER BY e.created_at DESC
LIMIT @__p_1 OFFSET @__p_0 | MachineName=LVHUI-PC ThreadId=63
[2026-05-15 08:54:46.879 INF] Executing OkObjectResult, writing value of type 'ExamSystem.Application.Common.Models.PaginatedResult`1[[ExamSystem.Application.ExamPapers.Queries.ExamPaperDto, ExamSystem.Application, Version=1.0.0.0, Culture=neutral, PublicKeyToken=null]]'. | MachineName=LVHUI-PC ThreadId=63
[2026-05-15 08:54:46.882 INF] Executed action ExamSystem.API.Controllers.ExamPapersController.GetExamPapers (ExamSystem.API) in 141.9704ms | MachineName=LVHUI-PC ThreadId=63
[2026-05-15 08:54:46.886 INF] Executed endpoint 'ExamSystem.API.Controllers.ExamPapersController.GetExamPapers (ExamSystem.API)' | MachineName=LVHUI-PC ThreadId=63
[2026-05-15 08:54:46.889 INF] HTTP GET /api/exam-papers?page=1&pageSize=5 → 200 | 159ms | User=-(-) Role=- Tenant=- IP=127.0.0.1 TraceId=0HNLI3CN2SFV0:00000001 | MachineName=LVHUI-PC ThreadId=63
[2026-05-15 08:54:46.894 INF] Request finished HTTP/1.1 GET http://localhost:5146/api/exam-papers?page=1&pageSize=5 - 200 null application/json; charset=utf-8 171.6082ms | MachineName=LVHUI-PC ThreadId=63
[2026-05-15 08:55:45.167 INF] Request starting HTTP/1.1 POST http://localhost:5146/api/auth/login - application/json 46 | MachineName=LVHUI-PC ThreadId=71
[2026-05-15 08:55:45.179 INF] Executing endpoint 'ExamSystem.API.Controllers.AuthController.Login (ExamSystem.API)' | MachineName=LVHUI-PC ThreadId=71
[2026-05-15 08:55:45.183 INF] Route matched with {action = "Login", controller = "Auth"}. Executing controller action with signature System.Threading.Tasks.Task`1[Microsoft.AspNetCore.Mvc.IActionResult] Login(ExamSystem.API.Controllers.LoginRequest, System.Threading.CancellationToken) on controller ExamSystem.API.Controllers.AuthController (ExamSystem.API). | MachineName=LVHUI-PC ThreadId=71
[2026-05-15 08:55:45.247 INF] Executed DbCommand (58ms) [Parameters=[@__command_Username_0='?'], CommandType='"Text"', CommandTimeout='30']
SELECT u.id, u.created_at, u.email, u.is_active, u.last_login_at, u.password_hash, u.role, u.tenant_id, u.updated_at, u.username
FROM users AS u
WHERE u.username = @__command_Username_0 AND u.is_active
LIMIT 1 | MachineName=LVHUI-PC ThreadId=71
[2026-05-15 08:55:45.295 INF] Executing OkObjectResult, writing value of type 'ExamSystem.Application.Auth.Commands.LoginResult'. | MachineName=LVHUI-PC ThreadId=71
[2026-05-15 08:55:45.299 INF] Executed action ExamSystem.API.Controllers.AuthController.Login (ExamSystem.API) in 112.1049ms | MachineName=LVHUI-PC ThreadId=71
[2026-05-15 08:55:45.304 INF] Executed endpoint 'ExamSystem.API.Controllers.AuthController.Login (ExamSystem.API)' | MachineName=LVHUI-PC ThreadId=71
[2026-05-15 08:55:45.308 INF] HTTP POST /api/auth/login → 200 | 128ms | User=-(-) Role=- Tenant=- IP=127.0.0.1 TraceId=0HNLI3CN2SFV3:00000001 | MachineName=LVHUI-PC ThreadId=71
[2026-05-15 08:55:45.312 INF] Request finished HTTP/1.1 POST http://localhost:5146/api/auth/login - 200 null application/json; charset=utf-8 145.2261ms | MachineName=LVHUI-PC ThreadId=71
[2026-05-15 08:55:45.348 INF] Request starting HTTP/1.1 GET http://localhost:5146/api/exam-papers?page=1&pageSize=1 - null null | MachineName=LVHUI-PC ThreadId=69
[2026-05-15 08:55:45.353 INF] Executing endpoint 'ExamSystem.API.Controllers.ExamPapersController.GetExamPapers (ExamSystem.API)' | MachineName=LVHUI-PC ThreadId=69
[2026-05-15 08:55:45.363 INF] Route matched with {action = "GetExamPapers", controller = "ExamPapers"}. Executing controller action with signature System.Threading.Tasks.Task`1[Microsoft.AspNetCore.Mvc.IActionResult] GetExamPapers(Int32, Int32, System.Nullable`1[ExamSystem.Domain.Enums.ExamStatus], System.Threading.CancellationToken) on controller ExamSystem.API.Controllers.ExamPapersController (ExamSystem.API). | MachineName=LVHUI-PC ThreadId=69
[2026-05-15 08:55:45.426 INF] Executed DbCommand (59ms) [Parameters=[], CommandType='"Text"', CommandTimeout='30']
SELECT count(*)
FROM exam_papers AS e | MachineName=LVHUI-PC ThreadId=69
[2026-05-15 08:55:45.487 INF] Executed DbCommand (58ms) [Parameters=[@__p_1='?' (DbType = Int32), @__p_0='?' (DbType = Int32)], CommandType='"Text"', CommandTimeout='30']
SELECT e.id, e.title, e.description, e.total_score, e.duration_minutes, e.status, e.start_time, e.end_time, e.anti_cheating_enabled, (
    SELECT count(*)::int
    FROM exam_questions AS e0
    WHERE e.id = e0.exam_paper_id), e.created_at
FROM exam_papers AS e
ORDER BY e.created_at DESC
LIMIT @__p_1 OFFSET @__p_0 | MachineName=LVHUI-PC ThreadId=69
[2026-05-15 08:55:45.490 INF] Executing OkObjectResult, writing value of type 'ExamSystem.Application.Common.Models.PaginatedResult`1[[ExamSystem.Application.ExamPapers.Queries.ExamPaperDto, ExamSystem.Application, Version=1.0.0.0, Culture=neutral, PublicKeyToken=null]]'. | MachineName=LVHUI-PC ThreadId=69
[2026-05-15 08:55:45.494 INF] Executed action ExamSystem.API.Controllers.ExamPapersController.GetExamPapers (ExamSystem.API) in 126.9898ms | MachineName=LVHUI-PC ThreadId=69
[2026-05-15 08:55:45.498 INF] Executed endpoint 'ExamSystem.API.Controllers.ExamPapersController.GetExamPapers (ExamSystem.API)' | MachineName=LVHUI-PC ThreadId=69
[2026-05-15 08:55:45.502 INF] HTTP GET /api/exam-papers?page=1&pageSize=1 → 200 | 149ms | User=admin(admin) Role=SuperAdmin Tenant=- IP=127.0.0.1 TraceId=0HNLI3CN2SFV4:00000001 | MachineName=LVHUI-PC ThreadId=69
[2026-05-15 08:55:45.506 INF] Request finished HTTP/1.1 GET http://localhost:5146/api/exam-papers?page=1&pageSize=1 - 200 null application/json; charset=utf-8 157.944ms | MachineName=LVHUI-PC ThreadId=69
[2026-05-15 08:55:45.655 INF] Request starting HTTP/1.1 GET http://localhost:5146/api/questions?page=1&pageSize=1 - null null | MachineName=LVHUI-PC ThreadId=69
[2026-05-15 08:55:45.655 INF] Request starting HTTP/1.1 GET http://localhost:5146/api/exam-papers?page=1&pageSize=5 - null null | MachineName=LVHUI-PC ThreadId=71
[2026-05-15 08:55:45.655 INF] Request starting HTTP/1.1 GET http://localhost:5146/api/tenants?page=1&pageSize=200 - null null | MachineName=LVHUI-PC ThreadId=75
[2026-05-15 08:55:45.662 INF] Executing endpoint 'ExamSystem.API.Controllers.QuestionsController.GetQuestions (ExamSystem.API)' | MachineName=LVHUI-PC ThreadId=69
[2026-05-15 08:55:45.675 INF] Executing endpoint 'ExamSystem.API.Controllers.ExamPapersController.GetExamPapers (ExamSystem.API)' | MachineName=LVHUI-PC ThreadId=71
[2026-05-15 08:55:45.681 INF] Executing endpoint 'ExamSystem.API.Controllers.TenantsController.GetTenants (ExamSystem.API)' | MachineName=LVHUI-PC ThreadId=75
[2026-05-15 08:55:45.684 INF] Route matched with {action = "GetQuestions", controller = "Questions"}. Executing controller action with signature System.Threading.Tasks.Task`1[Microsoft.AspNetCore.Mvc.IActionResult] GetQuestions(Int32, Int32, System.Nullable`1[ExamSystem.Domain.Enums.QuestionType], System.Nullable`1[System.Int32], System.String, System.Threading.CancellationToken) on controller ExamSystem.API.Controllers.QuestionsController (ExamSystem.API). | MachineName=LVHUI-PC ThreadId=69
[2026-05-15 08:55:45.688 INF] Route matched with {action = "GetExamPapers", controller = "ExamPapers"}. Executing controller action with signature System.Threading.Tasks.Task`1[Microsoft.AspNetCore.Mvc.IActionResult] GetExamPapers(Int32, Int32, System.Nullable`1[ExamSystem.Domain.Enums.ExamStatus], System.Threading.CancellationToken) on controller ExamSystem.API.Controllers.ExamPapersController (ExamSystem.API). | MachineName=LVHUI-PC ThreadId=71
[2026-05-15 08:55:45.691 INF] Route matched with {action = "GetTenants", controller = "Tenants"}. Executing controller action with signature System.Threading.Tasks.Task`1[Microsoft.AspNetCore.Mvc.IActionResult] GetTenants(Int32, Int32, System.Threading.CancellationToken) on controller ExamSystem.API.Controllers.TenantsController (ExamSystem.API). | MachineName=LVHUI-PC ThreadId=75
[2026-05-15 08:55:45.753 INF] Executed DbCommand (58ms) [Parameters=[], CommandType='"Text"', CommandTimeout='30']
SELECT count(*)
FROM questions AS q
WHERE q.is_active | MachineName=LVHUI-PC ThreadId=75
[2026-05-15 08:55:45.817 INF] Executed DbCommand (58ms) [Parameters=[@__p_1='?' (DbType = Int32), @__p_0='?' (DbType = Int32)], CommandType='"Text"', CommandTimeout='30']
SELECT q.id, q.type, q.content, q.knowledge_point, q.difficulty, q.is_ai_generated, q.created_at
FROM questions AS q
WHERE q.is_active
ORDER BY q.created_at DESC
LIMIT @__p_1 OFFSET @__p_0 | MachineName=LVHUI-PC ThreadId=75
[2026-05-15 08:55:45.823 INF] Executing OkObjectResult, writing value of type 'ExamSystem.Application.Common.Models.PaginatedResult`1[[ExamSystem.Application.Questions.Queries.QuestionDto, ExamSystem.Application, Version=1.0.0.0, Culture=neutral, PublicKeyToken=null]]'. | MachineName=LVHUI-PC ThreadId=75
[2026-05-15 08:55:45.829 INF] Executed action ExamSystem.API.Controllers.QuestionsController.GetQuestions (ExamSystem.API) in 134.4342ms | MachineName=LVHUI-PC ThreadId=75
[2026-05-15 08:55:45.834 INF] Executed endpoint 'ExamSystem.API.Controllers.QuestionsController.GetQuestions (ExamSystem.API)' | MachineName=LVHUI-PC ThreadId=75
[2026-05-15 08:55:45.840 INF] HTTP GET /api/questions?page=1&pageSize=1 → 200 | 178ms | User=admin(admin) Role=SuperAdmin Tenant=- IP=127.0.0.1 TraceId=0HNLI3CN2SFV5:00000001 | MachineName=LVHUI-PC ThreadId=75
[2026-05-15 08:55:45.844 INF] Request finished HTTP/1.1 GET http://localhost:5146/api/questions?page=1&pageSize=1 - 200 null application/json; charset=utf-8 188.5386ms | MachineName=LVHUI-PC ThreadId=75
[2026-05-15 08:55:45.851 INF] Request starting HTTP/1.1 GET http://localhost:5146/api/tenants?page=1&pageSize=1 - null null | MachineName=LVHUI-PC ThreadId=71
[2026-05-15 08:55:45.858 INF] Executing endpoint 'ExamSystem.API.Controllers.TenantsController.GetTenants (ExamSystem.API)' | MachineName=LVHUI-PC ThreadId=71
[2026-05-15 08:55:45.861 INF] Route matched with {action = "GetTenants", controller = "Tenants"}. Executing controller action with signature System.Threading.Tasks.Task`1[Microsoft.AspNetCore.Mvc.IActionResult] GetTenants(Int32, Int32, System.Threading.CancellationToken) on controller ExamSystem.API.Controllers.TenantsController (ExamSystem.API). | MachineName=LVHUI-PC ThreadId=71
[2026-05-15 08:55:45.924 INF] Executed DbCommand (58ms) [Parameters=[], CommandType='"Text"', CommandTimeout='30']
SELECT count(*)
FROM tenants AS t | MachineName=LVHUI-PC ThreadId=71
[2026-05-15 08:55:45.985 INF] Executed DbCommand (58ms) [Parameters=[@__p_1='?' (DbType = Int32), @__p_0='?' (DbType = Int32)], CommandType='"Text"', CommandTimeout='30']
SELECT t.id, t.name, t.schema_name, t.contact_email, t.is_active, t.ai_call_quota, t.ai_call_used, t.created_at
FROM tenants AS t
ORDER BY t.created_at DESC
LIMIT @__p_1 OFFSET @__p_0 | MachineName=LVHUI-PC ThreadId=71
[2026-05-15 08:55:45.989 INF] Executing OkObjectResult, writing value of type 'ExamSystem.Application.Common.Models.PaginatedResult`1[[ExamSystem.Application.Tenants.Queries.TenantDto, ExamSystem.Application, Version=1.0.0.0, Culture=neutral, PublicKeyToken=null]]'. | MachineName=LVHUI-PC ThreadId=71
[2026-05-15 08:55:45.992 INF] Executed action ExamSystem.API.Controllers.TenantsController.GetTenants (ExamSystem.API) in 126.8567ms | MachineName=LVHUI-PC ThreadId=71
[2026-05-15 08:55:45.996 INF] Executed endpoint 'ExamSystem.API.Controllers.TenantsController.GetTenants (ExamSystem.API)' | MachineName=LVHUI-PC ThreadId=71
[2026-05-15 08:55:46.000 INF] HTTP GET /api/tenants?page=1&pageSize=1 → 200 | 142ms | User=admin(admin) Role=SuperAdmin Tenant=- IP=127.0.0.1 TraceId=0HNLI3CN2SFV8:00000001 | MachineName=LVHUI-PC ThreadId=71
[2026-05-15 08:55:46.003 INF] Request finished HTTP/1.1 GET http://localhost:5146/api/tenants?page=1&pageSize=1 - 200 null application/json; charset=utf-8 152.2312ms | MachineName=LVHUI-PC ThreadId=71
[2026-05-15 08:55:46.154 INF] Request starting HTTP/1.1 GET http://localhost:5146/api/users?page=1&pageSize=1 - null null | MachineName=LVHUI-PC ThreadId=70
[2026-05-15 08:55:46.163 INF] Executing endpoint 'ExamSystem.API.Controllers.UsersController.GetUsers (ExamSystem.API)' | MachineName=LVHUI-PC ThreadId=70
[2026-05-15 08:55:46.171 INF] Route matched with {action = "GetUsers", controller = "Users"}. Executing controller action with signature System.Threading.Tasks.Task`1[Microsoft.AspNetCore.Mvc.IActionResult] GetUsers(System.Nullable`1[System.Guid], System.Nullable`1[ExamSystem.Domain.Enums.UserRole], System.Nullable`1[System.Boolean], System.String, Int32, Int32, System.Threading.CancellationToken) on controller ExamSystem.API.Controllers.UsersController (ExamSystem.API). | MachineName=LVHUI-PC ThreadId=70
[2026-05-15 08:55:46.237 INF] Executed DbCommand (58ms) [Parameters=[], CommandType='"Text"', CommandTimeout='30']
SELECT count(*)
FROM users AS u | MachineName=LVHUI-PC ThreadId=70
[2026-05-15 08:55:46.298 INF] Executed DbCommand (58ms) [Parameters=[@__p_1='?' (DbType = Int32), @__p_0='?' (DbType = Int32)], CommandType='"Text"', CommandTimeout='30']
SELECT t.id, t.tenant_id, t0.name, t.username, t.email, t.role, t.is_active, t.last_login_at, t.created_at
FROM (
    SELECT u.id, u.created_at, u.email, u.is_active, u.last_login_at, u.role, u.tenant_id, u.username
    FROM users AS u
    ORDER BY u.created_at DESC
    LIMIT @__p_1 OFFSET @__p_0
) AS t
LEFT JOIN tenants AS t0 ON t.tenant_id = t0.id
ORDER BY t.created_at DESC | MachineName=LVHUI-PC ThreadId=70
[2026-05-15 08:55:46.302 INF] Executing OkObjectResult, writing value of type 'ExamSystem.Application.Common.Models.PaginatedResult`1[[ExamSystem.Application.Users.Queries.UserDto, ExamSystem.Application, Version=1.0.0.0, Culture=neutral, PublicKeyToken=null]]'. | MachineName=LVHUI-PC ThreadId=70
[2026-05-15 08:55:46.306 INF] Executed action ExamSystem.API.Controllers.UsersController.GetUsers (ExamSystem.API) in 127.0801ms | MachineName=LVHUI-PC ThreadId=70
[2026-05-15 08:55:46.313 INF] Executed endpoint 'ExamSystem.API.Controllers.UsersController.GetUsers (ExamSystem.API)' | MachineName=LVHUI-PC ThreadId=70
[2026-05-15 08:55:46.317 INF] HTTP GET /api/users?page=1&pageSize=1 → 200 | 154ms | User=admin(admin) Role=SuperAdmin Tenant=- IP=127.0.0.1 TraceId=0HNLI3CN2SFV9:00000001 | MachineName=LVHUI-PC ThreadId=70
[2026-05-15 08:55:46.321 INF] Request finished HTTP/1.1 GET http://localhost:5146/api/users?page=1&pageSize=1 - 200 null application/json; charset=utf-8 167.1673ms | MachineName=LVHUI-PC ThreadId=70
[2026-05-15 08:55:46.400 INF] Executed DbCommand (61ms) [Parameters=[], CommandType='"Text"', CommandTimeout='30']
SELECT count(*)
FROM tenants AS t | MachineName=LVHUI-PC ThreadId=70
[2026-05-15 08:55:46.464 INF] Executed DbCommand (57ms) [Parameters=[@__p_1='?' (DbType = Int32), @__p_0='?' (DbType = Int32)], CommandType='"Text"', CommandTimeout='30']
SELECT t.id, t.name, t.schema_name, t.contact_email, t.is_active, t.ai_call_quota, t.ai_call_used, t.created_at
FROM tenants AS t
ORDER BY t.created_at DESC
LIMIT @__p_1 OFFSET @__p_0 | MachineName=LVHUI-PC ThreadId=70
[2026-05-15 08:55:46.468 INF] Executing OkObjectResult, writing value of type 'ExamSystem.Application.Common.Models.PaginatedResult`1[[ExamSystem.Application.Tenants.Queries.TenantDto, ExamSystem.Application, Version=1.0.0.0, Culture=neutral, PublicKeyToken=null]]'. | MachineName=LVHUI-PC ThreadId=70
[2026-05-15 08:55:46.471 INF] Executed action ExamSystem.API.Controllers.TenantsController.GetTenants (ExamSystem.API) in 767.8057ms | MachineName=LVHUI-PC ThreadId=70
[2026-05-15 08:55:46.475 INF] Executed endpoint 'ExamSystem.API.Controllers.TenantsController.GetTenants (ExamSystem.API)' | MachineName=LVHUI-PC ThreadId=70
[2026-05-15 08:55:46.477 INF] HTTP GET /api/tenants?page=1&pageSize=200 → 200 | 796ms | User=admin(admin) Role=SuperAdmin Tenant=- IP=127.0.0.1 TraceId=0HNLI3CN2SFV7:00000001 | MachineName=LVHUI-PC ThreadId=70
[2026-05-15 08:55:46.481 INF] Request finished HTTP/1.1 GET http://localhost:5146/api/tenants?page=1&pageSize=200 - 200 null application/json; charset=utf-8 825.826ms | MachineName=LVHUI-PC ThreadId=70
[2026-05-15 08:55:46.541 INF] Executed DbCommand (78ms) [Parameters=[], CommandType='"Text"', CommandTimeout='30']
SELECT count(*)
FROM exam_papers AS e | MachineName=LVHUI-PC ThreadId=70
[2026-05-15 08:55:46.606 INF] Executed DbCommand (59ms) [Parameters=[@__p_1='?' (DbType = Int32), @__p_0='?' (DbType = Int32)], CommandType='"Text"', CommandTimeout='30']
SELECT e.id, e.title, e.description, e.total_score, e.duration_minutes, e.status, e.start_time, e.end_time, e.anti_cheating_enabled, (
    SELECT count(*)::int
    FROM exam_questions AS e0
    WHERE e.id = e0.exam_paper_id), e.created_at
FROM exam_papers AS e
ORDER BY e.created_at DESC
LIMIT @__p_1 OFFSET @__p_0 | MachineName=LVHUI-PC ThreadId=70
[2026-05-15 08:55:46.610 INF] Executing OkObjectResult, writing value of type 'ExamSystem.Application.Common.Models.PaginatedResult`1[[ExamSystem.Application.ExamPapers.Queries.ExamPaperDto, ExamSystem.Application, Version=1.0.0.0, Culture=neutral, PublicKeyToken=null]]'. | MachineName=LVHUI-PC ThreadId=70
[2026-05-15 08:55:46.614 INF] Executed action ExamSystem.API.Controllers.ExamPapersController.GetExamPapers (ExamSystem.API) in 914.6553ms | MachineName=LVHUI-PC ThreadId=70
[2026-05-15 08:55:46.619 INF] Executed endpoint 'ExamSystem.API.Controllers.ExamPapersController.GetExamPapers (ExamSystem.API)' | MachineName=LVHUI-PC ThreadId=70
[2026-05-15 08:55:46.623 INF] HTTP GET /api/exam-papers?page=1&pageSize=5 → 200 | 948ms | User=admin(admin) Role=SuperAdmin Tenant=- IP=127.0.0.1 TraceId=0HNLI3CN2SFV6:00000001 | MachineName=LVHUI-PC ThreadId=70
[2026-05-15 08:55:46.625 INF] Request finished HTTP/1.1 GET http://localhost:5146/api/exam-papers?page=1&pageSize=5 - 200 null application/json; charset=utf-8 969.7857ms | MachineName=LVHUI-PC ThreadId=70
[2026-05-15 08:55:46.711 INF] Request starting HTTP/1.1 GET http://localhost:5146/api/users?page=1&pageSize=20 - null null | MachineName=LVHUI-PC ThreadId=71
[2026-05-15 08:55:46.718 INF] Executing endpoint 'ExamSystem.API.Controllers.UsersController.GetUsers (ExamSystem.API)' | MachineName=LVHUI-PC ThreadId=71
[2026-05-15 08:55:46.722 INF] Route matched with {action = "GetUsers", controller = "Users"}. Executing controller action with signature System.Threading.Tasks.Task`1[Microsoft.AspNetCore.Mvc.IActionResult] GetUsers(System.Nullable`1[System.Guid], System.Nullable`1[ExamSystem.Domain.Enums.UserRole], System.Nullable`1[System.Boolean], System.String, Int32, Int32, System.Threading.CancellationToken) on controller ExamSystem.API.Controllers.UsersController (ExamSystem.API). | MachineName=LVHUI-PC ThreadId=71
[2026-05-15 08:55:46.784 INF] Executed DbCommand (58ms) [Parameters=[], CommandType='"Text"', CommandTimeout='30']
SELECT count(*)
FROM users AS u | MachineName=LVHUI-PC ThreadId=71
[2026-05-15 08:55:46.870 INF] Executed DbCommand (80ms) [Parameters=[@__p_1='?' (DbType = Int32), @__p_0='?' (DbType = Int32)], CommandType='"Text"', CommandTimeout='30']
SELECT t.id, t.tenant_id, t0.name, t.username, t.email, t.role, t.is_active, t.last_login_at, t.created_at
FROM (
    SELECT u.id, u.created_at, u.email, u.is_active, u.last_login_at, u.role, u.tenant_id, u.username
    FROM users AS u
    ORDER BY u.created_at DESC
    LIMIT @__p_1 OFFSET @__p_0
) AS t
LEFT JOIN tenants AS t0 ON t.tenant_id = t0.id
ORDER BY t.created_at DESC | MachineName=LVHUI-PC ThreadId=71
[2026-05-15 08:55:46.876 INF] Executing OkObjectResult, writing value of type 'ExamSystem.Application.Common.Models.PaginatedResult`1[[ExamSystem.Application.Users.Queries.UserDto, ExamSystem.Application, Version=1.0.0.0, Culture=neutral, PublicKeyToken=null]]'. | MachineName=LVHUI-PC ThreadId=71
[2026-05-15 08:55:46.881 INF] Request starting HTTP/1.1 GET http://localhost:5146/api/tenants?page=1&pageSize=200 - null null | MachineName=LVHUI-PC ThreadId=69
[2026-05-15 08:55:46.882 INF] Executed action ExamSystem.API.Controllers.UsersController.GetUsers (ExamSystem.API) in 155.8989ms | MachineName=LVHUI-PC ThreadId=71
[2026-05-15 08:55:46.889 INF] Executing endpoint 'ExamSystem.API.Controllers.TenantsController.GetTenants (ExamSystem.API)' | MachineName=LVHUI-PC ThreadId=69
[2026-05-15 08:55:46.892 INF] Executed endpoint 'ExamSystem.API.Controllers.UsersController.GetUsers (ExamSystem.API)' | MachineName=LVHUI-PC ThreadId=71
[2026-05-15 08:55:46.895 INF] Route matched with {action = "GetTenants", controller = "Tenants"}. Executing controller action with signature System.Threading.Tasks.Task`1[Microsoft.AspNetCore.Mvc.IActionResult] GetTenants(Int32, Int32, System.Threading.CancellationToken) on controller ExamSystem.API.Controllers.TenantsController (ExamSystem.API). | MachineName=LVHUI-PC ThreadId=69
[2026-05-15 08:55:46.898 INF] HTTP GET /api/users?page=1&pageSize=20 → 200 | 180ms | User=admin(admin) Role=SuperAdmin Tenant=- IP=127.0.0.1 TraceId=0HNLI3CN2SFVA:00000001 | MachineName=LVHUI-PC ThreadId=71
[2026-05-15 08:55:46.905 INF] Request finished HTTP/1.1 GET http://localhost:5146/api/users?page=1&pageSize=20 - 200 null application/json; charset=utf-8 194.1489ms | MachineName=LVHUI-PC ThreadId=71
[2026-05-15 08:55:46.961 INF] Executed DbCommand (59ms) [Parameters=[], CommandType='"Text"', CommandTimeout='30']
SELECT count(*)
FROM tenants AS t | MachineName=LVHUI-PC ThreadId=71
[2026-05-15 08:55:47.022 INF] Executed DbCommand (58ms) [Parameters=[@__p_1='?' (DbType = Int32), @__p_0='?' (DbType = Int32)], CommandType='"Text"', CommandTimeout='30']
SELECT t.id, t.name, t.schema_name, t.contact_email, t.is_active, t.ai_call_quota, t.ai_call_used, t.created_at
FROM tenants AS t
ORDER BY t.created_at DESC
LIMIT @__p_1 OFFSET @__p_0 | MachineName=LVHUI-PC ThreadId=71
[2026-05-15 08:55:47.028 INF] Executing OkObjectResult, writing value of type 'ExamSystem.Application.Common.Models.PaginatedResult`1[[ExamSystem.Application.Tenants.Queries.TenantDto, ExamSystem.Application, Version=1.0.0.0, Culture=neutral, PublicKeyToken=null]]'. | MachineName=LVHUI-PC ThreadId=71
[2026-05-15 08:55:47.035 INF] Executed action ExamSystem.API.Controllers.TenantsController.GetTenants (ExamSystem.API) in 133.4947ms | MachineName=LVHUI-PC ThreadId=71
[2026-05-15 08:55:47.042 INF] Executed endpoint 'ExamSystem.API.Controllers.TenantsController.GetTenants (ExamSystem.API)' | MachineName=LVHUI-PC ThreadId=71
[2026-05-15 08:55:47.047 INF] HTTP GET /api/tenants?page=1&pageSize=200 → 200 | 158ms | User=admin(admin) Role=SuperAdmin Tenant=- IP=127.0.0.1 TraceId=0HNLI3CN2SFVB:00000001 | MachineName=LVHUI-PC ThreadId=71
[2026-05-15 08:55:47.053 INF] Request finished HTTP/1.1 GET http://localhost:5146/api/tenants?page=1&pageSize=200 - 200 null application/json; charset=utf-8 171.7879ms | MachineName=LVHUI-PC ThreadId=71
[2026-05-15 08:57:20.133 INF] Application is shutting down... | MachineName=LVHUI-PC ThreadId=47
[2026-05-15 09:05:26.032 INF] ExamSystem API 启动成功，环境：Development | MachineName=LVHUI-PC ThreadId=1
[2026-05-15 09:05:26.065 INF] User profile is available. Using 'C:\Users\jeffz\AppData\Local\ASP.NET\DataProtection-Keys' as key repository and Windows DPAPI to encrypt keys at rest. | MachineName=LVHUI-PC ThreadId=1
[2026-05-15 09:05:26.131 INF] Now listening on: http://localhost:5146 | MachineName=LVHUI-PC ThreadId=1
[2026-05-15 09:05:26.132 INF] Application started. Press Ctrl+C to shut down. | MachineName=LVHUI-PC ThreadId=1
[2026-05-15 09:05:26.133 INF] Hosting environment: Development | MachineName=LVHUI-PC ThreadId=1
[2026-05-15 09:05:26.133 INF] Content root path: C:\Projects\exam-system\src\ExamSystem.API | MachineName=LVHUI-PC ThreadId=1
[2026-05-15 09:05:26.242 INF] Request starting HTTP/1.1 GET http://localhost:5146/swagger - null null | MachineName=LVHUI-PC ThreadId=7
[2026-05-15 09:05:26.276 INF] Request finished HTTP/1.1 GET http://localhost:5146/swagger - 301 0 null 34.8243ms | MachineName=LVHUI-PC ThreadId=7
[2026-05-15 09:05:26.280 INF] Request starting HTTP/1.1 GET http://localhost:5146/swagger/index.html - null null | MachineName=LVHUI-PC ThreadId=10
[2026-05-15 09:05:26.317 INF] Request finished HTTP/1.1 GET http://localhost:5146/swagger/index.html - 200 null text/html;charset=utf-8 37.04ms | MachineName=LVHUI-PC ThreadId=10
[2026-05-15 09:05:26.409 INF] Request starting HTTP/1.1 GET http://localhost:5146/swagger/swagger-ui.css - null null | MachineName=LVHUI-PC ThreadId=7
[2026-05-15 09:05:26.410 INF] Request starting HTTP/1.1 GET http://localhost:5146/swagger/swagger-ui-bundle.js - null null | MachineName=LVHUI-PC ThreadId=11
[2026-05-15 09:05:26.410 INF] Request starting HTTP/1.1 GET http://localhost:5146/swagger/swagger-ui-standalone-preset.js - null null | MachineName=LVHUI-PC ThreadId=9
[2026-05-15 09:05:26.441 INF] Sending file. Request path: '/swagger-ui.css'. Physical path: 'N/A' | MachineName=LVHUI-PC ThreadId=10
[2026-05-15 09:05:26.441 INF] Sending file. Request path: '/swagger-ui-standalone-preset.js'. Physical path: 'N/A' | MachineName=LVHUI-PC ThreadId=16
[2026-05-15 09:05:26.442 INF] Request finished HTTP/1.1 GET http://localhost:5146/swagger/swagger-ui-standalone-preset.js - 200 230280 text/javascript 31.6507ms | MachineName=LVHUI-PC ThreadId=16
[2026-05-15 09:05:26.442 INF] Request finished HTTP/1.1 GET http://localhost:5146/swagger/swagger-ui.css - 200 152034 text/css 32.8217ms | MachineName=LVHUI-PC ThreadId=10
[2026-05-15 09:05:26.452 INF] Sending file. Request path: '/swagger-ui-bundle.js'. Physical path: 'N/A' | MachineName=LVHUI-PC ThreadId=9
[2026-05-15 09:05:26.452 INF] Request finished HTTP/1.1 GET http://localhost:5146/swagger/swagger-ui-bundle.js - 200 1456926 text/javascript 42.5555ms | MachineName=LVHUI-PC ThreadId=9
[2026-05-15 09:05:26.993 INF] Request starting HTTP/1.1 GET http://localhost:5146/swagger/v1/swagger.json - null null | MachineName=LVHUI-PC ThreadId=10
[2026-05-15 09:05:27.077 INF] Request finished HTTP/1.1 GET http://localhost:5146/swagger/v1/swagger.json - 200 null application/json;charset=utf-8 84.501ms | MachineName=LVHUI-PC ThreadId=16
[2026-05-15 09:05:29.938 INF] Request starting HTTP/1.1 POST http://localhost:5146/api/auth/login - application/json 46 | MachineName=LVHUI-PC ThreadId=11
[2026-05-15 09:05:32.590 INF] Executing endpoint 'ExamSystem.API.Controllers.AuthController.Login (ExamSystem.API)' | MachineName=LVHUI-PC ThreadId=11
[2026-05-15 09:05:32.603 INF] Route matched with {action = "Login", controller = "Auth"}. Executing controller action with signature System.Threading.Tasks.Task`1[Microsoft.AspNetCore.Mvc.IActionResult] Login(ExamSystem.API.Controllers.LoginRequest, System.Threading.CancellationToken) on controller ExamSystem.API.Controllers.AuthController (ExamSystem.API). | MachineName=LVHUI-PC ThreadId=11
[2026-05-15 09:05:38.688 WRN] Redis 不可用，已启用内存缓存降级模式。 | MachineName=LVHUI-PC ThreadId=11
[2026-05-15 09:05:40.215 INF] Executed DbCommand (98ms) [Parameters=[@__command_Username_0='?'], CommandType='"Text"', CommandTimeout='30']
SELECT u.id, u.created_at, u.email, u.is_active, u.last_login_at, u.password_hash, u.role, u.tenant_id, u.updated_at, u.username
FROM users AS u
WHERE u.username = @__command_Username_0 AND u.is_active
LIMIT 1 | MachineName=LVHUI-PC ThreadId=9
[2026-05-15 09:05:40.305 INF] Executing OkObjectResult, writing value of type 'ExamSystem.Application.Auth.Commands.LoginResult'. | MachineName=LVHUI-PC ThreadId=9
[2026-05-15 09:05:40.310 INF] Executed action ExamSystem.API.Controllers.AuthController.Login (ExamSystem.API) in 7705.2622ms | MachineName=LVHUI-PC ThreadId=9
[2026-05-15 09:05:40.311 INF] Executed endpoint 'ExamSystem.API.Controllers.AuthController.Login (ExamSystem.API)' | MachineName=LVHUI-PC ThreadId=9
[2026-05-15 09:05:40.313 INF] HTTP POST /api/auth/login → 200 | 10368ms | User=-(-) Role=- Tenant=- IP=127.0.0.1 TraceId=0HNLI3O68E30J:00000001 | MachineName=LVHUI-PC ThreadId=9
[2026-05-15 09:05:40.320 INF] Request finished HTTP/1.1 POST http://localhost:5146/api/auth/login - 200 null application/json; charset=utf-8 10381.3876ms | MachineName=LVHUI-PC ThreadId=9
[2026-05-15 09:05:40.750 INF] Request starting HTTP/1.1 GET http://localhost:5146/api/exam-papers?page=1&pageSize=1 - null null | MachineName=LVHUI-PC ThreadId=10
[2026-05-15 09:05:40.750 INF] Request starting HTTP/1.1 GET http://localhost:5146/api/questions?page=1&pageSize=1 - null null | MachineName=LVHUI-PC ThreadId=7
[2026-05-15 09:05:45.802 INF] Executing endpoint 'ExamSystem.API.Controllers.ExamPapersController.GetExamPapers (ExamSystem.API)' | MachineName=LVHUI-PC ThreadId=10
[2026-05-15 09:05:45.802 INF] Request starting HTTP/1.1 GET http://localhost:5146/api/exam-papers?page=1&pageSize=5 - null null | MachineName=LVHUI-PC ThreadId=17
[2026-05-15 09:05:45.806 INF] Request starting HTTP/1.1 GET http://localhost:5146/api/tenants?page=1&pageSize=200 - null null | MachineName=LVHUI-PC ThreadId=11
[2026-05-15 09:05:45.808 INF] Executing endpoint 'ExamSystem.API.Controllers.QuestionsController.GetQuestions (ExamSystem.API)' | MachineName=LVHUI-PC ThreadId=7
[2026-05-15 09:05:46.313 INF] Executing endpoint 'ExamSystem.API.Controllers.ExamPapersController.GetExamPapers (ExamSystem.API)' | MachineName=LVHUI-PC ThreadId=17
[2026-05-15 09:05:46.313 INF] Executing endpoint 'ExamSystem.API.Controllers.TenantsController.GetTenants (ExamSystem.API)' | MachineName=LVHUI-PC ThreadId=11
[2026-05-15 09:05:46.316 INF] Route matched with {action = "GetQuestions", controller = "Questions"}. Executing controller action with signature System.Threading.Tasks.Task`1[Microsoft.AspNetCore.Mvc.IActionResult] GetQuestions(Int32, Int32, System.Nullable`1[ExamSystem.Domain.Enums.QuestionType], System.Nullable`1[System.Int32], System.String, System.Threading.CancellationToken) on controller ExamSystem.API.Controllers.QuestionsController (ExamSystem.API). | MachineName=LVHUI-PC ThreadId=7
[2026-05-15 09:05:46.316 INF] Route matched with {action = "GetExamPapers", controller = "ExamPapers"}. Executing controller action with signature System.Threading.Tasks.Task`1[Microsoft.AspNetCore.Mvc.IActionResult] GetExamPapers(Int32, Int32, System.Nullable`1[ExamSystem.Domain.Enums.ExamStatus], System.Threading.CancellationToken) on controller ExamSystem.API.Controllers.ExamPapersController (ExamSystem.API). | MachineName=LVHUI-PC ThreadId=10
[2026-05-15 09:05:46.319 INF] Route matched with {action = "GetExamPapers", controller = "ExamPapers"}. Executing controller action with signature System.Threading.Tasks.Task`1[Microsoft.AspNetCore.Mvc.IActionResult] GetExamPapers(Int32, Int32, System.Nullable`1[ExamSystem.Domain.Enums.ExamStatus], System.Threading.CancellationToken) on controller ExamSystem.API.Controllers.ExamPapersController (ExamSystem.API). | MachineName=LVHUI-PC ThreadId=17
[2026-05-15 09:05:46.320 INF] Route matched with {action = "GetTenants", controller = "Tenants"}. Executing controller action with signature System.Threading.Tasks.Task`1[Microsoft.AspNetCore.Mvc.IActionResult] GetTenants(Int32, Int32, System.Threading.CancellationToken) on controller ExamSystem.API.Controllers.TenantsController (ExamSystem.API). | MachineName=LVHUI-PC ThreadId=11
[2026-05-15 09:05:46.450 INF] Executed DbCommand (75ms) [Parameters=[], CommandType='"Text"', CommandTimeout='30']
SELECT count(*)
FROM exam_papers AS e | MachineName=LVHUI-PC ThreadId=17
[2026-05-15 09:05:49.494 INF] Executed DbCommand (3,006ms) [Parameters=[@__p_1='?' (DbType = Int32), @__p_0='?' (DbType = Int32)], CommandType='"Text"', CommandTimeout='30']
SELECT e.id, e.title, e.description, e.total_score, e.duration_minutes, e.status, e.start_time, e.end_time, e.anti_cheating_enabled, (
    SELECT count(*)::int
    FROM exam_questions AS e0
    WHERE e.id = e0.exam_paper_id), e.created_at
FROM exam_papers AS e
ORDER BY e.created_at DESC
LIMIT @__p_1 OFFSET @__p_0 | MachineName=LVHUI-PC ThreadId=15
[2026-05-15 09:05:49.504 INF] Executing OkObjectResult, writing value of type 'ExamSystem.Application.Common.Models.PaginatedResult`1[[ExamSystem.Application.ExamPapers.Queries.ExamPaperDto, ExamSystem.Application, Version=1.0.0.0, Culture=neutral, PublicKeyToken=null]]'. | MachineName=LVHUI-PC ThreadId=15
[2026-05-15 09:05:49.524 INF] Executed action ExamSystem.API.Controllers.ExamPapersController.GetExamPapers (ExamSystem.API) in 3206.6178ms | MachineName=LVHUI-PC ThreadId=15
[2026-05-15 09:05:49.524 INF] Executed endpoint 'ExamSystem.API.Controllers.ExamPapersController.GetExamPapers (ExamSystem.API)' | MachineName=LVHUI-PC ThreadId=15
[2026-05-15 09:05:49.524 INF] HTTP GET /api/exam-papers?page=1&pageSize=1 → 200 | 8773ms | User=admin(admin) Role=SuperAdmin Tenant=- IP=127.0.0.1 TraceId=0HNLI3O68E30K:00000001 | MachineName=LVHUI-PC ThreadId=15
[2026-05-15 09:05:49.525 INF] Request finished HTTP/1.1 GET http://localhost:5146/api/exam-papers?page=1&pageSize=1 - 200 null application/json; charset=utf-8 8774.86ms | MachineName=LVHUI-PC ThreadId=15
[2026-05-15 09:05:49.863 INF] Executed DbCommand (60ms) [Parameters=[], CommandType='"Text"', CommandTimeout='30']
SELECT count(*)
FROM tenants AS t | MachineName=LVHUI-PC ThreadId=15
[2026-05-15 09:05:49.941 INF] Executed DbCommand (74ms) [Parameters=[@__p_1='?' (DbType = Int32), @__p_0='?' (DbType = Int32)], CommandType='"Text"', CommandTimeout='30']
SELECT t.id, t.name, t.schema_name, t.contact_email, t.is_active, t.ai_call_quota, t.ai_call_used, t.created_at
FROM tenants AS t
ORDER BY t.created_at DESC
LIMIT @__p_1 OFFSET @__p_0 | MachineName=LVHUI-PC ThreadId=15
[2026-05-15 09:05:49.942 INF] Executing OkObjectResult, writing value of type 'ExamSystem.Application.Common.Models.PaginatedResult`1[[ExamSystem.Application.Tenants.Queries.TenantDto, ExamSystem.Application, Version=1.0.0.0, Culture=neutral, PublicKeyToken=null]]'. | MachineName=LVHUI-PC ThreadId=15
[2026-05-15 09:05:49.945 INF] Executed action ExamSystem.API.Controllers.TenantsController.GetTenants (ExamSystem.API) in 3624.8299ms | MachineName=LVHUI-PC ThreadId=15
[2026-05-15 09:05:49.945 INF] Executed endpoint 'ExamSystem.API.Controllers.TenantsController.GetTenants (ExamSystem.API)' | MachineName=LVHUI-PC ThreadId=15
[2026-05-15 09:05:49.945 INF] HTTP GET /api/tenants?page=1&pageSize=200 → 200 | 4138ms | User=admin(admin) Role=SuperAdmin Tenant=- IP=127.0.0.1 TraceId=0HNLI3O68E30N:00000001 | MachineName=LVHUI-PC ThreadId=15
[2026-05-15 09:05:49.946 INF] Request finished HTTP/1.1 GET http://localhost:5146/api/tenants?page=1&pageSize=200 - 200 null application/json; charset=utf-8 4139.8648ms | MachineName=LVHUI-PC ThreadId=15
[2026-05-15 09:05:49.948 INF] Executed DbCommand (75ms) [Parameters=[], CommandType='"Text"', CommandTimeout='30']
SELECT count(*)
FROM questions AS q
WHERE q.is_active | MachineName=LVHUI-PC ThreadId=16
[2026-05-15 09:05:49.966 INF] Executed DbCommand (78ms) [Parameters=[], CommandType='"Text"', CommandTimeout='30']
SELECT count(*)
FROM exam_papers AS e | MachineName=LVHUI-PC ThreadId=16
[2026-05-15 09:05:50.014 INF] Executed DbCommand (60ms) [Parameters=[@__p_1='?' (DbType = Int32), @__p_0='?' (DbType = Int32)], CommandType='"Text"', CommandTimeout='30']
SELECT q.id, q.type, q.content, q.knowledge_point, q.difficulty, q.is_ai_generated, q.created_at
FROM questions AS q
WHERE q.is_active
ORDER BY q.created_at DESC
LIMIT @__p_1 OFFSET @__p_0 | MachineName=LVHUI-PC ThreadId=16
[2026-05-15 09:05:50.020 INF] Executing OkObjectResult, writing value of type 'ExamSystem.Application.Common.Models.PaginatedResult`1[[ExamSystem.Application.Questions.Queries.QuestionDto, ExamSystem.Application, Version=1.0.0.0, Culture=neutral, PublicKeyToken=null]]'. | MachineName=LVHUI-PC ThreadId=16
[2026-05-15 09:05:50.021 INF] Executed action ExamSystem.API.Controllers.QuestionsController.GetQuestions (ExamSystem.API) in 3704.1345ms | MachineName=LVHUI-PC ThreadId=16
[2026-05-15 09:05:50.021 INF] Executed endpoint 'ExamSystem.API.Controllers.QuestionsController.GetQuestions (ExamSystem.API)' | MachineName=LVHUI-PC ThreadId=16
[2026-05-15 09:05:50.021 INF] HTTP GET /api/questions?page=1&pageSize=1 → 200 | 9270ms | User=admin(admin) Role=SuperAdmin Tenant=- IP=127.0.0.1 TraceId=0HNLI3O68E30L:00000001 | MachineName=LVHUI-PC ThreadId=16
[2026-05-15 09:05:50.021 INF] Request finished HTTP/1.1 GET http://localhost:5146/api/questions?page=1&pageSize=1 - 200 null application/json; charset=utf-8 9271.4214ms | MachineName=LVHUI-PC ThreadId=16
[2026-05-15 09:05:50.027 INF] Request starting HTTP/1.1 GET http://localhost:5146/api/tenants?page=1&pageSize=1 - null null | MachineName=LVHUI-PC ThreadId=7
[2026-05-15 09:05:51.834 INF] Executing endpoint 'ExamSystem.API.Controllers.TenantsController.GetTenants (ExamSystem.API)' | MachineName=LVHUI-PC ThreadId=7
[2026-05-15 09:05:51.834 INF] Route matched with {action = "GetTenants", controller = "Tenants"}. Executing controller action with signature System.Threading.Tasks.Task`1[Microsoft.AspNetCore.Mvc.IActionResult] GetTenants(Int32, Int32, System.Threading.CancellationToken) on controller ExamSystem.API.Controllers.TenantsController (ExamSystem.API). | MachineName=LVHUI-PC ThreadId=7
[2026-05-15 09:05:51.835 INF] Executed DbCommand (1,868ms) [Parameters=[@__p_1='?' (DbType = Int32), @__p_0='?' (DbType = Int32)], CommandType='"Text"', CommandTimeout='30']
SELECT e.id, e.title, e.description, e.total_score, e.duration_minutes, e.status, e.start_time, e.end_time, e.anti_cheating_enabled, (
    SELECT count(*)::int
    FROM exam_questions AS e0
    WHERE e.id = e0.exam_paper_id), e.created_at
FROM exam_papers AS e
ORDER BY e.created_at DESC
LIMIT @__p_1 OFFSET @__p_0 | MachineName=LVHUI-PC ThreadId=16
[2026-05-15 09:05:51.837 INF] Request starting HTTP/1.1 GET http://localhost:5146/api/users?page=1&pageSize=1 - null null | MachineName=LVHUI-PC ThreadId=9
[2026-05-15 09:05:51.838 INF] Executing OkObjectResult, writing value of type 'ExamSystem.Application.Common.Models.PaginatedResult`1[[ExamSystem.Application.ExamPapers.Queries.ExamPaperDto, ExamSystem.Application, Version=1.0.0.0, Culture=neutral, PublicKeyToken=null]]'. | MachineName=LVHUI-PC ThreadId=16
[2026-05-15 09:05:51.839 INF] Executed action ExamSystem.API.Controllers.ExamPapersController.GetExamPapers (ExamSystem.API) in 5519.7083ms | MachineName=LVHUI-PC ThreadId=16
[2026-05-15 09:05:51.839 INF] Executed endpoint 'ExamSystem.API.Controllers.ExamPapersController.GetExamPapers (ExamSystem.API)' | MachineName=LVHUI-PC ThreadId=16
[2026-05-15 09:05:51.839 INF] HTTP GET /api/exam-papers?page=1&pageSize=5 → 200 | 6034ms | User=admin(admin) Role=SuperAdmin Tenant=- IP=127.0.0.1 TraceId=0HNLI3O68E30M:00000001 | MachineName=LVHUI-PC ThreadId=16
[2026-05-15 09:05:52.826 INF] Executing endpoint 'ExamSystem.API.Controllers.UsersController.GetUsers (ExamSystem.API)' | MachineName=LVHUI-PC ThreadId=9
[2026-05-15 09:05:52.832 INF] Request finished HTTP/1.1 GET http://localhost:5146/api/exam-papers?page=1&pageSize=5 - 200 null application/json; charset=utf-8 7029.2348ms | MachineName=LVHUI-PC ThreadId=16
[2026-05-15 09:05:52.835 INF] Route matched with {action = "GetUsers", controller = "Users"}. Executing controller action with signature System.Threading.Tasks.Task`1[Microsoft.AspNetCore.Mvc.IActionResult] GetUsers(System.Nullable`1[System.Guid], System.Nullable`1[ExamSystem.Domain.Enums.UserRole], System.Nullable`1[System.Boolean], System.String, Int32, Int32, System.Threading.CancellationToken) on controller ExamSystem.API.Controllers.UsersController (ExamSystem.API). | MachineName=LVHUI-PC ThreadId=9
[2026-05-15 09:05:52.922 INF] Executed DbCommand (73ms) [Parameters=[], CommandType='"Text"', CommandTimeout='30']
SELECT count(*)
FROM tenants AS t | MachineName=LVHUI-PC ThreadId=9
[2026-05-15 09:05:52.925 INF] Executed DbCommand (76ms) [Parameters=[], CommandType='"Text"', CommandTimeout='30']
SELECT count(*)
FROM users AS u | MachineName=LVHUI-PC ThreadId=9
[2026-05-15 09:05:52.982 INF] Executed DbCommand (59ms) [Parameters=[@__p_1='?' (DbType = Int32), @__p_0='?' (DbType = Int32)], CommandType='"Text"', CommandTimeout='30']
SELECT t.id, t.name, t.schema_name, t.contact_email, t.is_active, t.ai_call_quota, t.ai_call_used, t.created_at
FROM tenants AS t
ORDER BY t.created_at DESC
LIMIT @__p_1 OFFSET @__p_0 | MachineName=LVHUI-PC ThreadId=9
[2026-05-15 09:05:52.983 INF] Executing OkObjectResult, writing value of type 'ExamSystem.Application.Common.Models.PaginatedResult`1[[ExamSystem.Application.Tenants.Queries.TenantDto, ExamSystem.Application, Version=1.0.0.0, Culture=neutral, PublicKeyToken=null]]'. | MachineName=LVHUI-PC ThreadId=9
[2026-05-15 09:05:52.983 INF] Executed action ExamSystem.API.Controllers.TenantsController.GetTenants (ExamSystem.API) in 1148.5207ms | MachineName=LVHUI-PC ThreadId=9
[2026-05-15 09:05:52.983 INF] Executed endpoint 'ExamSystem.API.Controllers.TenantsController.GetTenants (ExamSystem.API)' | MachineName=LVHUI-PC ThreadId=9
[2026-05-15 09:05:52.983 INF] HTTP GET /api/tenants?page=1&pageSize=1 → 200 | 2956ms | User=admin(admin) Role=SuperAdmin Tenant=- IP=127.0.0.1 TraceId=0HNLI3O68E30O:00000001 | MachineName=LVHUI-PC ThreadId=9
[2026-05-15 09:05:52.983 INF] Request finished HTTP/1.1 GET http://localhost:5146/api/tenants?page=1&pageSize=1 - 200 null application/json; charset=utf-8 2956.5699ms | MachineName=LVHUI-PC ThreadId=9
[2026-05-15 09:05:53.015 INF] Executed DbCommand (74ms) [Parameters=[@__p_1='?' (DbType = Int32), @__p_0='?' (DbType = Int32)], CommandType='"Text"', CommandTimeout='30']
SELECT t.id, t.tenant_id, t0.name, t.username, t.email, t.role, t.is_active, t.last_login_at, t.created_at
FROM (
    SELECT u.id, u.created_at, u.email, u.is_active, u.last_login_at, u.role, u.tenant_id, u.username
    FROM users AS u
    ORDER BY u.created_at DESC
    LIMIT @__p_1 OFFSET @__p_0
) AS t
LEFT JOIN tenants AS t0 ON t.tenant_id = t0.id
ORDER BY t.created_at DESC | MachineName=LVHUI-PC ThreadId=9
[2026-05-15 09:05:53.016 INF] Executing OkObjectResult, writing value of type 'ExamSystem.Application.Common.Models.PaginatedResult`1[[ExamSystem.Application.Users.Queries.UserDto, ExamSystem.Application, Version=1.0.0.0, Culture=neutral, PublicKeyToken=null]]'. | MachineName=LVHUI-PC ThreadId=9
[2026-05-15 09:05:53.023 INF] Executed action ExamSystem.API.Controllers.UsersController.GetUsers (ExamSystem.API) in 187.814ms | MachineName=LVHUI-PC ThreadId=9
[2026-05-15 09:05:53.023 INF] Executed endpoint 'ExamSystem.API.Controllers.UsersController.GetUsers (ExamSystem.API)' | MachineName=LVHUI-PC ThreadId=9
[2026-05-15 09:05:53.023 INF] HTTP GET /api/users?page=1&pageSize=1 → 200 | 1186ms | User=admin(admin) Role=SuperAdmin Tenant=- IP=127.0.0.1 TraceId=0HNLI3O68E30P:00000001 | MachineName=LVHUI-PC ThreadId=9
[2026-05-15 09:05:53.023 INF] Request finished HTTP/1.1 GET http://localhost:5146/api/users?page=1&pageSize=1 - 200 null application/json; charset=utf-8 1186.8817ms | MachineName=LVHUI-PC ThreadId=9
[2026-05-15 09:05:55.836 INF] Request starting HTTP/1.1 GET http://localhost:5146/api/messages/inbox?page=1&pageSize=10 - null null | MachineName=LVHUI-PC ThreadId=16
[2026-05-15 09:05:58.073 INF] Request starting HTTP/1.1 GET http://localhost:5146/api/tenants?page=1&pageSize=200 - null null | MachineName=LVHUI-PC ThreadId=11
[2026-05-15 09:06:28.125 INF] Executing endpoint 'ExamSystem.API.Controllers.TenantsController.GetTenants (ExamSystem.API)' | MachineName=LVHUI-PC ThreadId=11
[2026-05-15 09:06:28.125 INF] Route matched with {action = "GetTenants", controller = "Tenants"}. Executing controller action with signature System.Threading.Tasks.Task`1[Microsoft.AspNetCore.Mvc.IActionResult] GetTenants(Int32, Int32, System.Threading.CancellationToken) on controller ExamSystem.API.Controllers.TenantsController (ExamSystem.API). | MachineName=LVHUI-PC ThreadId=11
[2026-05-15 09:06:33.242 INF] Executed DbCommand (476ms) [Parameters=[], CommandType='"Text"', CommandTimeout='30']
SELECT count(*)
FROM tenants AS t | MachineName=LVHUI-PC ThreadId=10
[2026-05-15 09:06:33.274 INF] Executing endpoint 'ExamSystem.API.Controllers.MessagesController.GetInbox (ExamSystem.API)' | MachineName=LVHUI-PC ThreadId=16
[2026-05-15 09:06:33.284 INF] Route matched with {action = "GetInbox", controller = "Messages"}. Executing controller action with signature System.Threading.Tasks.Task`1[Microsoft.AspNetCore.Mvc.IActionResult] GetInbox(Int32, Int32, System.Threading.CancellationToken) on controller ExamSystem.API.Controllers.MessagesController (ExamSystem.API). | MachineName=LVHUI-PC ThreadId=16
[2026-05-15 09:06:33.285 INF] Executing ObjectResult, writing value of type 'Microsoft.AspNetCore.Mvc.ProblemDetails'. | MachineName=LVHUI-PC ThreadId=16
[2026-05-15 09:06:33.291 INF] Executed action ExamSystem.API.Controllers.MessagesController.GetInbox (ExamSystem.API) in 6.5156ms | MachineName=LVHUI-PC ThreadId=16
[2026-05-15 09:06:33.291 INF] Executed endpoint 'ExamSystem.API.Controllers.MessagesController.GetInbox (ExamSystem.API)' | MachineName=LVHUI-PC ThreadId=16
[2026-05-15 09:06:34.655 INF] Executed DbCommand (1,375ms) [Parameters=[@__p_1='?' (DbType = Int32), @__p_0='?' (DbType = Int32)], CommandType='"Text"', CommandTimeout='30']
SELECT t.id, t.name, t.schema_name, t.contact_email, t.is_active, t.ai_call_quota, t.ai_call_used, t.created_at
FROM tenants AS t
ORDER BY t.created_at DESC
LIMIT @__p_1 OFFSET @__p_0 | MachineName=LVHUI-PC ThreadId=7
[2026-05-15 09:06:34.663 INF] Executing OkObjectResult, writing value of type 'ExamSystem.Application.Common.Models.PaginatedResult`1[[ExamSystem.Application.Tenants.Queries.TenantDto, ExamSystem.Application, Version=1.0.0.0, Culture=neutral, PublicKeyToken=null]]'. | MachineName=LVHUI-PC ThreadId=7
[2026-05-15 09:06:34.664 INF] Executed action ExamSystem.API.Controllers.TenantsController.GetTenants (ExamSystem.API) in 6538.859ms | MachineName=LVHUI-PC ThreadId=7
[2026-05-15 09:06:35.349 INF] Executed endpoint 'ExamSystem.API.Controllers.TenantsController.GetTenants (ExamSystem.API)' | MachineName=LVHUI-PC ThreadId=7
[2026-05-15 09:06:43.296 WRN] HTTP GET /api/messages/inbox?page=1&pageSize=10 → 401 | 41459ms | User=admin(admin) Role=SuperAdmin Tenant=- IP=127.0.0.1 TraceId=0HNLI3O68E30Q:00000001 | MachineName=LVHUI-PC ThreadId=16
[2026-05-15 09:06:48.317 INF] Request finished HTTP/1.1 GET http://localhost:5146/api/messages/inbox?page=1&pageSize=10 - 401 null application/json; charset=utf-8 52480.913ms | MachineName=LVHUI-PC ThreadId=16
[2026-05-15 09:06:48.656 INF] HTTP GET /api/tenants?page=1&pageSize=200 → 200 | 49288ms | User=admin(admin) Role=SuperAdmin Tenant=- IP=127.0.0.1 TraceId=0HNLI3O68E30R:00000001 | MachineName=LVHUI-PC ThreadId=7
[2026-05-15 09:06:50.588 INF] Request finished HTTP/1.1 GET http://localhost:5146/api/tenants?page=1&pageSize=200 - 200 null application/json; charset=utf-8 52515.8092ms | MachineName=LVHUI-PC ThreadId=7
[2026-05-15 09:07:31.597 INF] Request starting HTTP/1.1 GET http://localhost:5146/api/books?page=1&pageSize=10 - null null | MachineName=LVHUI-PC ThreadId=11
[2026-05-15 09:07:31.597 INF] Request starting HTTP/1.1 GET http://localhost:5146/api/tenants?page=1&pageSize=200 - null null | MachineName=LVHUI-PC ThreadId=7
[2026-05-15 09:07:33.483 INF] Executing endpoint 'ExamSystem.API.Controllers.BooksController.GetBooks (ExamSystem.API)' | MachineName=LVHUI-PC ThreadId=11
[2026-05-15 09:07:35.046 INF] Executing endpoint 'ExamSystem.API.Controllers.TenantsController.GetTenants (ExamSystem.API)' | MachineName=LVHUI-PC ThreadId=7
[2026-05-15 09:07:35.046 INF] Route matched with {action = "GetTenants", controller = "Tenants"}. Executing controller action with signature System.Threading.Tasks.Task`1[Microsoft.AspNetCore.Mvc.IActionResult] GetTenants(Int32, Int32, System.Threading.CancellationToken) on controller ExamSystem.API.Controllers.TenantsController (ExamSystem.API). | MachineName=LVHUI-PC ThreadId=7
[2026-05-15 09:07:35.051 INF] Route matched with {action = "GetBooks", controller = "Books"}. Executing controller action with signature System.Threading.Tasks.Task`1[Microsoft.AspNetCore.Mvc.IActionResult] GetBooks(System.String, System.String, System.String, System.Nullable`1[System.Boolean], Int32, Int32, System.Threading.CancellationToken) on controller ExamSystem.API.Controllers.BooksController (ExamSystem.API). | MachineName=LVHUI-PC ThreadId=11
[2026-05-15 09:07:35.108 INF] Executed DbCommand (60ms) [Parameters=[], CommandType='"Text"', CommandTimeout='30']
SELECT count(*)
FROM tenants AS t | MachineName=LVHUI-PC ThreadId=11
[2026-05-15 09:07:35.134 INF] Executed DbCommand (74ms) [Parameters=[], CommandType='"Text"', CommandTimeout='30']
SELECT count(*)::int
FROM books AS b | MachineName=LVHUI-PC ThreadId=7
[2026-05-15 09:07:35.182 INF] Executed DbCommand (73ms) [Parameters=[@__p_1='?' (DbType = Int32), @__p_0='?' (DbType = Int32)], CommandType='"Text"', CommandTimeout='30']
SELECT t.id, t.name, t.schema_name, t.contact_email, t.is_active, t.ai_call_quota, t.ai_call_used, t.created_at
FROM tenants AS t
ORDER BY t.created_at DESC
LIMIT @__p_1 OFFSET @__p_0 | MachineName=LVHUI-PC ThreadId=7
[2026-05-15 09:07:35.183 INF] Executing OkObjectResult, writing value of type 'ExamSystem.Application.Common.Models.PaginatedResult`1[[ExamSystem.Application.Tenants.Queries.TenantDto, ExamSystem.Application, Version=1.0.0.0, Culture=neutral, PublicKeyToken=null]]'. | MachineName=LVHUI-PC ThreadId=7
[2026-05-15 09:07:35.183 INF] Executed action ExamSystem.API.Controllers.TenantsController.GetTenants (ExamSystem.API) in 136.4208ms | MachineName=LVHUI-PC ThreadId=7
[2026-05-15 09:07:35.183 INF] Executed endpoint 'ExamSystem.API.Controllers.TenantsController.GetTenants (ExamSystem.API)' | MachineName=LVHUI-PC ThreadId=7
[2026-05-15 09:07:35.184 INF] HTTP GET /api/tenants?page=1&pageSize=200 → 200 | 777ms | User=admin(admin) Role=SuperAdmin Tenant=- IP=127.0.0.1 TraceId=0HNLI3O68E30T:00000001 | MachineName=LVHUI-PC ThreadId=7
[2026-05-15 09:07:35.184 INF] Request finished HTTP/1.1 GET http://localhost:5146/api/tenants?page=1&pageSize=200 - 200 null application/json; charset=utf-8 3587.4446ms | MachineName=LVHUI-PC ThreadId=7
[2026-05-15 09:07:35.218 INF] Executed DbCommand (78ms) [Parameters=[@__p_1='?' (DbType = Int32), @__p_0='?' (DbType = Int32)], CommandType='"Text"', CommandTimeout='30']
SELECT b.id, b.author, b.category, b.cover_image_url, b.created_at, b.description, b.file_size_bytes, b.is_active, b.isbn, b.page_count, b.pdf_file_path, b.publish_year, b.publisher, b.tags, b.tenant_id, b.title, b.updated_at, b.uploaded_by_id, b.uploaded_by_name
FROM books AS b
ORDER BY b.created_at DESC
LIMIT @__p_1 OFFSET @__p_0 | MachineName=LVHUI-PC ThreadId=10
[2026-05-15 09:07:35.266 INF] Executing OkObjectResult, writing value of type 'ExamSystem.Application.Common.Models.PaginatedResult`1[[ExamSystem.Application.Books.BookDto, ExamSystem.Application, Version=1.0.0.0, Culture=neutral, PublicKeyToken=null]]'. | MachineName=LVHUI-PC ThreadId=10
[2026-05-15 09:07:35.268 INF] Executed action ExamSystem.API.Controllers.BooksController.GetBooks (ExamSystem.API) in 217.3714ms | MachineName=LVHUI-PC ThreadId=10
[2026-05-15 09:07:35.268 INF] Executed endpoint 'ExamSystem.API.Controllers.BooksController.GetBooks (ExamSystem.API)' | MachineName=LVHUI-PC ThreadId=10
[2026-05-15 09:07:35.268 INF] HTTP GET /api/books?page=1&pageSize=10 → 200 | 3671ms | User=admin(admin) Role=SuperAdmin Tenant=- IP=127.0.0.1 TraceId=0HNLI3O68E30S:00000001 | MachineName=LVHUI-PC ThreadId=10
[2026-05-15 09:07:35.269 INF] Request finished HTTP/1.1 GET http://localhost:5146/api/books?page=1&pageSize=10 - 200 null application/json; charset=utf-8 3672.0163ms | MachineName=LVHUI-PC ThreadId=10
[2026-05-15 09:07:37.188 INF] Request starting HTTP/1.1 GET http://localhost:5146/api/messages/inbox?page=1&pageSize=10 - null null | MachineName=LVHUI-PC ThreadId=13
[2026-05-15 09:07:37.190 INF] Request starting HTTP/1.1 GET http://localhost:5146/api/tenants?page=1&pageSize=200 - null null | MachineName=LVHUI-PC ThreadId=9
[2026-05-15 09:07:38.458 INF] Executing endpoint 'ExamSystem.API.Controllers.MessagesController.GetInbox (ExamSystem.API)' | MachineName=LVHUI-PC ThreadId=13
[2026-05-15 09:07:38.459 INF] Route matched with {action = "GetInbox", controller = "Messages"}. Executing controller action with signature System.Threading.Tasks.Task`1[Microsoft.AspNetCore.Mvc.IActionResult] GetInbox(Int32, Int32, System.Threading.CancellationToken) on controller ExamSystem.API.Controllers.MessagesController (ExamSystem.API). | MachineName=LVHUI-PC ThreadId=13
[2026-05-15 09:07:38.461 INF] Executing ObjectResult, writing value of type 'Microsoft.AspNetCore.Mvc.ProblemDetails'. | MachineName=LVHUI-PC ThreadId=13
[2026-05-15 09:07:39.166 INF] Executed action ExamSystem.API.Controllers.MessagesController.GetInbox (ExamSystem.API) in 707.0514ms | MachineName=LVHUI-PC ThreadId=13
[2026-05-15 09:07:39.166 INF] Executed endpoint 'ExamSystem.API.Controllers.MessagesController.GetInbox (ExamSystem.API)' | MachineName=LVHUI-PC ThreadId=13
[2026-05-15 09:07:39.166 INF] Executing endpoint 'ExamSystem.API.Controllers.TenantsController.GetTenants (ExamSystem.API)' | MachineName=LVHUI-PC ThreadId=9
[2026-05-15 09:07:39.166 INF] Route matched with {action = "GetTenants", controller = "Tenants"}. Executing controller action with signature System.Threading.Tasks.Task`1[Microsoft.AspNetCore.Mvc.IActionResult] GetTenants(Int32, Int32, System.Threading.CancellationToken) on controller ExamSystem.API.Controllers.TenantsController (ExamSystem.API). | MachineName=LVHUI-PC ThreadId=9
[2026-05-15 09:07:39.166 WRN] HTTP GET /api/messages/inbox?page=1&pageSize=10 → 401 | 1976ms | User=admin(admin) Role=SuperAdmin Tenant=- IP=127.0.0.1 TraceId=0HNLI3O68E30U:00000001 | MachineName=LVHUI-PC ThreadId=13
[2026-05-15 09:07:39.167 INF] Request finished HTTP/1.1 GET http://localhost:5146/api/messages/inbox?page=1&pageSize=10 - 401 null application/json; charset=utf-8 1978.8764ms | MachineName=LVHUI-PC ThreadId=13
[2026-05-15 09:07:39.227 INF] Executed DbCommand (59ms) [Parameters=[], CommandType='"Text"', CommandTimeout='30']
SELECT count(*)
FROM tenants AS t | MachineName=LVHUI-PC ThreadId=9
[2026-05-15 09:07:39.302 INF] Executed DbCommand (74ms) [Parameters=[@__p_1='?' (DbType = Int32), @__p_0='?' (DbType = Int32)], CommandType='"Text"', CommandTimeout='30']
SELECT t.id, t.name, t.schema_name, t.contact_email, t.is_active, t.ai_call_quota, t.ai_call_used, t.created_at
FROM tenants AS t
ORDER BY t.created_at DESC
LIMIT @__p_1 OFFSET @__p_0 | MachineName=LVHUI-PC ThreadId=9
[2026-05-15 09:07:39.303 INF] Executing OkObjectResult, writing value of type 'ExamSystem.Application.Common.Models.PaginatedResult`1[[ExamSystem.Application.Tenants.Queries.TenantDto, ExamSystem.Application, Version=1.0.0.0, Culture=neutral, PublicKeyToken=null]]'. | MachineName=LVHUI-PC ThreadId=9
[2026-05-15 09:07:39.303 INF] Executed action ExamSystem.API.Controllers.TenantsController.GetTenants (ExamSystem.API) in 136.7443ms | MachineName=LVHUI-PC ThreadId=9
[2026-05-15 09:07:39.303 INF] Executed endpoint 'ExamSystem.API.Controllers.TenantsController.GetTenants (ExamSystem.API)' | MachineName=LVHUI-PC ThreadId=9
[2026-05-15 09:07:39.304 INF] HTTP GET /api/tenants?page=1&pageSize=200 → 200 | 845ms | User=admin(admin) Role=SuperAdmin Tenant=- IP=127.0.0.1 TraceId=0HNLI3O68E30V:00000001 | MachineName=LVHUI-PC ThreadId=9
[2026-05-15 09:07:39.304 INF] Request finished HTTP/1.1 GET http://localhost:5146/api/tenants?page=1&pageSize=200 - 200 null application/json; charset=utf-8 2113.8301ms | MachineName=LVHUI-PC ThreadId=9
[2026-05-15 09:07:39.353 INF] Request starting HTTP/1.1 GET http://localhost:5146/api/exam-papers?page=1&pageSize=1 - null null | MachineName=LVHUI-PC ThreadId=9
[2026-05-15 09:07:42.223 INF] Executing endpoint 'ExamSystem.API.Controllers.ExamPapersController.GetExamPapers (ExamSystem.API)' | MachineName=LVHUI-PC ThreadId=9
[2026-05-15 09:07:42.223 INF] Route matched with {action = "GetExamPapers", controller = "ExamPapers"}. Executing controller action with signature System.Threading.Tasks.Task`1[Microsoft.AspNetCore.Mvc.IActionResult] GetExamPapers(Int32, Int32, System.Nullable`1[ExamSystem.Domain.Enums.ExamStatus], System.Threading.CancellationToken) on controller ExamSystem.API.Controllers.ExamPapersController (ExamSystem.API). | MachineName=LVHUI-PC ThreadId=9
[2026-05-15 09:07:42.224 INF] Request starting HTTP/1.1 GET http://localhost:5146/api/questions?page=1&pageSize=1 - null null | MachineName=LVHUI-PC ThreadId=14
[2026-05-15 09:07:42.227 INF] Request starting HTTP/1.1 GET http://localhost:5146/api/exam-papers?page=1&pageSize=5 - null null | MachineName=LVHUI-PC ThreadId=34
[2026-05-15 09:07:43.462 INF] Executing endpoint 'ExamSystem.API.Controllers.ExamPapersController.GetExamPapers (ExamSystem.API)' | MachineName=LVHUI-PC ThreadId=34
[2026-05-15 09:07:43.463 INF] Route matched with {action = "GetExamPapers", controller = "ExamPapers"}. Executing controller action with signature System.Threading.Tasks.Task`1[Microsoft.AspNetCore.Mvc.IActionResult] GetExamPapers(Int32, Int32, System.Nullable`1[ExamSystem.Domain.Enums.ExamStatus], System.Threading.CancellationToken) on controller ExamSystem.API.Controllers.ExamPapersController (ExamSystem.API). | MachineName=LVHUI-PC ThreadId=34
[2026-05-15 09:07:43.463 WRN] HTTP GET /api/questions?page=1&pageSize=1 → 400 | 1238ms | User=-(-) Role=- Tenant=- IP=127.0.0.1 TraceId=0HNLI3O68E311:00000001 | MachineName=LVHUI-PC ThreadId=14
[2026-05-15 09:07:43.464 INF] Request finished HTTP/1.1 GET http://localhost:5146/api/questions?page=1&pageSize=1 - 400 null application/json; charset=utf-8 1240.0886ms | MachineName=LVHUI-PC ThreadId=14
[2026-05-15 09:07:43.539 INF] Executed DbCommand (73ms) [Parameters=[], CommandType='"Text"', CommandTimeout='30']
SELECT count(*)
FROM exam_papers AS e | MachineName=LVHUI-PC ThreadId=9
[2026-05-15 09:07:43.542 INF] Executed DbCommand (76ms) [Parameters=[], CommandType='"Text"', CommandTimeout='30']
SELECT count(*)
FROM exam_papers AS e | MachineName=LVHUI-PC ThreadId=9
[2026-05-15 09:07:43.599 INF] Executed DbCommand (60ms) [Parameters=[@__p_1='?' (DbType = Int32), @__p_0='?' (DbType = Int32)], CommandType='"Text"', CommandTimeout='30']
SELECT e.id, e.title, e.description, e.total_score, e.duration_minutes, e.status, e.start_time, e.end_time, e.anti_cheating_enabled, (
    SELECT count(*)::int
    FROM exam_questions AS e0
    WHERE e.id = e0.exam_paper_id), e.created_at
FROM exam_papers AS e
ORDER BY e.created_at DESC
LIMIT @__p_1 OFFSET @__p_0 | MachineName=LVHUI-PC ThreadId=9
[2026-05-15 09:07:43.599 INF] Executing OkObjectResult, writing value of type 'ExamSystem.Application.Common.Models.PaginatedResult`1[[ExamSystem.Application.ExamPapers.Queries.ExamPaperDto, ExamSystem.Application, Version=1.0.0.0, Culture=neutral, PublicKeyToken=null]]'. | MachineName=LVHUI-PC ThreadId=9
[2026-05-15 09:07:43.599 INF] Executed action ExamSystem.API.Controllers.ExamPapersController.GetExamPapers (ExamSystem.API) in 136.6784ms | MachineName=LVHUI-PC ThreadId=9
[2026-05-15 09:07:43.599 INF] Executed endpoint 'ExamSystem.API.Controllers.ExamPapersController.GetExamPapers (ExamSystem.API)' | MachineName=LVHUI-PC ThreadId=9
[2026-05-15 09:07:43.599 INF] HTTP GET /api/exam-papers?page=1&pageSize=5 → 200 | 1370ms | User=-(-) Role=- Tenant=- IP=127.0.0.1 TraceId=0HNLI3O68E312:00000001 | MachineName=LVHUI-PC ThreadId=9
[2026-05-15 09:07:43.600 INF] Request finished HTTP/1.1 GET http://localhost:5146/api/exam-papers?page=1&pageSize=5 - 200 null application/json; charset=utf-8 1372.3167ms | MachineName=LVHUI-PC ThreadId=9
[2026-05-15 09:07:43.618 INF] Executed DbCommand (76ms) [Parameters=[@__p_1='?' (DbType = Int32), @__p_0='?' (DbType = Int32)], CommandType='"Text"', CommandTimeout='30']
SELECT e.id, e.title, e.description, e.total_score, e.duration_minutes, e.status, e.start_time, e.end_time, e.anti_cheating_enabled, (
    SELECT count(*)::int
    FROM exam_questions AS e0
    WHERE e.id = e0.exam_paper_id), e.created_at
FROM exam_papers AS e
ORDER BY e.created_at DESC
LIMIT @__p_1 OFFSET @__p_0 | MachineName=LVHUI-PC ThreadId=34
[2026-05-15 09:07:43.618 INF] Executing OkObjectResult, writing value of type 'ExamSystem.Application.Common.Models.PaginatedResult`1[[ExamSystem.Application.ExamPapers.Queries.ExamPaperDto, ExamSystem.Application, Version=1.0.0.0, Culture=neutral, PublicKeyToken=null]]'. | MachineName=LVHUI-PC ThreadId=34
[2026-05-15 09:07:43.618 INF] Executed action ExamSystem.API.Controllers.ExamPapersController.GetExamPapers (ExamSystem.API) in 1394.5613ms | MachineName=LVHUI-PC ThreadId=34
[2026-05-15 09:07:43.618 INF] Executed endpoint 'ExamSystem.API.Controllers.ExamPapersController.GetExamPapers (ExamSystem.API)' | MachineName=LVHUI-PC ThreadId=34
[2026-05-15 09:07:43.618 INF] HTTP GET /api/exam-papers?page=1&pageSize=1 → 200 | 4264ms | User=-(-) Role=- Tenant=- IP=127.0.0.1 TraceId=0HNLI3O68E310:00000001 | MachineName=LVHUI-PC ThreadId=34
[2026-05-15 09:07:43.619 INF] Request finished HTTP/1.1 GET http://localhost:5146/api/exam-papers?page=1&pageSize=1 - 200 null application/json; charset=utf-8 4265.3678ms | MachineName=LVHUI-PC ThreadId=34
[2026-05-15 09:07:43.781 INF] Request starting HTTP/1.1 GET http://localhost:5146/api/users?page=1&pageSize=1 - null null | MachineName=LVHUI-PC ThreadId=34
[2026-05-15 09:07:43.781 INF] Request starting HTTP/1.1 GET http://localhost:5146/api/tenants?page=1&pageSize=1 - null null | MachineName=LVHUI-PC ThreadId=10
[2026-05-15 09:07:44.303 INF] Authorization failed. These requirements were not met:
RolesAuthorizationRequirement:User.IsInRole must be true for one of the following roles: (SuperAdmin|Admin) | MachineName=LVHUI-PC ThreadId=34
[2026-05-15 09:07:45.594 INF] Authorization failed. These requirements were not met:
RolesAuthorizationRequirement:User.IsInRole must be true for one of the following roles: (SuperAdmin) | MachineName=LVHUI-PC ThreadId=10
[2026-05-15 09:07:45.599 INF] AuthenticationScheme: Bearer was challenged. | MachineName=LVHUI-PC ThreadId=34
[2026-05-15 09:07:45.599 INF] AuthenticationScheme: Bearer was challenged. | MachineName=LVHUI-PC ThreadId=10
[2026-05-15 09:07:45.600 WRN] HTTP GET /api/tenants?page=1&pageSize=1 → 401 | 1817ms | User=-(-) Role=- Tenant=- IP=127.0.0.1 TraceId=0HNLI3O68E314:00000001 | MachineName=LVHUI-PC ThreadId=10
[2026-05-15 09:07:45.600 INF] Request finished HTTP/1.1 GET http://localhost:5146/api/tenants?page=1&pageSize=1 - 401 0 null 1818.6423ms | MachineName=LVHUI-PC ThreadId=10
[2026-05-15 09:07:45.600 WRN] HTTP GET /api/users?page=1&pageSize=1 → 401 | 1818ms | User=-(-) Role=- Tenant=- IP=127.0.0.1 TraceId=0HNLI3O68E313:00000001 | MachineName=LVHUI-PC ThreadId=34
[2026-05-15 09:07:45.602 INF] Request finished HTTP/1.1 GET http://localhost:5146/api/users?page=1&pageSize=1 - 401 0 null 1821.3091ms | MachineName=LVHUI-PC ThreadId=34
[2026-05-15 09:09:00.975 INF] ExamSystem API 启动成功，环境：Development | MachineName=LVHUI-PC ThreadId=1
[2026-05-15 09:09:01.004 INF] User profile is available. Using 'C:\Users\jeffz\AppData\Local\ASP.NET\DataProtection-Keys' as key repository and Windows DPAPI to encrypt keys at rest. | MachineName=LVHUI-PC ThreadId=1
[2026-05-15 09:09:01.054 INF] Now listening on: http://localhost:5146 | MachineName=LVHUI-PC ThreadId=1
[2026-05-15 09:09:01.058 INF] Application started. Press Ctrl+C to shut down. | MachineName=LVHUI-PC ThreadId=1
[2026-05-15 09:09:01.059 INF] Hosting environment: Development | MachineName=LVHUI-PC ThreadId=1
[2026-05-15 09:09:01.061 INF] Content root path: C:\Projects\exam-system\src\examsystem.api | MachineName=LVHUI-PC ThreadId=1
[2026-05-15 09:09:02.434 INF] Request starting HTTP/1.1 POST http://localhost:5146/api/auth/login - application/json 46 | MachineName=LVHUI-PC ThreadId=9
[2026-05-15 09:09:02.516 INF] Executing endpoint 'ExamSystem.API.Controllers.AuthController.Login (ExamSystem.API)' | MachineName=LVHUI-PC ThreadId=9
[2026-05-15 09:09:02.529 INF] Route matched with {action = "Login", controller = "Auth"}. Executing controller action with signature System.Threading.Tasks.Task`1[Microsoft.AspNetCore.Mvc.IActionResult] Login(ExamSystem.API.Controllers.LoginRequest, System.Threading.CancellationToken) on controller ExamSystem.API.Controllers.AuthController (ExamSystem.API). | MachineName=LVHUI-PC ThreadId=9
[2026-05-15 09:09:08.578 WRN] Redis 不可用，已启用内存缓存降级模式。 | MachineName=LVHUI-PC ThreadId=9
[2026-05-15 09:09:09.893 INF] Executed DbCommand (85ms) [Parameters=[@__command_Username_0='?'], CommandType='"Text"', CommandTimeout='30']
SELECT u.id, u.created_at, u.email, u.is_active, u.last_login_at, u.password_hash, u.role, u.tenant_id, u.updated_at, u.username
FROM users AS u
WHERE u.username = @__command_Username_0 AND u.is_active
LIMIT 1 | MachineName=LVHUI-PC ThreadId=7
[2026-05-15 09:09:10.000 INF] Executing OkObjectResult, writing value of type 'ExamSystem.Application.Auth.Commands.LoginResult'. | MachineName=LVHUI-PC ThreadId=7
[2026-05-15 09:09:10.013 INF] Executed action ExamSystem.API.Controllers.AuthController.Login (ExamSystem.API) in 7475.1083ms | MachineName=LVHUI-PC ThreadId=7
[2026-05-15 09:09:10.020 INF] Executed endpoint 'ExamSystem.API.Controllers.AuthController.Login (ExamSystem.API)' | MachineName=LVHUI-PC ThreadId=7
[2026-05-15 09:09:10.034 INF] HTTP POST /api/auth/login → 200 | 7576ms | User=-(-) Role=- Tenant=- IP=127.0.0.1 TraceId=0HNLI3Q6MB501:00000001 | MachineName=LVHUI-PC ThreadId=7
[2026-05-15 09:09:10.041 INF] Request finished HTTP/1.1 POST http://localhost:5146/api/auth/login - 200 null application/json; charset=utf-8 7608.4416ms | MachineName=LVHUI-PC ThreadId=7
[2026-05-15 09:09:10.468 INF] Request starting HTTP/1.1 GET http://localhost:5146/api/exam-papers?page=1&pageSize=1 - null null | MachineName=LVHUI-PC ThreadId=11
[2026-05-15 09:09:10.472 INF] Request starting HTTP/1.1 GET http://localhost:5146/api/questions?page=1&pageSize=1 - null null | MachineName=LVHUI-PC ThreadId=7
[2026-05-15 09:09:10.519 INF] Executing endpoint 'ExamSystem.API.Controllers.ExamPapersController.GetExamPapers (ExamSystem.API)' | MachineName=LVHUI-PC ThreadId=11
[2026-05-15 09:09:10.522 INF] Executing endpoint 'ExamSystem.API.Controllers.QuestionsController.GetQuestions (ExamSystem.API)' | MachineName=LVHUI-PC ThreadId=7
[2026-05-15 09:09:10.539 INF] Route matched with {action = "GetExamPapers", controller = "ExamPapers"}. Executing controller action with signature System.Threading.Tasks.Task`1[Microsoft.AspNetCore.Mvc.IActionResult] GetExamPapers(Int32, Int32, System.Nullable`1[ExamSystem.Domain.Enums.ExamStatus], System.Threading.CancellationToken) on controller ExamSystem.API.Controllers.ExamPapersController (ExamSystem.API). | MachineName=LVHUI-PC ThreadId=11
[2026-05-15 09:09:10.541 INF] Route matched with {action = "GetQuestions", controller = "Questions"}. Executing controller action with signature System.Threading.Tasks.Task`1[Microsoft.AspNetCore.Mvc.IActionResult] GetQuestions(Int32, Int32, System.Nullable`1[ExamSystem.Domain.Enums.QuestionType], System.Nullable`1[System.Int32], System.String, System.Threading.CancellationToken) on controller ExamSystem.API.Controllers.QuestionsController (ExamSystem.API). | MachineName=LVHUI-PC ThreadId=7
[2026-05-15 09:09:10.612 INF] Request starting HTTP/1.1 GET http://localhost:5146/api/exam-papers?page=1&pageSize=5 - null null | MachineName=LVHUI-PC ThreadId=11
[2026-05-15 09:09:10.616 INF] Executing endpoint 'ExamSystem.API.Controllers.ExamPapersController.GetExamPapers (ExamSystem.API)' | MachineName=LVHUI-PC ThreadId=11
[2026-05-15 09:09:10.619 INF] Route matched with {action = "GetExamPapers", controller = "ExamPapers"}. Executing controller action with signature System.Threading.Tasks.Task`1[Microsoft.AspNetCore.Mvc.IActionResult] GetExamPapers(Int32, Int32, System.Nullable`1[ExamSystem.Domain.Enums.ExamStatus], System.Threading.CancellationToken) on controller ExamSystem.API.Controllers.ExamPapersController (ExamSystem.API). | MachineName=LVHUI-PC ThreadId=11
[2026-05-15 09:09:10.664 INF] Executed DbCommand (65ms) [Parameters=[], CommandType='"Text"', CommandTimeout='30']
SELECT count(*)
FROM questions AS q
WHERE q.is_active | MachineName=LVHUI-PC ThreadId=9
[2026-05-15 09:09:10.690 INF] Request starting HTTP/1.1 GET http://localhost:5146/api/tenants?page=1&pageSize=200 - null null | MachineName=LVHUI-PC ThreadId=11
[2026-05-15 09:09:10.694 INF] Executing endpoint 'ExamSystem.API.Controllers.TenantsController.GetTenants (ExamSystem.API)' | MachineName=LVHUI-PC ThreadId=11
[2026-05-15 09:09:10.700 INF] Route matched with {action = "GetTenants", controller = "Tenants"}. Executing controller action with signature System.Threading.Tasks.Task`1[Microsoft.AspNetCore.Mvc.IActionResult] GetTenants(Int32, Int32, System.Threading.CancellationToken) on controller ExamSystem.API.Controllers.TenantsController (ExamSystem.API). | MachineName=LVHUI-PC ThreadId=11
[2026-05-15 09:09:10.746 INF] Executed DbCommand (62ms) [Parameters=[@__p_1='?' (DbType = Int32), @__p_0='?' (DbType = Int32)], CommandType='"Text"', CommandTimeout='30']
SELECT q.id, q.type, q.content, q.knowledge_point, q.difficulty, q.is_ai_generated, q.created_at
FROM questions AS q
WHERE q.is_active
ORDER BY q.created_at DESC
LIMIT @__p_1 OFFSET @__p_0 | MachineName=LVHUI-PC ThreadId=11
[2026-05-15 09:09:10.769 INF] Executing OkObjectResult, writing value of type 'ExamSystem.Application.Common.Models.PaginatedResult`1[[ExamSystem.Application.Questions.Queries.QuestionDto, ExamSystem.Application, Version=1.0.0.0, Culture=neutral, PublicKeyToken=null]]'. | MachineName=LVHUI-PC ThreadId=11
[2026-05-15 09:09:10.774 INF] Executed action ExamSystem.API.Controllers.QuestionsController.GetQuestions (ExamSystem.API) in 226.947ms | MachineName=LVHUI-PC ThreadId=11
[2026-05-15 09:09:10.777 INF] Executed endpoint 'ExamSystem.API.Controllers.QuestionsController.GetQuestions (ExamSystem.API)' | MachineName=LVHUI-PC ThreadId=11
[2026-05-15 09:09:10.781 INF] HTTP GET /api/questions?page=1&pageSize=1 → 200 | 285ms | User=admin(admin) Role=SuperAdmin Tenant=- IP=127.0.0.1 TraceId=0HNLI3Q6MB503:00000001 | MachineName=LVHUI-PC ThreadId=11
[2026-05-15 09:09:10.786 INF] Request finished HTTP/1.1 GET http://localhost:5146/api/questions?page=1&pageSize=1 - 200 null application/json; charset=utf-8 314.2237ms | MachineName=LVHUI-PC ThreadId=11
[2026-05-15 09:09:11.172 INF] Executed DbCommand (64ms) [Parameters=[], CommandType='"Text"', CommandTimeout='30']
SELECT count(*)
FROM exam_papers AS e | MachineName=LVHUI-PC ThreadId=9
[2026-05-15 09:09:11.225 INF] Executed DbCommand (76ms) [Parameters=[], CommandType='"Text"', CommandTimeout='30']
SELECT count(*)
FROM exam_papers AS e | MachineName=LVHUI-PC ThreadId=9
[2026-05-15 09:09:11.265 INF] Executed DbCommand (62ms) [Parameters=[@__p_1='?' (DbType = Int32), @__p_0='?' (DbType = Int32)], CommandType='"Text"', CommandTimeout='30']
SELECT e.id, e.title, e.description, e.total_score, e.duration_minutes, e.status, e.start_time, e.end_time, e.anti_cheating_enabled, (
    SELECT count(*)::int
    FROM exam_questions AS e0
    WHERE e.id = e0.exam_paper_id), e.created_at
FROM exam_papers AS e
ORDER BY e.created_at DESC
LIMIT @__p_1 OFFSET @__p_0 | MachineName=LVHUI-PC ThreadId=9
[2026-05-15 09:09:11.271 INF] Executing OkObjectResult, writing value of type 'ExamSystem.Application.Common.Models.PaginatedResult`1[[ExamSystem.Application.ExamPapers.Queries.ExamPaperDto, ExamSystem.Application, Version=1.0.0.0, Culture=neutral, PublicKeyToken=null]]'. | MachineName=LVHUI-PC ThreadId=9
[2026-05-15 09:09:11.285 INF] Executed action ExamSystem.API.Controllers.ExamPapersController.GetExamPapers (ExamSystem.API) in 661.1957ms | MachineName=LVHUI-PC ThreadId=9
[2026-05-15 09:09:11.290 INF] Executed endpoint 'ExamSystem.API.Controllers.ExamPapersController.GetExamPapers (ExamSystem.API)' | MachineName=LVHUI-PC ThreadId=9
[2026-05-15 09:09:11.295 INF] Executed DbCommand (65ms) [Parameters=[@__p_1='?' (DbType = Int32), @__p_0='?' (DbType = Int32)], CommandType='"Text"', CommandTimeout='30']
SELECT e.id, e.title, e.description, e.total_score, e.duration_minutes, e.status, e.start_time, e.end_time, e.anti_cheating_enabled, (
    SELECT count(*)::int
    FROM exam_questions AS e0
    WHERE e.id = e0.exam_paper_id), e.created_at
FROM exam_papers AS e
ORDER BY e.created_at DESC
LIMIT @__p_1 OFFSET @__p_0 | MachineName=LVHUI-PC ThreadId=26
[2026-05-15 09:09:11.296 INF] HTTP GET /api/exam-papers?page=1&pageSize=5 → 200 | 681ms | User=admin(admin) Role=SuperAdmin Tenant=- IP=127.0.0.1 TraceId=0HNLI3Q6MB504:00000001 | MachineName=LVHUI-PC ThreadId=9
[2026-05-15 09:09:11.301 INF] Executing OkObjectResult, writing value of type 'ExamSystem.Application.Common.Models.PaginatedResult`1[[ExamSystem.Application.ExamPapers.Queries.ExamPaperDto, ExamSystem.Application, Version=1.0.0.0, Culture=neutral, PublicKeyToken=null]]'. | MachineName=LVHUI-PC ThreadId=26
[2026-05-15 09:09:11.305 INF] Request finished HTTP/1.1 GET http://localhost:5146/api/exam-papers?page=1&pageSize=5 - 200 null application/json; charset=utf-8 692.5627ms | MachineName=LVHUI-PC ThreadId=9
[2026-05-15 09:09:11.309 INF] Executed action ExamSystem.API.Controllers.ExamPapersController.GetExamPapers (ExamSystem.API) in 766.3054ms | MachineName=LVHUI-PC ThreadId=26
[2026-05-15 09:09:11.318 INF] Executed endpoint 'ExamSystem.API.Controllers.ExamPapersController.GetExamPapers (ExamSystem.API)' | MachineName=LVHUI-PC ThreadId=26
[2026-05-15 09:09:11.322 INF] HTTP GET /api/exam-papers?page=1&pageSize=1 → 200 | 837ms | User=admin(admin) Role=SuperAdmin Tenant=- IP=127.0.0.1 TraceId=0HNLI3Q6MB502:00000001 | MachineName=LVHUI-PC ThreadId=26
[2026-05-15 09:09:11.323 INF] Executed DbCommand (76ms) [Parameters=[], CommandType='"Text"', CommandTimeout='30']
SELECT count(*)
FROM tenants AS t | MachineName=LVHUI-PC ThreadId=9
[2026-05-15 09:09:11.326 INF] Request finished HTTP/1.1 GET http://localhost:5146/api/exam-papers?page=1&pageSize=1 - 200 null application/json; charset=utf-8 857.9708ms | MachineName=LVHUI-PC ThreadId=26
[2026-05-15 09:09:11.331 INF] Request starting HTTP/1.1 GET http://localhost:5146/api/tenants?page=1&pageSize=1 - null null | MachineName=LVHUI-PC ThreadId=7
[2026-05-15 09:09:11.331 INF] Request starting HTTP/1.1 GET http://localhost:5146/api/users?page=1&pageSize=1 - null null | MachineName=LVHUI-PC ThreadId=11
[2026-05-15 09:09:11.339 INF] Executing endpoint 'ExamSystem.API.Controllers.TenantsController.GetTenants (ExamSystem.API)' | MachineName=LVHUI-PC ThreadId=7
[2026-05-15 09:09:11.343 INF] Executing endpoint 'ExamSystem.API.Controllers.UsersController.GetUsers (ExamSystem.API)' | MachineName=LVHUI-PC ThreadId=11
[2026-05-15 09:09:11.345 INF] Route matched with {action = "GetTenants", controller = "Tenants"}. Executing controller action with signature System.Threading.Tasks.Task`1[Microsoft.AspNetCore.Mvc.IActionResult] GetTenants(Int32, Int32, System.Threading.CancellationToken) on controller ExamSystem.API.Controllers.TenantsController (ExamSystem.API). | MachineName=LVHUI-PC ThreadId=7
[2026-05-15 09:09:11.351 INF] Route matched with {action = "GetUsers", controller = "Users"}. Executing controller action with signature System.Threading.Tasks.Task`1[Microsoft.AspNetCore.Mvc.IActionResult] GetUsers(System.Nullable`1[System.Guid], System.Nullable`1[ExamSystem.Domain.Enums.UserRole], System.Nullable`1[System.Boolean], System.String, Int32, Int32, System.Threading.CancellationToken) on controller ExamSystem.API.Controllers.UsersController (ExamSystem.API). | MachineName=LVHUI-PC ThreadId=11
[2026-05-15 09:09:11.409 INF] Executed DbCommand (75ms) [Parameters=[@__p_1='?' (DbType = Int32), @__p_0='?' (DbType = Int32)], CommandType='"Text"', CommandTimeout='30']
SELECT t.id, t.name, t.schema_name, t.contact_email, t.is_active, t.ai_call_quota, t.ai_call_used, t.created_at
FROM tenants AS t
ORDER BY t.created_at DESC
LIMIT @__p_1 OFFSET @__p_0 | MachineName=LVHUI-PC ThreadId=11
[2026-05-15 09:09:11.414 INF] Executed DbCommand (61ms) [Parameters=[], CommandType='"Text"', CommandTimeout='30']
SELECT count(*)
FROM tenants AS t | MachineName=LVHUI-PC ThreadId=26
[2026-05-15 09:09:11.417 INF] Executing OkObjectResult, writing value of type 'ExamSystem.Application.Common.Models.PaginatedResult`1[[ExamSystem.Application.Tenants.Queries.TenantDto, ExamSystem.Application, Version=1.0.0.0, Culture=neutral, PublicKeyToken=null]]'. | MachineName=LVHUI-PC ThreadId=11
[2026-05-15 09:09:11.426 INF] Executed DbCommand (65ms) [Parameters=[], CommandType='"Text"', CommandTimeout='30']
SELECT count(*)
FROM users AS u | MachineName=LVHUI-PC ThreadId=26
[2026-05-15 09:09:11.430 INF] Executed action ExamSystem.API.Controllers.TenantsController.GetTenants (ExamSystem.API) in 725.2146ms | MachineName=LVHUI-PC ThreadId=11
[2026-05-15 09:09:11.436 INF] Executed endpoint 'ExamSystem.API.Controllers.TenantsController.GetTenants (ExamSystem.API)' | MachineName=LVHUI-PC ThreadId=11
[2026-05-15 09:09:11.439 INF] HTTP GET /api/tenants?page=1&pageSize=200 → 200 | 745ms | User=admin(admin) Role=SuperAdmin Tenant=- IP=127.0.0.1 TraceId=0HNLI3Q6MB505:00000001 | MachineName=LVHUI-PC ThreadId=11
[2026-05-15 09:09:11.444 INF] Request finished HTTP/1.1 GET http://localhost:5146/api/tenants?page=1&pageSize=200 - 200 null application/json; charset=utf-8 754.1463ms | MachineName=LVHUI-PC ThreadId=11
[2026-05-15 09:09:11.497 INF] Executed DbCommand (74ms) [Parameters=[@__p_1='?' (DbType = Int32), @__p_0='?' (DbType = Int32)], CommandType='"Text"', CommandTimeout='30']
SELECT t.id, t.name, t.schema_name, t.contact_email, t.is_active, t.ai_call_quota, t.ai_call_used, t.created_at
FROM tenants AS t
ORDER BY t.created_at DESC
LIMIT @__p_1 OFFSET @__p_0 | MachineName=LVHUI-PC ThreadId=26
[2026-05-15 09:09:11.500 INF] Executing OkObjectResult, writing value of type 'ExamSystem.Application.Common.Models.PaginatedResult`1[[ExamSystem.Application.Tenants.Queries.TenantDto, ExamSystem.Application, Version=1.0.0.0, Culture=neutral, PublicKeyToken=null]]'. | MachineName=LVHUI-PC ThreadId=26
[2026-05-15 09:09:11.503 INF] Executed action ExamSystem.API.Controllers.TenantsController.GetTenants (ExamSystem.API) in 151.325ms | MachineName=LVHUI-PC ThreadId=26
[2026-05-15 09:09:11.508 INF] Executed endpoint 'ExamSystem.API.Controllers.TenantsController.GetTenants (ExamSystem.API)' | MachineName=LVHUI-PC ThreadId=26
[2026-05-15 09:09:11.513 INF] HTTP GET /api/tenants?page=1&pageSize=1 → 200 | 174ms | User=admin(admin) Role=SuperAdmin Tenant=- IP=127.0.0.1 TraceId=0HNLI3Q6MB506:00000001 | MachineName=LVHUI-PC ThreadId=26
[2026-05-15 09:09:11.516 INF] Request finished HTTP/1.1 GET http://localhost:5146/api/tenants?page=1&pageSize=1 - 200 null application/json; charset=utf-8 185.2666ms | MachineName=LVHUI-PC ThreadId=26
[2026-05-15 09:09:11.528 INF] Executed DbCommand (76ms) [Parameters=[@__p_1='?' (DbType = Int32), @__p_0='?' (DbType = Int32)], CommandType='"Text"', CommandTimeout='30']
SELECT t.id, t.tenant_id, t0.name, t.username, t.email, t.role, t.is_active, t.last_login_at, t.created_at
FROM (
    SELECT u.id, u.created_at, u.email, u.is_active, u.last_login_at, u.role, u.tenant_id, u.username
    FROM users AS u
    ORDER BY u.created_at DESC
    LIMIT @__p_1 OFFSET @__p_0
) AS t
LEFT JOIN tenants AS t0 ON t.tenant_id = t0.id
ORDER BY t.created_at DESC | MachineName=LVHUI-PC ThreadId=26
[2026-05-15 09:09:11.532 INF] Executing OkObjectResult, writing value of type 'ExamSystem.Application.Common.Models.PaginatedResult`1[[ExamSystem.Application.Users.Queries.UserDto, ExamSystem.Application, Version=1.0.0.0, Culture=neutral, PublicKeyToken=null]]'. | MachineName=LVHUI-PC ThreadId=26
[2026-05-15 09:09:11.541 INF] Executed action ExamSystem.API.Controllers.UsersController.GetUsers (ExamSystem.API) in 185.7458ms | MachineName=LVHUI-PC ThreadId=26
[2026-05-15 09:09:11.545 INF] Executed endpoint 'ExamSystem.API.Controllers.UsersController.GetUsers (ExamSystem.API)' | MachineName=LVHUI-PC ThreadId=26
[2026-05-15 09:09:11.548 INF] HTTP GET /api/users?page=1&pageSize=1 → 200 | 204ms | User=admin(admin) Role=SuperAdmin Tenant=- IP=127.0.0.1 TraceId=0HNLI3Q6MB507:00000001 | MachineName=LVHUI-PC ThreadId=26
[2026-05-15 09:09:11.551 INF] Request finished HTTP/1.1 GET http://localhost:5146/api/users?page=1&pageSize=1 - 200 null application/json; charset=utf-8 220.0461ms | MachineName=LVHUI-PC ThreadId=26
[2026-05-15 09:09:20.442 INF] Request starting HTTP/1.1 GET http://localhost:5146/api/audit-logs?page=1&pageSize=20 - null null | MachineName=LVHUI-PC ThreadId=26
[2026-05-15 09:09:20.448 INF] Executing endpoint 'ExamSystem.API.Controllers.AuditLogsController.GetAuditLogs (ExamSystem.API)' | MachineName=LVHUI-PC ThreadId=26
[2026-05-15 09:09:20.462 INF] Route matched with {action = "GetAuditLogs", controller = "AuditLogs"}. Executing controller action with signature System.Threading.Tasks.Task`1[Microsoft.AspNetCore.Mvc.IActionResult] GetAuditLogs(System.Nullable`1[System.Guid], System.String, System.String, System.String, System.Nullable`1[System.DateTime], System.Nullable`1[System.DateTime], Int32, Int32, System.Threading.CancellationToken) on controller ExamSystem.API.Controllers.AuditLogsController (ExamSystem.API). | MachineName=LVHUI-PC ThreadId=26
[2026-05-15 09:09:20.482 INF] Request starting HTTP/1.1 GET http://localhost:5146/api/tenants?page=1&pageSize=200 - null null | MachineName=LVHUI-PC ThreadId=9
[2026-05-15 09:09:20.486 INF] Executing endpoint 'ExamSystem.API.Controllers.TenantsController.GetTenants (ExamSystem.API)' | MachineName=LVHUI-PC ThreadId=9
[2026-05-15 09:09:20.490 INF] Route matched with {action = "GetTenants", controller = "Tenants"}. Executing controller action with signature System.Threading.Tasks.Task`1[Microsoft.AspNetCore.Mvc.IActionResult] GetTenants(Int32, Int32, System.Threading.CancellationToken) on controller ExamSystem.API.Controllers.TenantsController (ExamSystem.API). | MachineName=LVHUI-PC ThreadId=9
[2026-05-15 09:09:20.544 INF] Executed DbCommand (61ms) [Parameters=[], CommandType='"Text"', CommandTimeout='30']
SELECT count(*)::int
FROM audit_logs AS a | MachineName=LVHUI-PC ThreadId=9
[2026-05-15 09:09:20.560 INF] Executed DbCommand (64ms) [Parameters=[], CommandType='"Text"', CommandTimeout='30']
SELECT count(*)
FROM tenants AS t | MachineName=LVHUI-PC ThreadId=9
[2026-05-15 09:09:20.631 INF] Executed DbCommand (75ms) [Parameters=[@__p_1='?' (DbType = Int32), @__p_0='?' (DbType = Int32)], CommandType='"Text"', CommandTimeout='30']
SELECT a.id, a.tenant_id, a.user_id, a.username, a.role, a.action, a.entity_type, a.entity_id, a.request_path, a.query_string, a.status_code, a.duration_ms, a.ip_address, a.error_message, a.created_at
FROM audit_logs AS a
ORDER BY a.created_at DESC
LIMIT @__p_1 OFFSET @__p_0 | MachineName=LVHUI-PC ThreadId=9
[2026-05-15 09:09:20.638 INF] Executing OkObjectResult, writing value of type 'ExamSystem.Application.AuditLogs.GetAuditLogsResult'. | MachineName=LVHUI-PC ThreadId=9
[2026-05-15 09:09:20.639 INF] Executed DbCommand (74ms) [Parameters=[@__p_1='?' (DbType = Int32), @__p_0='?' (DbType = Int32)], CommandType='"Text"', CommandTimeout='30']
SELECT t.id, t.name, t.schema_name, t.contact_email, t.is_active, t.ai_call_quota, t.ai_call_used, t.created_at
FROM tenants AS t
ORDER BY t.created_at DESC
LIMIT @__p_1 OFFSET @__p_0 | MachineName=LVHUI-PC ThreadId=26
[2026-05-15 09:09:20.649 INF] Executed action ExamSystem.API.Controllers.AuditLogsController.GetAuditLogs (ExamSystem.API) in 176.7054ms | MachineName=LVHUI-PC ThreadId=9
[2026-05-15 09:09:20.650 INF] Executing OkObjectResult, writing value of type 'ExamSystem.Application.Common.Models.PaginatedResult`1[[ExamSystem.Application.Tenants.Queries.TenantDto, ExamSystem.Application, Version=1.0.0.0, Culture=neutral, PublicKeyToken=null]]'. | MachineName=LVHUI-PC ThreadId=26
[2026-05-15 09:09:20.656 INF] Executed endpoint 'ExamSystem.API.Controllers.AuditLogsController.GetAuditLogs (ExamSystem.API)' | MachineName=LVHUI-PC ThreadId=9
[2026-05-15 09:09:20.663 INF] Executed action ExamSystem.API.Controllers.TenantsController.GetTenants (ExamSystem.API) in 168.8214ms | MachineName=LVHUI-PC ThreadId=26
[2026-05-15 09:09:20.667 INF] HTTP GET /api/audit-logs?page=1&pageSize=20 → 200 | 219ms | User=admin(admin) Role=SuperAdmin Tenant=- IP=127.0.0.1 TraceId=0HNLI3Q6MB508:00000001 | MachineName=LVHUI-PC ThreadId=9
[2026-05-15 09:09:20.670 INF] Executed endpoint 'ExamSystem.API.Controllers.TenantsController.GetTenants (ExamSystem.API)' | MachineName=LVHUI-PC ThreadId=26
[2026-05-15 09:09:20.673 INF] Request finished HTTP/1.1 GET http://localhost:5146/api/audit-logs?page=1&pageSize=20 - 200 null application/json; charset=utf-8 231.8158ms | MachineName=LVHUI-PC ThreadId=9
[2026-05-15 09:09:20.677 INF] HTTP GET /api/tenants?page=1&pageSize=200 → 200 | 191ms | User=admin(admin) Role=SuperAdmin Tenant=- IP=127.0.0.1 TraceId=0HNLI3Q6MB509:00000001 | MachineName=LVHUI-PC ThreadId=26
[2026-05-15 09:09:20.684 INF] Request finished HTTP/1.1 GET http://localhost:5146/api/tenants?page=1&pageSize=200 - 200 null application/json; charset=utf-8 201.6127ms | MachineName=LVHUI-PC ThreadId=26
[2026-05-15 09:09:31.716 INF] Request starting HTTP/1.1 GET http://localhost:5146/api/audit-logs?page=2&pageSize=20 - null null | MachineName=LVHUI-PC ThreadId=9
[2026-05-15 09:09:31.740 INF] Executing endpoint 'ExamSystem.API.Controllers.AuditLogsController.GetAuditLogs (ExamSystem.API)' | MachineName=LVHUI-PC ThreadId=9
[2026-05-15 09:09:31.745 INF] Route matched with {action = "GetAuditLogs", controller = "AuditLogs"}. Executing controller action with signature System.Threading.Tasks.Task`1[Microsoft.AspNetCore.Mvc.IActionResult] GetAuditLogs(System.Nullable`1[System.Guid], System.String, System.String, System.String, System.Nullable`1[System.DateTime], System.Nullable`1[System.DateTime], Int32, Int32, System.Threading.CancellationToken) on controller ExamSystem.API.Controllers.AuditLogsController (ExamSystem.API). | MachineName=LVHUI-PC ThreadId=9
[2026-05-15 09:09:31.813 INF] Executed DbCommand (62ms) [Parameters=[], CommandType='"Text"', CommandTimeout='30']
SELECT count(*)::int
FROM audit_logs AS a | MachineName=LVHUI-PC ThreadId=9
[2026-05-15 09:09:31.895 INF] Executed DbCommand (65ms) [Parameters=[@__p_0='?' (DbType = Int32)], CommandType='"Text"', CommandTimeout='30']
SELECT a.id, a.tenant_id, a.user_id, a.username, a.role, a.action, a.entity_type, a.entity_id, a.request_path, a.query_string, a.status_code, a.duration_ms, a.ip_address, a.error_message, a.created_at
FROM audit_logs AS a
ORDER BY a.created_at DESC
LIMIT @__p_0 OFFSET @__p_0 | MachineName=LVHUI-PC ThreadId=9
[2026-05-15 09:09:31.905 INF] Executing OkObjectResult, writing value of type 'ExamSystem.Application.AuditLogs.GetAuditLogsResult'. | MachineName=LVHUI-PC ThreadId=9
[2026-05-15 09:09:31.919 INF] Executed action ExamSystem.API.Controllers.AuditLogsController.GetAuditLogs (ExamSystem.API) in 169.4161ms | MachineName=LVHUI-PC ThreadId=9
[2026-05-15 09:09:31.925 INF] Executed endpoint 'ExamSystem.API.Controllers.AuditLogsController.GetAuditLogs (ExamSystem.API)' | MachineName=LVHUI-PC ThreadId=9
[2026-05-15 09:09:31.932 INF] HTTP GET /api/audit-logs?page=2&pageSize=20 → 200 | 192ms | User=admin(admin) Role=SuperAdmin Tenant=- IP=127.0.0.1 TraceId=0HNLI3Q6MB50A:00000001 | MachineName=LVHUI-PC ThreadId=9
[2026-05-15 09:09:31.935 INF] Request finished HTTP/1.1 GET http://localhost:5146/api/audit-logs?page=2&pageSize=20 - 200 null application/json; charset=utf-8 219.2447ms | MachineName=LVHUI-PC ThreadId=9
[2026-05-15 09:09:34.214 INF] Request starting HTTP/1.1 GET http://localhost:5146/api/audit-logs?page=3&pageSize=20 - null null | MachineName=LVHUI-PC ThreadId=11
[2026-05-15 09:09:34.220 INF] Executing endpoint 'ExamSystem.API.Controllers.AuditLogsController.GetAuditLogs (ExamSystem.API)' | MachineName=LVHUI-PC ThreadId=11
[2026-05-15 09:09:34.239 INF] Route matched with {action = "GetAuditLogs", controller = "AuditLogs"}. Executing controller action with signature System.Threading.Tasks.Task`1[Microsoft.AspNetCore.Mvc.IActionResult] GetAuditLogs(System.Nullable`1[System.Guid], System.String, System.String, System.String, System.Nullable`1[System.DateTime], System.Nullable`1[System.DateTime], Int32, Int32, System.Threading.CancellationToken) on controller ExamSystem.API.Controllers.AuditLogsController (ExamSystem.API). | MachineName=LVHUI-PC ThreadId=11
[2026-05-15 09:09:34.354 INF] Executed DbCommand (76ms) [Parameters=[], CommandType='"Text"', CommandTimeout='30']
SELECT count(*)::int
FROM audit_logs AS a | MachineName=LVHUI-PC ThreadId=11
[2026-05-15 09:09:34.434 INF] Executed DbCommand (76ms) [Parameters=[@__p_1='?' (DbType = Int32), @__p_0='?' (DbType = Int32)], CommandType='"Text"', CommandTimeout='30']
SELECT a.id, a.tenant_id, a.user_id, a.username, a.role, a.action, a.entity_type, a.entity_id, a.request_path, a.query_string, a.status_code, a.duration_ms, a.ip_address, a.error_message, a.created_at
FROM audit_logs AS a
ORDER BY a.created_at DESC
LIMIT @__p_1 OFFSET @__p_0 | MachineName=LVHUI-PC ThreadId=11
[2026-05-15 09:09:34.443 INF] Executing OkObjectResult, writing value of type 'ExamSystem.Application.AuditLogs.GetAuditLogsResult'. | MachineName=LVHUI-PC ThreadId=11
[2026-05-15 09:09:34.449 INF] Executed action ExamSystem.API.Controllers.AuditLogsController.GetAuditLogs (ExamSystem.API) in 172.3266ms | MachineName=LVHUI-PC ThreadId=11
[2026-05-15 09:09:34.454 INF] Executed endpoint 'ExamSystem.API.Controllers.AuditLogsController.GetAuditLogs (ExamSystem.API)' | MachineName=LVHUI-PC ThreadId=11
[2026-05-15 09:09:34.460 INF] HTTP GET /api/audit-logs?page=3&pageSize=20 → 200 | 240ms | User=admin(admin) Role=SuperAdmin Tenant=- IP=127.0.0.1 TraceId=0HNLI3Q6MB50B:00000001 | MachineName=LVHUI-PC ThreadId=11
[2026-05-15 09:09:34.465 INF] Request finished HTTP/1.1 GET http://localhost:5146/api/audit-logs?page=3&pageSize=20 - 200 null application/json; charset=utf-8 250.9746ms | MachineName=LVHUI-PC ThreadId=11
[2026-05-15 09:09:37.469 INF] Request starting HTTP/1.1 GET http://localhost:5146/api/audit-logs?page=4&pageSize=20 - null null | MachineName=LVHUI-PC ThreadId=13
[2026-05-15 09:09:37.483 INF] Executing endpoint 'ExamSystem.API.Controllers.AuditLogsController.GetAuditLogs (ExamSystem.API)' | MachineName=LVHUI-PC ThreadId=13
[2026-05-15 09:09:37.487 INF] Route matched with {action = "GetAuditLogs", controller = "AuditLogs"}. Executing controller action with signature System.Threading.Tasks.Task`1[Microsoft.AspNetCore.Mvc.IActionResult] GetAuditLogs(System.Nullable`1[System.Guid], System.String, System.String, System.String, System.Nullable`1[System.DateTime], System.Nullable`1[System.DateTime], Int32, Int32, System.Threading.CancellationToken) on controller ExamSystem.API.Controllers.AuditLogsController (ExamSystem.API). | MachineName=LVHUI-PC ThreadId=13
[2026-05-15 09:09:37.552 INF] Executed DbCommand (61ms) [Parameters=[], CommandType='"Text"', CommandTimeout='30']
SELECT count(*)::int
FROM audit_logs AS a | MachineName=LVHUI-PC ThreadId=13
[2026-05-15 09:09:37.620 INF] Executed DbCommand (64ms) [Parameters=[@__p_1='?' (DbType = Int32), @__p_0='?' (DbType = Int32)], CommandType='"Text"', CommandTimeout='30']
SELECT a.id, a.tenant_id, a.user_id, a.username, a.role, a.action, a.entity_type, a.entity_id, a.request_path, a.query_string, a.status_code, a.duration_ms, a.ip_address, a.error_message, a.created_at
FROM audit_logs AS a
ORDER BY a.created_at DESC
LIMIT @__p_1 OFFSET @__p_0 | MachineName=LVHUI-PC ThreadId=13
[2026-05-15 09:09:37.627 INF] Executing OkObjectResult, writing value of type 'ExamSystem.Application.AuditLogs.GetAuditLogsResult'. | MachineName=LVHUI-PC ThreadId=13
[2026-05-15 09:09:37.633 INF] Executed action ExamSystem.API.Controllers.AuditLogsController.GetAuditLogs (ExamSystem.API) in 141.9434ms | MachineName=LVHUI-PC ThreadId=13
[2026-05-15 09:09:37.637 INF] Executed endpoint 'ExamSystem.API.Controllers.AuditLogsController.GetAuditLogs (ExamSystem.API)' | MachineName=LVHUI-PC ThreadId=13
[2026-05-15 09:09:37.643 INF] HTTP GET /api/audit-logs?page=4&pageSize=20 → 200 | 159ms | User=admin(admin) Role=SuperAdmin Tenant=- IP=127.0.0.1 TraceId=0HNLI3Q6MB50C:00000001 | MachineName=LVHUI-PC ThreadId=13
[2026-05-15 09:09:37.648 INF] Request finished HTTP/1.1 GET http://localhost:5146/api/audit-logs?page=4&pageSize=20 - 200 null application/json; charset=utf-8 178.9422ms | MachineName=LVHUI-PC ThreadId=13
[2026-05-15 09:09:38.590 INF] Request starting HTTP/1.1 GET http://localhost:5146/api/audit-logs?page=5&pageSize=20 - null null | MachineName=LVHUI-PC ThreadId=11
[2026-05-15 09:09:38.602 INF] Executing endpoint 'ExamSystem.API.Controllers.AuditLogsController.GetAuditLogs (ExamSystem.API)' | MachineName=LVHUI-PC ThreadId=11
[2026-05-15 09:09:38.606 INF] Route matched with {action = "GetAuditLogs", controller = "AuditLogs"}. Executing controller action with signature System.Threading.Tasks.Task`1[Microsoft.AspNetCore.Mvc.IActionResult] GetAuditLogs(System.Nullable`1[System.Guid], System.String, System.String, System.String, System.Nullable`1[System.DateTime], System.Nullable`1[System.DateTime], Int32, Int32, System.Threading.CancellationToken) on controller ExamSystem.API.Controllers.AuditLogsController (ExamSystem.API). | MachineName=LVHUI-PC ThreadId=11
[2026-05-15 09:09:38.685 INF] Executed DbCommand (74ms) [Parameters=[], CommandType='"Text"', CommandTimeout='30']
SELECT count(*)::int
FROM audit_logs AS a | MachineName=LVHUI-PC ThreadId=11
[2026-05-15 09:09:38.768 INF] Executed DbCommand (77ms) [Parameters=[@__p_1='?' (DbType = Int32), @__p_0='?' (DbType = Int32)], CommandType='"Text"', CommandTimeout='30']
SELECT a.id, a.tenant_id, a.user_id, a.username, a.role, a.action, a.entity_type, a.entity_id, a.request_path, a.query_string, a.status_code, a.duration_ms, a.ip_address, a.error_message, a.created_at
FROM audit_logs AS a
ORDER BY a.created_at DESC
LIMIT @__p_1 OFFSET @__p_0 | MachineName=LVHUI-PC ThreadId=11
[2026-05-15 09:09:38.774 INF] Executing OkObjectResult, writing value of type 'ExamSystem.Application.AuditLogs.GetAuditLogsResult'. | MachineName=LVHUI-PC ThreadId=11
[2026-05-15 09:09:38.782 INF] Executed action ExamSystem.API.Controllers.AuditLogsController.GetAuditLogs (ExamSystem.API) in 170.6741ms | MachineName=LVHUI-PC ThreadId=11
[2026-05-15 09:09:38.790 INF] Executed endpoint 'ExamSystem.API.Controllers.AuditLogsController.GetAuditLogs (ExamSystem.API)' | MachineName=LVHUI-PC ThreadId=11
[2026-05-15 09:09:38.795 INF] HTTP GET /api/audit-logs?page=5&pageSize=20 → 200 | 193ms | User=admin(admin) Role=SuperAdmin Tenant=- IP=127.0.0.1 TraceId=0HNLI3Q6MB50D:00000001 | MachineName=LVHUI-PC ThreadId=11
[2026-05-15 09:09:38.800 INF] Request finished HTTP/1.1 GET http://localhost:5146/api/audit-logs?page=5&pageSize=20 - 200 null application/json; charset=utf-8 209.9052ms | MachineName=LVHUI-PC ThreadId=11
[2026-05-15 09:09:40.577 INF] Request starting HTTP/1.1 GET http://localhost:5146/api/audit-logs?page=10&pageSize=20 - null null | MachineName=LVHUI-PC ThreadId=9
[2026-05-15 09:09:40.598 INF] Executing endpoint 'ExamSystem.API.Controllers.AuditLogsController.GetAuditLogs (ExamSystem.API)' | MachineName=LVHUI-PC ThreadId=9
[2026-05-15 09:09:40.607 INF] Route matched with {action = "GetAuditLogs", controller = "AuditLogs"}. Executing controller action with signature System.Threading.Tasks.Task`1[Microsoft.AspNetCore.Mvc.IActionResult] GetAuditLogs(System.Nullable`1[System.Guid], System.String, System.String, System.String, System.Nullable`1[System.DateTime], System.Nullable`1[System.DateTime], Int32, Int32, System.Threading.CancellationToken) on controller ExamSystem.API.Controllers.AuditLogsController (ExamSystem.API). | MachineName=LVHUI-PC ThreadId=9
[2026-05-15 09:09:40.678 INF] Executed DbCommand (61ms) [Parameters=[], CommandType='"Text"', CommandTimeout='30']
SELECT count(*)::int
FROM audit_logs AS a | MachineName=LVHUI-PC ThreadId=9
[2026-05-15 09:09:40.751 INF] Executed DbCommand (64ms) [Parameters=[@__p_1='?' (DbType = Int32), @__p_0='?' (DbType = Int32)], CommandType='"Text"', CommandTimeout='30']
SELECT a.id, a.tenant_id, a.user_id, a.username, a.role, a.action, a.entity_type, a.entity_id, a.request_path, a.query_string, a.status_code, a.duration_ms, a.ip_address, a.error_message, a.created_at
FROM audit_logs AS a
ORDER BY a.created_at DESC
LIMIT @__p_1 OFFSET @__p_0 | MachineName=LVHUI-PC ThreadId=9
[2026-05-15 09:09:40.757 INF] Executing OkObjectResult, writing value of type 'ExamSystem.Application.AuditLogs.GetAuditLogsResult'. | MachineName=LVHUI-PC ThreadId=9
[2026-05-15 09:09:40.763 INF] Executed action ExamSystem.API.Controllers.AuditLogsController.GetAuditLogs (ExamSystem.API) in 146.175ms | MachineName=LVHUI-PC ThreadId=9
[2026-05-15 09:09:40.768 INF] Executed endpoint 'ExamSystem.API.Controllers.AuditLogsController.GetAuditLogs (ExamSystem.API)' | MachineName=LVHUI-PC ThreadId=9
[2026-05-15 09:09:40.772 INF] HTTP GET /api/audit-logs?page=10&pageSize=20 → 200 | 174ms | User=admin(admin) Role=SuperAdmin Tenant=- IP=127.0.0.1 TraceId=0HNLI3Q6MB50E:00000001 | MachineName=LVHUI-PC ThreadId=9
[2026-05-15 09:09:40.778 INF] Request finished HTTP/1.1 GET http://localhost:5146/api/audit-logs?page=10&pageSize=20 - 200 null application/json; charset=utf-8 200.2944ms | MachineName=LVHUI-PC ThreadId=9
[2026-05-15 09:09:44.743 INF] Request starting HTTP/1.1 GET http://localhost:5146/api/audit-logs?page=9&pageSize=20 - null null | MachineName=LVHUI-PC ThreadId=26
[2026-05-15 09:09:44.766 INF] Executing endpoint 'ExamSystem.API.Controllers.AuditLogsController.GetAuditLogs (ExamSystem.API)' | MachineName=LVHUI-PC ThreadId=26
[2026-05-15 09:09:44.769 INF] Route matched with {action = "GetAuditLogs", controller = "AuditLogs"}. Executing controller action with signature System.Threading.Tasks.Task`1[Microsoft.AspNetCore.Mvc.IActionResult] GetAuditLogs(System.Nullable`1[System.Guid], System.String, System.String, System.String, System.Nullable`1[System.DateTime], System.Nullable`1[System.DateTime], Int32, Int32, System.Threading.CancellationToken) on controller ExamSystem.API.Controllers.AuditLogsController (ExamSystem.API). | MachineName=LVHUI-PC ThreadId=26
[2026-05-15 09:09:44.852 INF] Executed DbCommand (74ms) [Parameters=[], CommandType='"Text"', CommandTimeout='30']
SELECT count(*)::int
FROM audit_logs AS a | MachineName=LVHUI-PC ThreadId=26
[2026-05-15 09:09:44.934 INF] Executed DbCommand (76ms) [Parameters=[@__p_1='?' (DbType = Int32), @__p_0='?' (DbType = Int32)], CommandType='"Text"', CommandTimeout='30']
SELECT a.id, a.tenant_id, a.user_id, a.username, a.role, a.action, a.entity_type, a.entity_id, a.request_path, a.query_string, a.status_code, a.duration_ms, a.ip_address, a.error_message, a.created_at
FROM audit_logs AS a
ORDER BY a.created_at DESC
LIMIT @__p_1 OFFSET @__p_0 | MachineName=LVHUI-PC ThreadId=26
[2026-05-15 09:09:44.938 INF] Executing OkObjectResult, writing value of type 'ExamSystem.Application.AuditLogs.GetAuditLogsResult'. | MachineName=LVHUI-PC ThreadId=26
[2026-05-15 09:09:44.943 INF] Executed action ExamSystem.API.Controllers.AuditLogsController.GetAuditLogs (ExamSystem.API) in 165.4782ms | MachineName=LVHUI-PC ThreadId=26
[2026-05-15 09:09:44.948 INF] Executed endpoint 'ExamSystem.API.Controllers.AuditLogsController.GetAuditLogs (ExamSystem.API)' | MachineName=LVHUI-PC ThreadId=26
[2026-05-15 09:09:44.952 INF] HTTP GET /api/audit-logs?page=9&pageSize=20 → 200 | 186ms | User=admin(admin) Role=SuperAdmin Tenant=- IP=127.0.0.1 TraceId=0HNLI3Q6MB50F:00000001 | MachineName=LVHUI-PC ThreadId=26
[2026-05-15 09:09:44.956 INF] Request finished HTTP/1.1 GET http://localhost:5146/api/audit-logs?page=9&pageSize=20 - 200 null application/json; charset=utf-8 212.3866ms | MachineName=LVHUI-PC ThreadId=26
[2026-05-15 09:09:48.061 INF] Request starting HTTP/1.1 GET http://localhost:5146/api/audit-logs?page=8&pageSize=20 - null null | MachineName=LVHUI-PC ThreadId=26
[2026-05-15 09:09:48.068 INF] Executing endpoint 'ExamSystem.API.Controllers.AuditLogsController.GetAuditLogs (ExamSystem.API)' | MachineName=LVHUI-PC ThreadId=26
[2026-05-15 09:09:48.073 INF] Route matched with {action = "GetAuditLogs", controller = "AuditLogs"}. Executing controller action with signature System.Threading.Tasks.Task`1[Microsoft.AspNetCore.Mvc.IActionResult] GetAuditLogs(System.Nullable`1[System.Guid], System.String, System.String, System.String, System.Nullable`1[System.DateTime], System.Nullable`1[System.DateTime], Int32, Int32, System.Threading.CancellationToken) on controller ExamSystem.API.Controllers.AuditLogsController (ExamSystem.API). | MachineName=LVHUI-PC ThreadId=26
[2026-05-15 09:09:48.143 INF] Executed DbCommand (61ms) [Parameters=[], CommandType='"Text"', CommandTimeout='30']
SELECT count(*)::int
FROM audit_logs AS a | MachineName=LVHUI-PC ThreadId=26
[2026-05-15 09:09:48.213 INF] Executed DbCommand (64ms) [Parameters=[@__p_1='?' (DbType = Int32), @__p_0='?' (DbType = Int32)], CommandType='"Text"', CommandTimeout='30']
SELECT a.id, a.tenant_id, a.user_id, a.username, a.role, a.action, a.entity_type, a.entity_id, a.request_path, a.query_string, a.status_code, a.duration_ms, a.ip_address, a.error_message, a.created_at
FROM audit_logs AS a
ORDER BY a.created_at DESC
LIMIT @__p_1 OFFSET @__p_0 | MachineName=LVHUI-PC ThreadId=26
[2026-05-15 09:09:48.221 INF] Executing OkObjectResult, writing value of type 'ExamSystem.Application.AuditLogs.GetAuditLogsResult'. | MachineName=LVHUI-PC ThreadId=26
[2026-05-15 09:09:48.226 INF] Executed action ExamSystem.API.Controllers.AuditLogsController.GetAuditLogs (ExamSystem.API) in 144.897ms | MachineName=LVHUI-PC ThreadId=26
[2026-05-15 09:09:48.233 INF] Executed endpoint 'ExamSystem.API.Controllers.AuditLogsController.GetAuditLogs (ExamSystem.API)' | MachineName=LVHUI-PC ThreadId=26
[2026-05-15 09:09:48.238 INF] HTTP GET /api/audit-logs?page=8&pageSize=20 → 200 | 171ms | User=admin(admin) Role=SuperAdmin Tenant=- IP=127.0.0.1 TraceId=0HNLI3Q6MB50G:00000001 | MachineName=LVHUI-PC ThreadId=26
[2026-05-15 09:09:48.242 INF] Request finished HTTP/1.1 GET http://localhost:5146/api/audit-logs?page=8&pageSize=20 - 200 null application/json; charset=utf-8 180.7322ms | MachineName=LVHUI-PC ThreadId=26
[2026-05-15 09:09:51.054 INF] Request starting HTTP/1.1 GET http://localhost:5146/api/audit-logs?page=7&pageSize=20 - null null | MachineName=LVHUI-PC ThreadId=26
[2026-05-15 09:09:51.079 INF] Executing endpoint 'ExamSystem.API.Controllers.AuditLogsController.GetAuditLogs (ExamSystem.API)' | MachineName=LVHUI-PC ThreadId=26
[2026-05-15 09:09:51.083 INF] Route matched with {action = "GetAuditLogs", controller = "AuditLogs"}. Executing controller action with signature System.Threading.Tasks.Task`1[Microsoft.AspNetCore.Mvc.IActionResult] GetAuditLogs(System.Nullable`1[System.Guid], System.String, System.String, System.String, System.Nullable`1[System.DateTime], System.Nullable`1[System.DateTime], Int32, Int32, System.Threading.CancellationToken) on controller ExamSystem.API.Controllers.AuditLogsController (ExamSystem.API). | MachineName=LVHUI-PC ThreadId=26
[2026-05-15 09:09:51.163 INF] Executed DbCommand (74ms) [Parameters=[], CommandType='"Text"', CommandTimeout='30']
SELECT count(*)::int
FROM audit_logs AS a | MachineName=LVHUI-PC ThreadId=26
[2026-05-15 09:09:51.247 INF] Executed DbCommand (75ms) [Parameters=[@__p_1='?' (DbType = Int32), @__p_0='?' (DbType = Int32)], CommandType='"Text"', CommandTimeout='30']
SELECT a.id, a.tenant_id, a.user_id, a.username, a.role, a.action, a.entity_type, a.entity_id, a.request_path, a.query_string, a.status_code, a.duration_ms, a.ip_address, a.error_message, a.created_at
FROM audit_logs AS a
ORDER BY a.created_at DESC
LIMIT @__p_1 OFFSET @__p_0 | MachineName=LVHUI-PC ThreadId=26
[2026-05-15 09:09:51.252 INF] Executing OkObjectResult, writing value of type 'ExamSystem.Application.AuditLogs.GetAuditLogsResult'. | MachineName=LVHUI-PC ThreadId=26
[2026-05-15 09:09:51.257 INF] Executed action ExamSystem.API.Controllers.AuditLogsController.GetAuditLogs (ExamSystem.API) in 168.7114ms | MachineName=LVHUI-PC ThreadId=26
[2026-05-15 09:09:51.263 INF] Executed endpoint 'ExamSystem.API.Controllers.AuditLogsController.GetAuditLogs (ExamSystem.API)' | MachineName=LVHUI-PC ThreadId=26
[2026-05-15 09:09:51.267 INF] HTTP GET /api/audit-logs?page=7&pageSize=20 → 200 | 189ms | User=admin(admin) Role=SuperAdmin Tenant=- IP=127.0.0.1 TraceId=0HNLI3Q6MB50H:00000001 | MachineName=LVHUI-PC ThreadId=26
[2026-05-15 09:09:51.271 INF] Request finished HTTP/1.1 GET http://localhost:5146/api/audit-logs?page=7&pageSize=20 - 200 null application/json; charset=utf-8 217.6426ms | MachineName=LVHUI-PC ThreadId=26
[2026-05-15 09:09:54.486 INF] Request starting HTTP/1.1 GET http://localhost:5146/api/audit-logs?page=1&pageSize=20 - null null | MachineName=LVHUI-PC ThreadId=13
[2026-05-15 09:09:54.492 INF] Executing endpoint 'ExamSystem.API.Controllers.AuditLogsController.GetAuditLogs (ExamSystem.API)' | MachineName=LVHUI-PC ThreadId=13
[2026-05-15 09:09:54.499 INF] Route matched with {action = "GetAuditLogs", controller = "AuditLogs"}. Executing controller action with signature System.Threading.Tasks.Task`1[Microsoft.AspNetCore.Mvc.IActionResult] GetAuditLogs(System.Nullable`1[System.Guid], System.String, System.String, System.String, System.Nullable`1[System.DateTime], System.Nullable`1[System.DateTime], Int32, Int32, System.Threading.CancellationToken) on controller ExamSystem.API.Controllers.AuditLogsController (ExamSystem.API). | MachineName=LVHUI-PC ThreadId=13
[2026-05-15 09:09:54.568 INF] Executed DbCommand (61ms) [Parameters=[], CommandType='"Text"', CommandTimeout='30']
SELECT count(*)::int
FROM audit_logs AS a | MachineName=LVHUI-PC ThreadId=13
[2026-05-15 09:09:54.645 INF] Executed DbCommand (64ms) [Parameters=[@__p_1='?' (DbType = Int32), @__p_0='?' (DbType = Int32)], CommandType='"Text"', CommandTimeout='30']
SELECT a.id, a.tenant_id, a.user_id, a.username, a.role, a.action, a.entity_type, a.entity_id, a.request_path, a.query_string, a.status_code, a.duration_ms, a.ip_address, a.error_message, a.created_at
FROM audit_logs AS a
ORDER BY a.created_at DESC
LIMIT @__p_1 OFFSET @__p_0 | MachineName=LVHUI-PC ThreadId=26
[2026-05-15 09:09:54.649 INF] Executing OkObjectResult, writing value of type 'ExamSystem.Application.AuditLogs.GetAuditLogsResult'. | MachineName=LVHUI-PC ThreadId=26
[2026-05-15 09:09:54.654 INF] Executed action ExamSystem.API.Controllers.AuditLogsController.GetAuditLogs (ExamSystem.API) in 146.9368ms | MachineName=LVHUI-PC ThreadId=26
[2026-05-15 09:09:54.659 INF] Executed endpoint 'ExamSystem.API.Controllers.AuditLogsController.GetAuditLogs (ExamSystem.API)' | MachineName=LVHUI-PC ThreadId=26
[2026-05-15 09:09:54.667 INF] HTTP GET /api/audit-logs?page=1&pageSize=20 → 200 | 174ms | User=admin(admin) Role=SuperAdmin Tenant=- IP=127.0.0.1 TraceId=0HNLI3Q6MB50I:00000001 | MachineName=LVHUI-PC ThreadId=26
[2026-05-15 09:09:54.671 INF] Request finished HTTP/1.1 GET http://localhost:5146/api/audit-logs?page=1&pageSize=20 - 200 null application/json; charset=utf-8 185.2898ms | MachineName=LVHUI-PC ThreadId=26
[2026-05-15 09:10:08.569 INF] Request starting HTTP/1.1 GET http://localhost:5146/api/users?page=1&pageSize=20 - null null | MachineName=LVHUI-PC ThreadId=26
[2026-05-15 09:10:08.579 INF] Executing endpoint 'ExamSystem.API.Controllers.UsersController.GetUsers (ExamSystem.API)' | MachineName=LVHUI-PC ThreadId=26
[2026-05-15 09:10:08.584 INF] Route matched with {action = "GetUsers", controller = "Users"}. Executing controller action with signature System.Threading.Tasks.Task`1[Microsoft.AspNetCore.Mvc.IActionResult] GetUsers(System.Nullable`1[System.Guid], System.Nullable`1[ExamSystem.Domain.Enums.UserRole], System.Nullable`1[System.Boolean], System.String, Int32, Int32, System.Threading.CancellationToken) on controller ExamSystem.API.Controllers.UsersController (ExamSystem.API). | MachineName=LVHUI-PC ThreadId=26
[2026-05-15 09:10:08.676 INF] Executed DbCommand (74ms) [Parameters=[], CommandType='"Text"', CommandTimeout='30']
SELECT count(*)
FROM users AS u | MachineName=LVHUI-PC ThreadId=26
[2026-05-15 09:10:08.757 INF] Executed DbCommand (75ms) [Parameters=[@__p_1='?' (DbType = Int32), @__p_0='?' (DbType = Int32)], CommandType='"Text"', CommandTimeout='30']
SELECT t.id, t.tenant_id, t0.name, t.username, t.email, t.role, t.is_active, t.last_login_at, t.created_at
FROM (
    SELECT u.id, u.created_at, u.email, u.is_active, u.last_login_at, u.role, u.tenant_id, u.username
    FROM users AS u
    ORDER BY u.created_at DESC
    LIMIT @__p_1 OFFSET @__p_0
) AS t
LEFT JOIN tenants AS t0 ON t.tenant_id = t0.id
ORDER BY t.created_at DESC | MachineName=LVHUI-PC ThreadId=11
[2026-05-15 09:10:08.762 INF] Executing OkObjectResult, writing value of type 'ExamSystem.Application.Common.Models.PaginatedResult`1[[ExamSystem.Application.Users.Queries.UserDto, ExamSystem.Application, Version=1.0.0.0, Culture=neutral, PublicKeyToken=null]]'. | MachineName=LVHUI-PC ThreadId=11
[2026-05-15 09:10:08.767 INF] Executed action ExamSystem.API.Controllers.UsersController.GetUsers (ExamSystem.API) in 168.8174ms | MachineName=LVHUI-PC ThreadId=11
[2026-05-15 09:10:08.772 INF] Executed endpoint 'ExamSystem.API.Controllers.UsersController.GetUsers (ExamSystem.API)' | MachineName=LVHUI-PC ThreadId=11
[2026-05-15 09:10:08.776 INF] HTTP GET /api/users?page=1&pageSize=20 → 200 | 197ms | User=admin(admin) Role=SuperAdmin Tenant=- IP=127.0.0.1 TraceId=0HNLI3Q6MB50J:00000001 | MachineName=LVHUI-PC ThreadId=11
[2026-05-15 09:10:08.781 INF] Request finished HTTP/1.1 GET http://localhost:5146/api/users?page=1&pageSize=20 - 200 null application/json; charset=utf-8 212.5743ms | MachineName=LVHUI-PC ThreadId=11
[2026-05-15 09:10:08.870 INF] Request starting HTTP/1.1 GET http://localhost:5146/api/tenants?page=1&pageSize=200 - null null | MachineName=LVHUI-PC ThreadId=26
[2026-05-15 09:10:08.877 INF] Executing endpoint 'ExamSystem.API.Controllers.TenantsController.GetTenants (ExamSystem.API)' | MachineName=LVHUI-PC ThreadId=26
[2026-05-15 09:10:08.882 INF] Route matched with {action = "GetTenants", controller = "Tenants"}. Executing controller action with signature System.Threading.Tasks.Task`1[Microsoft.AspNetCore.Mvc.IActionResult] GetTenants(Int32, Int32, System.Threading.CancellationToken) on controller ExamSystem.API.Controllers.TenantsController (ExamSystem.API). | MachineName=LVHUI-PC ThreadId=26
[2026-05-15 09:10:08.950 INF] Executed DbCommand (61ms) [Parameters=[], CommandType='"Text"', CommandTimeout='30']
SELECT count(*)
FROM tenants AS t | MachineName=LVHUI-PC ThreadId=26
[2026-05-15 09:10:09.019 INF] Executed DbCommand (64ms) [Parameters=[@__p_1='?' (DbType = Int32), @__p_0='?' (DbType = Int32)], CommandType='"Text"', CommandTimeout='30']
SELECT t.id, t.name, t.schema_name, t.contact_email, t.is_active, t.ai_call_quota, t.ai_call_used, t.created_at
FROM tenants AS t
ORDER BY t.created_at DESC
LIMIT @__p_1 OFFSET @__p_0 | MachineName=LVHUI-PC ThreadId=26
[2026-05-15 09:10:09.028 INF] Executing OkObjectResult, writing value of type 'ExamSystem.Application.Common.Models.PaginatedResult`1[[ExamSystem.Application.Tenants.Queries.TenantDto, ExamSystem.Application, Version=1.0.0.0, Culture=neutral, PublicKeyToken=null]]'. | MachineName=LVHUI-PC ThreadId=26
[2026-05-15 09:10:09.044 INF] Executed action ExamSystem.API.Controllers.TenantsController.GetTenants (ExamSystem.API) in 155.6629ms | MachineName=LVHUI-PC ThreadId=26
[2026-05-15 09:10:09.049 INF] Executed endpoint 'ExamSystem.API.Controllers.TenantsController.GetTenants (ExamSystem.API)' | MachineName=LVHUI-PC ThreadId=26
[2026-05-15 09:10:09.058 INF] HTTP GET /api/tenants?page=1&pageSize=200 → 200 | 181ms | User=admin(admin) Role=SuperAdmin Tenant=- IP=127.0.0.1 TraceId=0HNLI3Q6MB50K:00000001 | MachineName=LVHUI-PC ThreadId=26
[2026-05-15 09:10:09.065 INF] Request finished HTTP/1.1 GET http://localhost:5146/api/tenants?page=1&pageSize=200 - 200 null application/json; charset=utf-8 195.5545ms | MachineName=LVHUI-PC ThreadId=26
[2026-05-15 09:10:11.150 INF] Request starting HTTP/1.1 GET http://localhost:5146/api/exam-papers?page=1&pageSize=10 - null null | MachineName=LVHUI-PC ThreadId=26
[2026-05-15 09:10:11.154 INF] Executing endpoint 'ExamSystem.API.Controllers.ExamPapersController.GetExamPapers (ExamSystem.API)' | MachineName=LVHUI-PC ThreadId=26
[2026-05-15 09:10:11.173 INF] Route matched with {action = "GetExamPapers", controller = "ExamPapers"}. Executing controller action with signature System.Threading.Tasks.Task`1[Microsoft.AspNetCore.Mvc.IActionResult] GetExamPapers(Int32, Int32, System.Nullable`1[ExamSystem.Domain.Enums.ExamStatus], System.Threading.CancellationToken) on controller ExamSystem.API.Controllers.ExamPapersController (ExamSystem.API). | MachineName=LVHUI-PC ThreadId=26
[2026-05-15 09:10:11.255 INF] Executed DbCommand (74ms) [Parameters=[], CommandType='"Text"', CommandTimeout='30']
SELECT count(*)
FROM exam_papers AS e | MachineName=LVHUI-PC ThreadId=26
[2026-05-15 09:10:11.343 INF] Executed DbCommand (75ms) [Parameters=[@__p_1='?' (DbType = Int32), @__p_0='?' (DbType = Int32)], CommandType='"Text"', CommandTimeout='30']
SELECT e.id, e.title, e.description, e.total_score, e.duration_minutes, e.status, e.start_time, e.end_time, e.anti_cheating_enabled, (
    SELECT count(*)::int
    FROM exam_questions AS e0
    WHERE e.id = e0.exam_paper_id), e.created_at
FROM exam_papers AS e
ORDER BY e.created_at DESC
LIMIT @__p_1 OFFSET @__p_0 | MachineName=LVHUI-PC ThreadId=26
[2026-05-15 09:10:11.348 INF] Executing OkObjectResult, writing value of type 'ExamSystem.Application.Common.Models.PaginatedResult`1[[ExamSystem.Application.ExamPapers.Queries.ExamPaperDto, ExamSystem.Application, Version=1.0.0.0, Culture=neutral, PublicKeyToken=null]]'. | MachineName=LVHUI-PC ThreadId=26
[2026-05-15 09:10:11.355 INF] Executed action ExamSystem.API.Controllers.ExamPapersController.GetExamPapers (ExamSystem.API) in 177.3934ms | MachineName=LVHUI-PC ThreadId=26
[2026-05-15 09:10:11.362 INF] Executed endpoint 'ExamSystem.API.Controllers.ExamPapersController.GetExamPapers (ExamSystem.API)' | MachineName=LVHUI-PC ThreadId=26
[2026-05-15 09:10:11.368 INF] HTTP GET /api/exam-papers?page=1&pageSize=10 → 200 | 213ms | User=admin(admin) Role=SuperAdmin Tenant=- IP=127.0.0.1 TraceId=0HNLI3Q6MB50L:00000001 | MachineName=LVHUI-PC ThreadId=26
[2026-05-15 09:10:11.371 INF] Request finished HTTP/1.1 GET http://localhost:5146/api/exam-papers?page=1&pageSize=10 - 200 null application/json; charset=utf-8 221.3103ms | MachineName=LVHUI-PC ThreadId=26
[2026-05-15 09:10:13.231 INF] Request starting HTTP/1.1 GET http://localhost:5146/api/questions?page=1&pageSize=10 - null null | MachineName=LVHUI-PC ThreadId=11
[2026-05-15 09:10:13.243 INF] Executing endpoint 'ExamSystem.API.Controllers.QuestionsController.GetQuestions (ExamSystem.API)' | MachineName=LVHUI-PC ThreadId=11
[2026-05-15 09:10:13.250 INF] Route matched with {action = "GetQuestions", controller = "Questions"}. Executing controller action with signature System.Threading.Tasks.Task`1[Microsoft.AspNetCore.Mvc.IActionResult] GetQuestions(Int32, Int32, System.Nullable`1[ExamSystem.Domain.Enums.QuestionType], System.Nullable`1[System.Int32], System.String, System.Threading.CancellationToken) on controller ExamSystem.API.Controllers.QuestionsController (ExamSystem.API). | MachineName=LVHUI-PC ThreadId=11
[2026-05-15 09:10:13.320 INF] Executed DbCommand (61ms) [Parameters=[], CommandType='"Text"', CommandTimeout='30']
SELECT count(*)
FROM questions AS q
WHERE q.is_active | MachineName=LVHUI-PC ThreadId=11
[2026-05-15 09:10:13.392 INF] Executed DbCommand (64ms) [Parameters=[@__p_1='?' (DbType = Int32), @__p_0='?' (DbType = Int32)], CommandType='"Text"', CommandTimeout='30']
SELECT q.id, q.type, q.content, q.knowledge_point, q.difficulty, q.is_ai_generated, q.created_at
FROM questions AS q
WHERE q.is_active
ORDER BY q.created_at DESC
LIMIT @__p_1 OFFSET @__p_0 | MachineName=LVHUI-PC ThreadId=11
[2026-05-15 09:10:13.397 INF] Executing OkObjectResult, writing value of type 'ExamSystem.Application.Common.Models.PaginatedResult`1[[ExamSystem.Application.Questions.Queries.QuestionDto, ExamSystem.Application, Version=1.0.0.0, Culture=neutral, PublicKeyToken=null]]'. | MachineName=LVHUI-PC ThreadId=11
[2026-05-15 09:10:13.403 INF] Executed action ExamSystem.API.Controllers.QuestionsController.GetQuestions (ExamSystem.API) in 144.4387ms | MachineName=LVHUI-PC ThreadId=11
[2026-05-15 09:10:13.408 INF] Executed endpoint 'ExamSystem.API.Controllers.QuestionsController.GetQuestions (ExamSystem.API)' | MachineName=LVHUI-PC ThreadId=11
[2026-05-15 09:10:13.412 INF] HTTP GET /api/questions?page=1&pageSize=10 → 200 | 169ms | User=admin(admin) Role=SuperAdmin Tenant=- IP=127.0.0.1 TraceId=0HNLI3Q6MB50M:00000001 | MachineName=LVHUI-PC ThreadId=11
[2026-05-15 09:10:13.417 INF] Request finished HTTP/1.1 GET http://localhost:5146/api/questions?page=1&pageSize=10 - 200 null application/json; charset=utf-8 186.0807ms | MachineName=LVHUI-PC ThreadId=11
[2026-05-15 09:10:46.291 INF] Request starting HTTP/1.1 GET http://localhost:5146/api/exam-papers?page=1&pageSize=10 - null null | MachineName=LVHUI-PC ThreadId=38
[2026-05-15 09:10:46.297 INF] Executing endpoint 'ExamSystem.API.Controllers.ExamPapersController.GetExamPapers (ExamSystem.API)' | MachineName=LVHUI-PC ThreadId=38
[2026-05-15 09:10:46.302 INF] Route matched with {action = "GetExamPapers", controller = "ExamPapers"}. Executing controller action with signature System.Threading.Tasks.Task`1[Microsoft.AspNetCore.Mvc.IActionResult] GetExamPapers(Int32, Int32, System.Nullable`1[ExamSystem.Domain.Enums.ExamStatus], System.Threading.CancellationToken) on controller ExamSystem.API.Controllers.ExamPapersController (ExamSystem.API). | MachineName=LVHUI-PC ThreadId=38
[2026-05-15 09:10:46.379 INF] Executed DbCommand (74ms) [Parameters=[], CommandType='"Text"', CommandTimeout='30']
SELECT count(*)
FROM exam_papers AS e | MachineName=LVHUI-PC ThreadId=38
[2026-05-15 09:10:46.460 INF] Executed DbCommand (75ms) [Parameters=[@__p_1='?' (DbType = Int32), @__p_0='?' (DbType = Int32)], CommandType='"Text"', CommandTimeout='30']
SELECT e.id, e.title, e.description, e.total_score, e.duration_minutes, e.status, e.start_time, e.end_time, e.anti_cheating_enabled, (
    SELECT count(*)::int
    FROM exam_questions AS e0
    WHERE e.id = e0.exam_paper_id), e.created_at
FROM exam_papers AS e
ORDER BY e.created_at DESC
LIMIT @__p_1 OFFSET @__p_0 | MachineName=LVHUI-PC ThreadId=38
[2026-05-15 09:10:46.464 INF] Executing OkObjectResult, writing value of type 'ExamSystem.Application.Common.Models.PaginatedResult`1[[ExamSystem.Application.ExamPapers.Queries.ExamPaperDto, ExamSystem.Application, Version=1.0.0.0, Culture=neutral, PublicKeyToken=null]]'. | MachineName=LVHUI-PC ThreadId=38
[2026-05-15 09:10:46.468 INF] Executed action ExamSystem.API.Controllers.ExamPapersController.GetExamPapers (ExamSystem.API) in 163.021ms | MachineName=LVHUI-PC ThreadId=38
[2026-05-15 09:10:46.472 INF] Executed endpoint 'ExamSystem.API.Controllers.ExamPapersController.GetExamPapers (ExamSystem.API)' | MachineName=LVHUI-PC ThreadId=38
[2026-05-15 09:10:46.476 INF] HTTP GET /api/exam-papers?page=1&pageSize=10 → 200 | 179ms | User=admin(admin) Role=SuperAdmin Tenant=- IP=127.0.0.1 TraceId=0HNLI3Q6MB50N:00000001 | MachineName=LVHUI-PC ThreadId=38
[2026-05-15 09:10:46.481 INF] Request finished HTTP/1.1 GET http://localhost:5146/api/exam-papers?page=1&pageSize=10 - 200 null application/json; charset=utf-8 190.011ms | MachineName=LVHUI-PC ThreadId=38
[2026-05-15 09:10:49.995 INF] Application is shutting down... | MachineName=LVHUI-PC ThreadId=41
[2026-05-15 13:23:29.538 INF] ExamSystem API 启动成功，环境：Development | MachineName=LVHUI-PC ThreadId=1
[2026-05-15 13:23:29.578 INF] User profile is available. Using 'C:\Users\jeffz\AppData\Local\ASP.NET\DataProtection-Keys' as key repository and Windows DPAPI to encrypt keys at rest. | MachineName=LVHUI-PC ThreadId=1
[2026-05-15 13:23:29.677 INF] Now listening on: http://localhost:5146 | MachineName=LVHUI-PC ThreadId=1
[2026-05-15 13:23:29.681 INF] Application started. Press Ctrl+C to shut down. | MachineName=LVHUI-PC ThreadId=1
[2026-05-15 13:23:29.683 INF] Hosting environment: Development | MachineName=LVHUI-PC ThreadId=1
[2026-05-15 13:23:29.684 INF] Content root path: C:\Projects\exam-system\src\examsystem.api | MachineName=LVHUI-PC ThreadId=1
[2026-05-15 13:23:59.405 INF] Request starting HTTP/1.1 GET http://localhost:5146/api/exam-papers?page=1&pageSize=5 - null null | MachineName=LVHUI-PC ThreadId=14
[2026-05-15 13:23:59.405 INF] Request starting HTTP/1.1 GET http://localhost:5146/api/exam-papers?page=1&pageSize=1 - null null | MachineName=LVHUI-PC ThreadId=11
[2026-05-15 13:23:59.405 INF] Request starting HTTP/1.1 GET http://localhost:5146/api/questions?page=1&pageSize=1 - null null | MachineName=LVHUI-PC ThreadId=9
[2026-05-15 13:23:59.405 INF] Request starting HTTP/1.1 GET http://localhost:5146/api/tenants?page=1&pageSize=200 - null null | MachineName=LVHUI-PC ThreadId=13
[2026-05-15 13:23:59.600 INF] Executing endpoint 'ExamSystem.API.Controllers.TenantsController.GetTenants (ExamSystem.API)' | MachineName=LVHUI-PC ThreadId=11
[2026-05-15 13:23:59.600 INF] Executing endpoint 'ExamSystem.API.Controllers.ExamPapersController.GetExamPapers (ExamSystem.API)' | MachineName=LVHUI-PC ThreadId=13
[2026-05-15 13:23:59.600 INF] Executing endpoint 'ExamSystem.API.Controllers.ExamPapersController.GetExamPapers (ExamSystem.API)' | MachineName=LVHUI-PC ThreadId=14
[2026-05-15 13:23:59.600 INF] Executing endpoint 'ExamSystem.API.Controllers.QuestionsController.GetQuestions (ExamSystem.API)' | MachineName=LVHUI-PC ThreadId=9
[2026-05-15 13:23:59.621 INF] Route matched with {action = "GetExamPapers", controller = "ExamPapers"}. Executing controller action with signature System.Threading.Tasks.Task`1[Microsoft.AspNetCore.Mvc.IActionResult] GetExamPapers(Int32, Int32, System.Nullable`1[ExamSystem.Domain.Enums.ExamStatus], System.Threading.CancellationToken) on controller ExamSystem.API.Controllers.ExamPapersController (ExamSystem.API). | MachineName=LVHUI-PC ThreadId=13
[2026-05-15 13:23:59.621 INF] Route matched with {action = "GetTenants", controller = "Tenants"}. Executing controller action with signature System.Threading.Tasks.Task`1[Microsoft.AspNetCore.Mvc.IActionResult] GetTenants(Int32, Int32, System.Threading.CancellationToken) on controller ExamSystem.API.Controllers.TenantsController (ExamSystem.API). | MachineName=LVHUI-PC ThreadId=11
[2026-05-15 13:23:59.621 INF] Route matched with {action = "GetQuestions", controller = "Questions"}. Executing controller action with signature System.Threading.Tasks.Task`1[Microsoft.AspNetCore.Mvc.IActionResult] GetQuestions(Int32, Int32, System.Nullable`1[ExamSystem.Domain.Enums.QuestionType], System.Nullable`1[System.Int32], System.String, System.Threading.CancellationToken) on controller ExamSystem.API.Controllers.QuestionsController (ExamSystem.API). | MachineName=LVHUI-PC ThreadId=9
[2026-05-15 13:23:59.621 INF] Route matched with {action = "GetExamPapers", controller = "ExamPapers"}. Executing controller action with signature System.Threading.Tasks.Task`1[Microsoft.AspNetCore.Mvc.IActionResult] GetExamPapers(Int32, Int32, System.Nullable`1[ExamSystem.Domain.Enums.ExamStatus], System.Threading.CancellationToken) on controller ExamSystem.API.Controllers.ExamPapersController (ExamSystem.API). | MachineName=LVHUI-PC ThreadId=14
[2026-05-15 13:24:00.914 INF] Executed DbCommand (71ms) [Parameters=[], CommandType='"Text"', CommandTimeout='30']
SELECT count(*)
FROM exam_papers AS e | MachineName=LVHUI-PC ThreadId=14
[2026-05-15 13:24:00.914 INF] Executed DbCommand (74ms) [Parameters=[], CommandType='"Text"', CommandTimeout='30']
SELECT count(*)
FROM exam_papers AS e | MachineName=LVHUI-PC ThreadId=11
[2026-05-15 13:24:00.920 INF] Executed DbCommand (80ms) [Parameters=[], CommandType='"Text"', CommandTimeout='30']
SELECT count(*)
FROM tenants AS t | MachineName=LVHUI-PC ThreadId=13
[2026-05-15 13:24:01.048 INF] Executed DbCommand (70ms) [Parameters=[@__p_1='?' (DbType = Int32), @__p_0='?' (DbType = Int32)], CommandType='"Text"', CommandTimeout='30']
SELECT t.id, t.name, t.schema_name, t.contact_email, t.is_active, t.ai_call_quota, t.ai_call_used, t.created_at
FROM tenants AS t
ORDER BY t.created_at DESC
LIMIT @__p_1 OFFSET @__p_0 | MachineName=LVHUI-PC ThreadId=14
[2026-05-15 13:24:01.057 INF] Executed DbCommand (62ms) [Parameters=[@__p_1='?' (DbType = Int32), @__p_0='?' (DbType = Int32)], CommandType='"Text"', CommandTimeout='30']
SELECT e.id, e.title, e.description, e.total_score, e.duration_minutes, e.status, e.start_time, e.end_time, e.anti_cheating_enabled, (
    SELECT count(*)::int
    FROM exam_questions AS e0
    WHERE e.id = e0.exam_paper_id), e.created_at
FROM exam_papers AS e
ORDER BY e.created_at DESC
LIMIT @__p_1 OFFSET @__p_0 | MachineName=LVHUI-PC ThreadId=11
[2026-05-15 13:24:01.067 INF] Executed DbCommand (71ms) [Parameters=[@__p_1='?' (DbType = Int32), @__p_0='?' (DbType = Int32)], CommandType='"Text"', CommandTimeout='30']
SELECT e.id, e.title, e.description, e.total_score, e.duration_minutes, e.status, e.start_time, e.end_time, e.anti_cheating_enabled, (
    SELECT count(*)::int
    FROM exam_questions AS e0
    WHERE e.id = e0.exam_paper_id), e.created_at
FROM exam_papers AS e
ORDER BY e.created_at DESC
LIMIT @__p_1 OFFSET @__p_0 | MachineName=LVHUI-PC ThreadId=13
[2026-05-15 13:24:01.068 INF] Executing OkObjectResult, writing value of type 'ExamSystem.Application.Common.Models.PaginatedResult`1[[ExamSystem.Application.ExamPapers.Queries.ExamPaperDto, ExamSystem.Application, Version=1.0.0.0, Culture=neutral, PublicKeyToken=null]]'. | MachineName=LVHUI-PC ThreadId=11
[2026-05-15 13:24:01.068 INF] Executing OkObjectResult, writing value of type 'ExamSystem.Application.Common.Models.PaginatedResult`1[[ExamSystem.Application.Tenants.Queries.TenantDto, ExamSystem.Application, Version=1.0.0.0, Culture=neutral, PublicKeyToken=null]]'. | MachineName=LVHUI-PC ThreadId=14
[2026-05-15 13:24:01.073 INF] Executing OkObjectResult, writing value of type 'ExamSystem.Application.Common.Models.PaginatedResult`1[[ExamSystem.Application.ExamPapers.Queries.ExamPaperDto, ExamSystem.Application, Version=1.0.0.0, Culture=neutral, PublicKeyToken=null]]'. | MachineName=LVHUI-PC ThreadId=13
[2026-05-15 13:24:01.108 INF] Executed action ExamSystem.API.Controllers.TenantsController.GetTenants (ExamSystem.API) in 1478.7771ms | MachineName=LVHUI-PC ThreadId=14
[2026-05-15 13:24:01.108 INF] Executed action ExamSystem.API.Controllers.ExamPapersController.GetExamPapers (ExamSystem.API) in 1469.7638ms | MachineName=LVHUI-PC ThreadId=13
[2026-05-15 13:24:01.108 INF] Executed action ExamSystem.API.Controllers.ExamPapersController.GetExamPapers (ExamSystem.API) in 1481.956ms | MachineName=LVHUI-PC ThreadId=11
[2026-05-15 13:24:01.112 INF] Executed endpoint 'ExamSystem.API.Controllers.TenantsController.GetTenants (ExamSystem.API)' | MachineName=LVHUI-PC ThreadId=14
[2026-05-15 13:24:01.115 INF] Executed endpoint 'ExamSystem.API.Controllers.ExamPapersController.GetExamPapers (ExamSystem.API)' | MachineName=LVHUI-PC ThreadId=13
[2026-05-15 13:24:01.119 INF] Executed endpoint 'ExamSystem.API.Controllers.ExamPapersController.GetExamPapers (ExamSystem.API)' | MachineName=LVHUI-PC ThreadId=11
[2026-05-15 13:24:01.126 INF] HTTP GET /api/exam-papers?page=1&pageSize=5 → 200 | 1696ms | User=admin(admin) Role=SuperAdmin Tenant=- IP=127.0.0.1 TraceId=0HNLI88LHGT9O:00000001 | MachineName=LVHUI-PC ThreadId=13
[2026-05-15 13:24:01.126 INF] HTTP GET /api/tenants?page=1&pageSize=200 → 200 | 1694ms | User=admin(admin) Role=SuperAdmin Tenant=- IP=127.0.0.1 TraceId=0HNLI88LHGT9P:00000001 | MachineName=LVHUI-PC ThreadId=14
[2026-05-15 13:24:01.128 INF] HTTP GET /api/exam-papers?page=1&pageSize=1 → 200 | 1699ms | User=admin(admin) Role=SuperAdmin Tenant=- IP=127.0.0.1 TraceId=0HNLI88LHGT9M:00000001 | MachineName=LVHUI-PC ThreadId=11
[2026-05-15 13:24:01.136 INF] Request finished HTTP/1.1 GET http://localhost:5146/api/exam-papers?page=1&pageSize=5 - 200 null application/json; charset=utf-8 1731.5389ms | MachineName=LVHUI-PC ThreadId=13
[2026-05-15 13:24:01.136 INF] Request finished HTTP/1.1 GET http://localhost:5146/api/tenants?page=1&pageSize=200 - 200 null application/json; charset=utf-8 1732.6595ms | MachineName=LVHUI-PC ThreadId=14
[2026-05-15 13:24:01.141 INF] Request finished HTTP/1.1 GET http://localhost:5146/api/exam-papers?page=1&pageSize=1 - 200 null application/json; charset=utf-8 1736.6262ms | MachineName=LVHUI-PC ThreadId=11
[2026-05-15 13:24:02.069 INF] Request starting HTTP/1.1 GET http://localhost:5146/api/messages/inbox?page=1&pageSize=10 - null null | MachineName=LVHUI-PC ThreadId=13
[2026-05-15 13:24:02.069 INF] Request starting HTTP/1.1 GET http://localhost:5146/api/tenants?page=1&pageSize=200 - null null | MachineName=LVHUI-PC ThreadId=14
[2026-05-15 13:24:02.084 INF] Executing endpoint 'ExamSystem.API.Controllers.TenantsController.GetTenants (ExamSystem.API)' | MachineName=LVHUI-PC ThreadId=14
[2026-05-15 13:24:02.084 INF] Executing endpoint 'ExamSystem.API.Controllers.MessagesController.GetInbox (ExamSystem.API)' | MachineName=LVHUI-PC ThreadId=13
[2026-05-15 13:24:02.087 INF] Route matched with {action = "GetTenants", controller = "Tenants"}. Executing controller action with signature System.Threading.Tasks.Task`1[Microsoft.AspNetCore.Mvc.IActionResult] GetTenants(Int32, Int32, System.Threading.CancellationToken) on controller ExamSystem.API.Controllers.TenantsController (ExamSystem.API). | MachineName=LVHUI-PC ThreadId=14
[2026-05-15 13:24:02.094 INF] Route matched with {action = "GetInbox", controller = "Messages"}. Executing controller action with signature System.Threading.Tasks.Task`1[Microsoft.AspNetCore.Mvc.IActionResult] GetInbox(Int32, Int32, System.Threading.CancellationToken) on controller ExamSystem.API.Controllers.MessagesController (ExamSystem.API). | MachineName=LVHUI-PC ThreadId=13
[2026-05-15 13:24:02.101 INF] Executing ObjectResult, writing value of type 'Microsoft.AspNetCore.Mvc.ProblemDetails'. | MachineName=LVHUI-PC ThreadId=13
[2026-05-15 13:24:02.113 INF] Executed action ExamSystem.API.Controllers.MessagesController.GetInbox (ExamSystem.API) in 13.4999ms | MachineName=LVHUI-PC ThreadId=13
[2026-05-15 13:24:02.117 INF] Executed endpoint 'ExamSystem.API.Controllers.MessagesController.GetInbox (ExamSystem.API)' | MachineName=LVHUI-PC ThreadId=13
[2026-05-15 13:24:02.120 WRN] HTTP GET /api/messages/inbox?page=1&pageSize=10 → 401 | 40ms | User=admin(admin) Role=SuperAdmin Tenant=- IP=127.0.0.1 TraceId=0HNLI88LHGT9Q:00000001 | MachineName=LVHUI-PC ThreadId=13
[2026-05-15 13:24:02.123 INF] Request finished HTTP/1.1 GET http://localhost:5146/api/messages/inbox?page=1&pageSize=10 - 401 null application/json; charset=utf-8 53.6716ms | MachineName=LVHUI-PC ThreadId=13
[2026-05-15 13:24:02.202 INF] Executed DbCommand (65ms) [Parameters=[], CommandType='"Text"', CommandTimeout='30']
SELECT count(*)
FROM tenants AS t | MachineName=LVHUI-PC ThreadId=14
[2026-05-15 13:24:02.272 INF] Executed DbCommand (60ms) [Parameters=[@__p_1='?' (DbType = Int32), @__p_0='?' (DbType = Int32)], CommandType='"Text"', CommandTimeout='30']
SELECT t.id, t.name, t.schema_name, t.contact_email, t.is_active, t.ai_call_quota, t.ai_call_used, t.created_at
FROM tenants AS t
ORDER BY t.created_at DESC
LIMIT @__p_1 OFFSET @__p_0 | MachineName=LVHUI-PC ThreadId=14
[2026-05-15 13:24:02.277 INF] Executing OkObjectResult, writing value of type 'ExamSystem.Application.Common.Models.PaginatedResult`1[[ExamSystem.Application.Tenants.Queries.TenantDto, ExamSystem.Application, Version=1.0.0.0, Culture=neutral, PublicKeyToken=null]]'. | MachineName=LVHUI-PC ThreadId=14
[2026-05-15 13:24:02.283 INF] Executed action ExamSystem.API.Controllers.TenantsController.GetTenants (ExamSystem.API) in 186.5462ms | MachineName=LVHUI-PC ThreadId=14
[2026-05-15 13:24:02.288 INF] Executed endpoint 'ExamSystem.API.Controllers.TenantsController.GetTenants (ExamSystem.API)' | MachineName=LVHUI-PC ThreadId=14
[2026-05-15 13:24:02.292 INF] HTTP GET /api/tenants?page=1&pageSize=200 → 200 | 209ms | User=admin(admin) Role=SuperAdmin Tenant=- IP=127.0.0.1 TraceId=0HNLI88LHGT9R:00000001 | MachineName=LVHUI-PC ThreadId=14
[2026-05-15 13:24:02.294 INF] Request finished HTTP/1.1 GET http://localhost:5146/api/tenants?page=1&pageSize=200 - 200 null application/json; charset=utf-8 225.5212ms | MachineName=LVHUI-PC ThreadId=14
[2026-05-15 13:24:02.456 INF] Request starting HTTP/1.1 GET http://localhost:5146/api/exam-papers?page=1&pageSize=1 - null null | MachineName=LVHUI-PC ThreadId=11
[2026-05-15 13:24:02.461 INF] Executing endpoint 'ExamSystem.API.Controllers.ExamPapersController.GetExamPapers (ExamSystem.API)' | MachineName=LVHUI-PC ThreadId=11
[2026-05-15 13:24:02.465 INF] Route matched with {action = "GetExamPapers", controller = "ExamPapers"}. Executing controller action with signature System.Threading.Tasks.Task`1[Microsoft.AspNetCore.Mvc.IActionResult] GetExamPapers(Int32, Int32, System.Nullable`1[ExamSystem.Domain.Enums.ExamStatus], System.Threading.CancellationToken) on controller ExamSystem.API.Controllers.ExamPapersController (ExamSystem.API). | MachineName=LVHUI-PC ThreadId=11
[2026-05-15 13:24:02.543 INF] Executed DbCommand (70ms) [Parameters=[], CommandType='"Text"', CommandTimeout='30']
SELECT count(*)
FROM exam_papers AS e | MachineName=LVHUI-PC ThreadId=11
[2026-05-15 13:24:02.564 INF] Request starting HTTP/1.1 GET http://localhost:5146/api/exam-papers?page=1&pageSize=5 - null null | MachineName=LVHUI-PC ThreadId=14
[2026-05-15 13:24:02.570 INF] Executing endpoint 'ExamSystem.API.Controllers.ExamPapersController.GetExamPapers (ExamSystem.API)' | MachineName=LVHUI-PC ThreadId=14
[2026-05-15 13:24:02.574 INF] Route matched with {action = "GetExamPapers", controller = "ExamPapers"}. Executing controller action with signature System.Threading.Tasks.Task`1[Microsoft.AspNetCore.Mvc.IActionResult] GetExamPapers(Int32, Int32, System.Nullable`1[ExamSystem.Domain.Enums.ExamStatus], System.Threading.CancellationToken) on controller ExamSystem.API.Controllers.ExamPapersController (ExamSystem.API). | MachineName=LVHUI-PC ThreadId=14
[2026-05-15 13:24:02.615 INF] Executed DbCommand (65ms) [Parameters=[@__p_1='?' (DbType = Int32), @__p_0='?' (DbType = Int32)], CommandType='"Text"', CommandTimeout='30']
SELECT e.id, e.title, e.description, e.total_score, e.duration_minutes, e.status, e.start_time, e.end_time, e.anti_cheating_enabled, (
    SELECT count(*)::int
    FROM exam_questions AS e0
    WHERE e.id = e0.exam_paper_id), e.created_at
FROM exam_papers AS e
ORDER BY e.created_at DESC
LIMIT @__p_1 OFFSET @__p_0 | MachineName=LVHUI-PC ThreadId=14
[2026-05-15 13:24:02.619 INF] Executing OkObjectResult, writing value of type 'ExamSystem.Application.Common.Models.PaginatedResult`1[[ExamSystem.Application.ExamPapers.Queries.ExamPaperDto, ExamSystem.Application, Version=1.0.0.0, Culture=neutral, PublicKeyToken=null]]'. | MachineName=LVHUI-PC ThreadId=14
[2026-05-15 13:24:02.624 INF] Executed action ExamSystem.API.Controllers.ExamPapersController.GetExamPapers (ExamSystem.API) in 155.3158ms | MachineName=LVHUI-PC ThreadId=14
[2026-05-15 13:24:02.628 INF] Executed endpoint 'ExamSystem.API.Controllers.ExamPapersController.GetExamPapers (ExamSystem.API)' | MachineName=LVHUI-PC ThreadId=14
[2026-05-15 13:24:02.631 INF] HTTP GET /api/exam-papers?page=1&pageSize=1 → 200 | 170ms | User=-(-) Role=- Tenant=- IP=127.0.0.1 TraceId=0HNLI88LHGT9S:00000001 | MachineName=LVHUI-PC ThreadId=14
[2026-05-15 13:24:02.635 INF] Request finished HTTP/1.1 GET http://localhost:5146/api/exam-papers?page=1&pageSize=1 - 200 null application/json; charset=utf-8 178.5738ms | MachineName=LVHUI-PC ThreadId=14
[2026-05-15 13:24:02.639 INF] Executed DbCommand (59ms) [Parameters=[], CommandType='"Text"', CommandTimeout='30']
SELECT count(*)
FROM exam_papers AS e | MachineName=LVHUI-PC ThreadId=11
[2026-05-15 13:24:02.715 INF] Executed DbCommand (70ms) [Parameters=[@__p_1='?' (DbType = Int32), @__p_0='?' (DbType = Int32)], CommandType='"Text"', CommandTimeout='30']
SELECT e.id, e.title, e.description, e.total_score, e.duration_minutes, e.status, e.start_time, e.end_time, e.anti_cheating_enabled, (
    SELECT count(*)::int
    FROM exam_questions AS e0
    WHERE e.id = e0.exam_paper_id), e.created_at
FROM exam_papers AS e
ORDER BY e.created_at DESC
LIMIT @__p_1 OFFSET @__p_0 | MachineName=LVHUI-PC ThreadId=11
[2026-05-15 13:24:02.721 INF] Executing OkObjectResult, writing value of type 'ExamSystem.Application.Common.Models.PaginatedResult`1[[ExamSystem.Application.ExamPapers.Queries.ExamPaperDto, ExamSystem.Application, Version=1.0.0.0, Culture=neutral, PublicKeyToken=null]]'. | MachineName=LVHUI-PC ThreadId=11
[2026-05-15 13:24:02.725 INF] Executed action ExamSystem.API.Controllers.ExamPapersController.GetExamPapers (ExamSystem.API) in 146.3677ms | MachineName=LVHUI-PC ThreadId=11
[2026-05-15 13:24:02.729 INF] Executed endpoint 'ExamSystem.API.Controllers.ExamPapersController.GetExamPapers (ExamSystem.API)' | MachineName=LVHUI-PC ThreadId=11
[2026-05-15 13:24:02.731 INF] HTTP GET /api/exam-papers?page=1&pageSize=5 → 200 | 161ms | User=-(-) Role=- Tenant=- IP=127.0.0.1 TraceId=0HNLI88LHGT9T:00000001 | MachineName=LVHUI-PC ThreadId=11
[2026-05-15 13:24:02.735 INF] Request finished HTTP/1.1 GET http://localhost:5146/api/exam-papers?page=1&pageSize=5 - 200 null application/json; charset=utf-8 170.1218ms | MachineName=LVHUI-PC ThreadId=11
[2026-05-15 13:24:08.711 WRN] Redis 不可用，已启用内存缓存降级模式。 | MachineName=LVHUI-PC ThreadId=9
[2026-05-15 13:24:08.794 INF] Executed DbCommand (66ms) [Parameters=[], CommandType='"Text"', CommandTimeout='30']
SELECT count(*)
FROM questions AS q
WHERE q.is_active | MachineName=LVHUI-PC ThreadId=9
[2026-05-15 13:24:08.863 INF] Executed DbCommand (60ms) [Parameters=[@__p_1='?' (DbType = Int32), @__p_0='?' (DbType = Int32)], CommandType='"Text"', CommandTimeout='30']
SELECT q.id, q.type, q.content, q.knowledge_point, q.difficulty, q.is_ai_generated, q.created_at
FROM questions AS q
WHERE q.is_active
ORDER BY q.created_at DESC
LIMIT @__p_1 OFFSET @__p_0 | MachineName=LVHUI-PC ThreadId=9
[2026-05-15 13:24:08.880 INF] Executing OkObjectResult, writing value of type 'ExamSystem.Application.Common.Models.PaginatedResult`1[[ExamSystem.Application.Questions.Queries.QuestionDto, ExamSystem.Application, Version=1.0.0.0, Culture=neutral, PublicKeyToken=null]]'. | MachineName=LVHUI-PC ThreadId=9
[2026-05-15 13:24:08.887 INF] Executed action ExamSystem.API.Controllers.QuestionsController.GetQuestions (ExamSystem.API) in 9255.5232ms | MachineName=LVHUI-PC ThreadId=9
[2026-05-15 13:24:08.890 INF] Request starting HTTP/1.1 GET http://localhost:5146/api/questions?page=1&pageSize=1 - null null | MachineName=LVHUI-PC ThreadId=16
[2026-05-15 13:24:08.892 INF] Executed endpoint 'ExamSystem.API.Controllers.QuestionsController.GetQuestions (ExamSystem.API)' | MachineName=LVHUI-PC ThreadId=9
[2026-05-15 13:24:08.897 WRN] HTTP GET /api/questions?page=1&pageSize=1 → 400 | 1ms | User=-(-) Role=- Tenant=- IP=127.0.0.1 TraceId=0HNLI88LHGT9U:00000001 | MachineName=LVHUI-PC ThreadId=16
[2026-05-15 13:24:08.899 INF] HTTP GET /api/questions?page=1&pageSize=1 → 200 | 9469ms | User=admin(admin) Role=SuperAdmin Tenant=- IP=127.0.0.1 TraceId=0HNLI88LHGT9N:00000001 | MachineName=LVHUI-PC ThreadId=9
[2026-05-15 13:24:08.903 INF] Request finished HTTP/1.1 GET http://localhost:5146/api/questions?page=1&pageSize=1 - 400 null application/json; charset=utf-8 13.3842ms | MachineName=LVHUI-PC ThreadId=16
[2026-05-15 13:24:08.908 INF] Request finished HTTP/1.1 GET http://localhost:5146/api/questions?page=1&pageSize=1 - 200 null application/json; charset=utf-8 9504.1878ms | MachineName=LVHUI-PC ThreadId=9
[2026-05-15 13:24:09.221 INF] Request starting HTTP/1.1 GET http://localhost:5146/api/tenants?page=1&pageSize=1 - null null | MachineName=LVHUI-PC ThreadId=16
[2026-05-15 13:24:09.221 INF] Request starting HTTP/1.1 GET http://localhost:5146/api/users?page=1&pageSize=1 - null null | MachineName=LVHUI-PC ThreadId=13
[2026-05-15 13:24:09.226 INF] Authorization failed. These requirements were not met:
RolesAuthorizationRequirement:User.IsInRole must be true for one of the following roles: (SuperAdmin) | MachineName=LVHUI-PC ThreadId=16
[2026-05-15 13:24:09.230 INF] Authorization failed. These requirements were not met:
RolesAuthorizationRequirement:User.IsInRole must be true for one of the following roles: (SuperAdmin|Admin) | MachineName=LVHUI-PC ThreadId=13
[2026-05-15 13:24:09.236 INF] AuthenticationScheme: Bearer was challenged. | MachineName=LVHUI-PC ThreadId=16
[2026-05-15 13:24:09.237 INF] AuthenticationScheme: Bearer was challenged. | MachineName=LVHUI-PC ThreadId=13
[2026-05-15 13:24:09.241 WRN] HTTP GET /api/tenants?page=1&pageSize=1 → 401 | 15ms | User=-(-) Role=- Tenant=- IP=127.0.0.1 TraceId=0HNLI88LHGT9V:00000001 | MachineName=LVHUI-PC ThreadId=16
[2026-05-15 13:24:09.245 WRN] HTTP GET /api/users?page=1&pageSize=1 → 401 | 15ms | User=-(-) Role=- Tenant=- IP=127.0.0.1 TraceId=0HNLI88LHGTA0:00000001 | MachineName=LVHUI-PC ThreadId=13
[2026-05-15 13:24:09.249 INF] Request finished HTTP/1.1 GET http://localhost:5146/api/tenants?page=1&pageSize=1 - 401 0 null 28.5283ms | MachineName=LVHUI-PC ThreadId=16
[2026-05-15 13:24:09.253 INF] Request finished HTTP/1.1 GET http://localhost:5146/api/users?page=1&pageSize=1 - 401 0 null 32.3356ms | MachineName=LVHUI-PC ThreadId=13
[2026-05-15 13:24:09.562 INF] Request starting HTTP/1.1 GET http://localhost:5146/api/tenants?page=1&pageSize=1 - null null | MachineName=LVHUI-PC ThreadId=16
[2026-05-15 13:24:09.562 INF] Request starting HTTP/1.1 GET http://localhost:5146/api/users?page=1&pageSize=1 - null null | MachineName=LVHUI-PC ThreadId=9
[2026-05-15 13:24:09.568 INF] Authorization failed. These requirements were not met:
RolesAuthorizationRequirement:User.IsInRole must be true for one of the following roles: (SuperAdmin) | MachineName=LVHUI-PC ThreadId=16
[2026-05-15 13:24:09.572 INF] Authorization failed. These requirements were not met:
RolesAuthorizationRequirement:User.IsInRole must be true for one of the following roles: (SuperAdmin|Admin) | MachineName=LVHUI-PC ThreadId=9
[2026-05-15 13:24:09.575 INF] AuthenticationScheme: Bearer was challenged. | MachineName=LVHUI-PC ThreadId=16
[2026-05-15 13:24:09.581 INF] AuthenticationScheme: Bearer was challenged. | MachineName=LVHUI-PC ThreadId=9
[2026-05-15 13:24:09.584 WRN] HTTP GET /api/tenants?page=1&pageSize=1 → 401 | 17ms | User=-(-) Role=- Tenant=- IP=127.0.0.1 TraceId=0HNLI88LHGTA1:00000001 | MachineName=LVHUI-PC ThreadId=16
[2026-05-15 13:24:09.587 WRN] HTTP GET /api/users?page=1&pageSize=1 → 401 | 15ms | User=-(-) Role=- Tenant=- IP=127.0.0.1 TraceId=0HNLI88LHGTA2:00000001 | MachineName=LVHUI-PC ThreadId=9
[2026-05-15 13:24:09.590 INF] Request finished HTTP/1.1 GET http://localhost:5146/api/tenants?page=1&pageSize=1 - 401 0 null 27.6783ms | MachineName=LVHUI-PC ThreadId=16
[2026-05-15 13:24:09.594 INF] Request finished HTTP/1.1 GET http://localhost:5146/api/users?page=1&pageSize=1 - 401 0 null 31.4032ms | MachineName=LVHUI-PC ThreadId=9
[2026-05-15 13:24:19.925 INF] Request starting HTTP/1.1 GET http://localhost:5146/api/tenants?page=1&pageSize=10 - null null | MachineName=LVHUI-PC ThreadId=14
[2026-05-15 13:24:19.931 INF] Authorization failed. These requirements were not met:
RolesAuthorizationRequirement:User.IsInRole must be true for one of the following roles: (SuperAdmin) | MachineName=LVHUI-PC ThreadId=14
[2026-05-15 13:24:19.937 INF] AuthenticationScheme: Bearer was challenged. | MachineName=LVHUI-PC ThreadId=14
[2026-05-15 13:24:19.941 WRN] HTTP GET /api/tenants?page=1&pageSize=10 → 401 | 9ms | User=-(-) Role=- Tenant=- IP=127.0.0.1 TraceId=0HNLI88LHGTA3:00000001 | MachineName=LVHUI-PC ThreadId=14
[2026-05-15 13:24:19.945 INF] Request finished HTTP/1.1 GET http://localhost:5146/api/tenants?page=1&pageSize=10 - 401 0 null 19.5579ms | MachineName=LVHUI-PC ThreadId=14
[2026-05-15 13:24:19.986 INF] Request starting HTTP/1.1 GET http://localhost:5146/api/exam-papers?page=1&pageSize=1 - null null | MachineName=LVHUI-PC ThreadId=16
[2026-05-15 13:24:19.989 INF] Executing endpoint 'ExamSystem.API.Controllers.ExamPapersController.GetExamPapers (ExamSystem.API)' | MachineName=LVHUI-PC ThreadId=16
[2026-05-15 13:24:19.992 INF] Route matched with {action = "GetExamPapers", controller = "ExamPapers"}. Executing controller action with signature System.Threading.Tasks.Task`1[Microsoft.AspNetCore.Mvc.IActionResult] GetExamPapers(Int32, Int32, System.Nullable`1[ExamSystem.Domain.Enums.ExamStatus], System.Threading.CancellationToken) on controller ExamSystem.API.Controllers.ExamPapersController (ExamSystem.API). | MachineName=LVHUI-PC ThreadId=16
[2026-05-15 13:24:20.065 INF] Executed DbCommand (70ms) [Parameters=[], CommandType='"Text"', CommandTimeout='30']
SELECT count(*)
FROM exam_papers AS e | MachineName=LVHUI-PC ThreadId=16
[2026-05-15 13:24:20.135 INF] Executed DbCommand (65ms) [Parameters=[@__p_1='?' (DbType = Int32), @__p_0='?' (DbType = Int32)], CommandType='"Text"', CommandTimeout='30']
SELECT e.id, e.title, e.description, e.total_score, e.duration_minutes, e.status, e.start_time, e.end_time, e.anti_cheating_enabled, (
    SELECT count(*)::int
    FROM exam_questions AS e0
    WHERE e.id = e0.exam_paper_id), e.created_at
FROM exam_papers AS e
ORDER BY e.created_at DESC
LIMIT @__p_1 OFFSET @__p_0 | MachineName=LVHUI-PC ThreadId=16
[2026-05-15 13:24:20.141 INF] Executing OkObjectResult, writing value of type 'ExamSystem.Application.Common.Models.PaginatedResult`1[[ExamSystem.Application.ExamPapers.Queries.ExamPaperDto, ExamSystem.Application, Version=1.0.0.0, Culture=neutral, PublicKeyToken=null]]'. | MachineName=LVHUI-PC ThreadId=16
[2026-05-15 13:24:20.146 INF] Executed action ExamSystem.API.Controllers.ExamPapersController.GetExamPapers (ExamSystem.API) in 151.7508ms | MachineName=LVHUI-PC ThreadId=16
[2026-05-15 13:24:20.151 INF] Executed endpoint 'ExamSystem.API.Controllers.ExamPapersController.GetExamPapers (ExamSystem.API)' | MachineName=LVHUI-PC ThreadId=16
[2026-05-15 13:24:20.155 INF] HTTP GET /api/exam-papers?page=1&pageSize=1 → 200 | 165ms | User=-(-) Role=- Tenant=- IP=127.0.0.1 TraceId=0HNLI88LHGTA4:00000001 | MachineName=LVHUI-PC ThreadId=16
[2026-05-15 13:24:20.159 INF] Request finished HTTP/1.1 GET http://localhost:5146/api/exam-papers?page=1&pageSize=1 - 200 null application/json; charset=utf-8 172.862ms | MachineName=LVHUI-PC ThreadId=16
[2026-05-15 13:24:20.280 INF] Request starting HTTP/1.1 GET http://localhost:5146/api/questions?page=1&pageSize=1 - null null | MachineName=LVHUI-PC ThreadId=9
[2026-05-15 13:24:20.286 WRN] HTTP GET /api/questions?page=1&pageSize=1 → 400 | 0ms | User=-(-) Role=- Tenant=- IP=127.0.0.1 TraceId=0HNLI88LHGTA5:00000001 | MachineName=LVHUI-PC ThreadId=9
[2026-05-15 13:24:20.290 INF] Request starting HTTP/1.1 GET http://localhost:5146/api/exam-papers?page=1&pageSize=5 - null null | MachineName=LVHUI-PC ThreadId=14
[2026-05-15 13:24:20.293 INF] Request finished HTTP/1.1 GET http://localhost:5146/api/questions?page=1&pageSize=1 - 400 null application/json; charset=utf-8 13.4804ms | MachineName=LVHUI-PC ThreadId=9
[2026-05-15 13:24:20.298 INF] Request starting HTTP/1.1 GET http://localhost:5146/api/tenants?page=1&pageSize=1 - null null | MachineName=LVHUI-PC ThreadId=16
[2026-05-15 13:24:20.299 INF] Executing endpoint 'ExamSystem.API.Controllers.ExamPapersController.GetExamPapers (ExamSystem.API)' | MachineName=LVHUI-PC ThreadId=14
[2026-05-15 13:24:20.308 INF] Authorization failed. These requirements were not met:
RolesAuthorizationRequirement:User.IsInRole must be true for one of the following roles: (SuperAdmin) | MachineName=LVHUI-PC ThreadId=16
[2026-05-15 13:24:20.310 INF] Route matched with {action = "GetExamPapers", controller = "ExamPapers"}. Executing controller action with signature System.Threading.Tasks.Task`1[Microsoft.AspNetCore.Mvc.IActionResult] GetExamPapers(Int32, Int32, System.Nullable`1[ExamSystem.Domain.Enums.ExamStatus], System.Threading.CancellationToken) on controller ExamSystem.API.Controllers.ExamPapersController (ExamSystem.API). | MachineName=LVHUI-PC ThreadId=14
[2026-05-15 13:24:20.312 INF] AuthenticationScheme: Bearer was challenged. | MachineName=LVHUI-PC ThreadId=16
[2026-05-15 13:24:20.318 WRN] HTTP GET /api/tenants?page=1&pageSize=1 → 401 | 10ms | User=-(-) Role=- Tenant=- IP=127.0.0.1 TraceId=0HNLI88LHGTA7:00000001 | MachineName=LVHUI-PC ThreadId=16
[2026-05-15 13:24:20.321 INF] Request finished HTTP/1.1 GET http://localhost:5146/api/tenants?page=1&pageSize=1 - 401 0 null 22.7548ms | MachineName=LVHUI-PC ThreadId=16
[2026-05-15 13:24:20.376 INF] Executed DbCommand (59ms) [Parameters=[], CommandType='"Text"', CommandTimeout='30']
SELECT count(*)
FROM exam_papers AS e | MachineName=LVHUI-PC ThreadId=16
[2026-05-15 13:24:20.450 INF] Executed DbCommand (70ms) [Parameters=[@__p_1='?' (DbType = Int32), @__p_0='?' (DbType = Int32)], CommandType='"Text"', CommandTimeout='30']
SELECT e.id, e.title, e.description, e.total_score, e.duration_minutes, e.status, e.start_time, e.end_time, e.anti_cheating_enabled, (
    SELECT count(*)::int
    FROM exam_questions AS e0
    WHERE e.id = e0.exam_paper_id), e.created_at
FROM exam_papers AS e
ORDER BY e.created_at DESC
LIMIT @__p_1 OFFSET @__p_0 | MachineName=LVHUI-PC ThreadId=16
[2026-05-15 13:24:20.457 INF] Executing OkObjectResult, writing value of type 'ExamSystem.Application.Common.Models.PaginatedResult`1[[ExamSystem.Application.ExamPapers.Queries.ExamPaperDto, ExamSystem.Application, Version=1.0.0.0, Culture=neutral, PublicKeyToken=null]]'. | MachineName=LVHUI-PC ThreadId=16
[2026-05-15 13:24:20.466 INF] Executed action ExamSystem.API.Controllers.ExamPapersController.GetExamPapers (ExamSystem.API) in 150.0645ms | MachineName=LVHUI-PC ThreadId=16
[2026-05-15 13:24:20.473 INF] Executed endpoint 'ExamSystem.API.Controllers.ExamPapersController.GetExamPapers (ExamSystem.API)' | MachineName=LVHUI-PC ThreadId=16
[2026-05-15 13:24:20.477 INF] HTTP GET /api/exam-papers?page=1&pageSize=5 → 200 | 177ms | User=-(-) Role=- Tenant=- IP=127.0.0.1 TraceId=0HNLI88LHGTA6:00000001 | MachineName=LVHUI-PC ThreadId=16
[2026-05-15 13:24:20.481 INF] Request finished HTTP/1.1 GET http://localhost:5146/api/exam-papers?page=1&pageSize=5 - 200 null application/json; charset=utf-8 191.1656ms | MachineName=LVHUI-PC ThreadId=16
[2026-05-15 13:24:20.599 INF] Request starting HTTP/1.1 GET http://localhost:5146/api/users?page=1&pageSize=1 - null null | MachineName=LVHUI-PC ThreadId=9
[2026-05-15 13:24:20.604 INF] Authorization failed. These requirements were not met:
RolesAuthorizationRequirement:User.IsInRole must be true for one of the following roles: (SuperAdmin|Admin) | MachineName=LVHUI-PC ThreadId=9
[2026-05-15 13:24:20.609 INF] AuthenticationScheme: Bearer was challenged. | MachineName=LVHUI-PC ThreadId=9
[2026-05-15 13:24:20.613 WRN] HTTP GET /api/users?page=1&pageSize=1 → 401 | 9ms | User=-(-) Role=- Tenant=- IP=127.0.0.1 TraceId=0HNLI88LHGTA8:00000001 | MachineName=LVHUI-PC ThreadId=9
[2026-05-15 13:24:20.621 INF] Request finished HTTP/1.1 GET http://localhost:5146/api/users?page=1&pageSize=1 - 401 0 null 21.9733ms | MachineName=LVHUI-PC ThreadId=9
[2026-05-15 13:24:23.851 INF] Request starting HTTP/1.1 POST http://localhost:5146/api/auth/login - application/json 46 | MachineName=LVHUI-PC ThreadId=9
[2026-05-15 13:24:23.859 INF] Executing endpoint 'ExamSystem.API.Controllers.AuthController.Login (ExamSystem.API)' | MachineName=LVHUI-PC ThreadId=9
[2026-05-15 13:24:23.865 INF] Route matched with {action = "Login", controller = "Auth"}. Executing controller action with signature System.Threading.Tasks.Task`1[Microsoft.AspNetCore.Mvc.IActionResult] Login(ExamSystem.API.Controllers.LoginRequest, System.Threading.CancellationToken) on controller ExamSystem.API.Controllers.AuthController (ExamSystem.API). | MachineName=LVHUI-PC ThreadId=9
[2026-05-15 13:24:23.985 INF] Executed DbCommand (66ms) [Parameters=[@__command_Username_0='?'], CommandType='"Text"', CommandTimeout='30']
SELECT u.id, u.created_at, u.email, u.is_active, u.last_login_at, u.password_hash, u.role, u.tenant_id, u.updated_at, u.username
FROM users AS u
WHERE u.username = @__command_Username_0 AND u.is_active
LIMIT 1 | MachineName=LVHUI-PC ThreadId=9
[2026-05-15 13:24:24.045 INF] Executing OkObjectResult, writing value of type 'ExamSystem.Application.Auth.Commands.LoginResult'. | MachineName=LVHUI-PC ThreadId=9
[2026-05-15 13:24:24.049 INF] Executed action ExamSystem.API.Controllers.AuthController.Login (ExamSystem.API) in 177.7107ms | MachineName=LVHUI-PC ThreadId=9
[2026-05-15 13:24:24.053 INF] Executed endpoint 'ExamSystem.API.Controllers.AuthController.Login (ExamSystem.API)' | MachineName=LVHUI-PC ThreadId=9
[2026-05-15 13:24:24.056 INF] HTTP POST /api/auth/login → 200 | 198ms | User=-(-) Role=- Tenant=- IP=127.0.0.1 TraceId=0HNLI88LHGTA9:00000001 | MachineName=LVHUI-PC ThreadId=9
[2026-05-15 13:24:24.059 INF] Request finished HTTP/1.1 POST http://localhost:5146/api/auth/login - 200 null application/json; charset=utf-8 207.9586ms | MachineName=LVHUI-PC ThreadId=9
[2026-05-15 13:24:24.086 INF] Request starting HTTP/1.1 GET http://localhost:5146/api/exam-papers?page=1&pageSize=1 - null null | MachineName=LVHUI-PC ThreadId=16
[2026-05-15 13:24:24.086 INF] Request starting HTTP/1.1 GET http://localhost:5146/api/questions?page=1&pageSize=1 - null null | MachineName=LVHUI-PC ThreadId=14
[2026-05-15 13:24:24.086 INF] Request starting HTTP/1.1 GET http://localhost:5146/api/exam-papers?page=1&pageSize=5 - null null | MachineName=LVHUI-PC ThreadId=9
[2026-05-15 13:24:24.090 INF] Executing endpoint 'ExamSystem.API.Controllers.ExamPapersController.GetExamPapers (ExamSystem.API)' | MachineName=LVHUI-PC ThreadId=16
[2026-05-15 13:24:24.094 INF] Executing endpoint 'ExamSystem.API.Controllers.QuestionsController.GetQuestions (ExamSystem.API)' | MachineName=LVHUI-PC ThreadId=14
[2026-05-15 13:24:24.098 INF] Executing endpoint 'ExamSystem.API.Controllers.ExamPapersController.GetExamPapers (ExamSystem.API)' | MachineName=LVHUI-PC ThreadId=9
[2026-05-15 13:24:24.100 INF] Route matched with {action = "GetExamPapers", controller = "ExamPapers"}. Executing controller action with signature System.Threading.Tasks.Task`1[Microsoft.AspNetCore.Mvc.IActionResult] GetExamPapers(Int32, Int32, System.Nullable`1[ExamSystem.Domain.Enums.ExamStatus], System.Threading.CancellationToken) on controller ExamSystem.API.Controllers.ExamPapersController (ExamSystem.API). | MachineName=LVHUI-PC ThreadId=16
[2026-05-15 13:24:24.103 INF] Route matched with {action = "GetQuestions", controller = "Questions"}. Executing controller action with signature System.Threading.Tasks.Task`1[Microsoft.AspNetCore.Mvc.IActionResult] GetQuestions(Int32, Int32, System.Nullable`1[ExamSystem.Domain.Enums.QuestionType], System.Nullable`1[System.Int32], System.String, System.Threading.CancellationToken) on controller ExamSystem.API.Controllers.QuestionsController (ExamSystem.API). | MachineName=LVHUI-PC ThreadId=14
[2026-05-15 13:24:24.106 INF] Route matched with {action = "GetExamPapers", controller = "ExamPapers"}. Executing controller action with signature System.Threading.Tasks.Task`1[Microsoft.AspNetCore.Mvc.IActionResult] GetExamPapers(Int32, Int32, System.Nullable`1[ExamSystem.Domain.Enums.ExamStatus], System.Threading.CancellationToken) on controller ExamSystem.API.Controllers.ExamPapersController (ExamSystem.API). | MachineName=LVHUI-PC ThreadId=9
[2026-05-15 13:24:24.118 INF] Executing OkObjectResult, writing value of type 'ExamSystem.Application.Common.Models.PaginatedResult`1[[ExamSystem.Application.Questions.Queries.QuestionDto, ExamSystem.Application, Version=1.0.0.0, Culture=neutral, PublicKeyToken=null]]'. | MachineName=LVHUI-PC ThreadId=14
[2026-05-15 13:24:24.121 INF] Executed action ExamSystem.API.Controllers.QuestionsController.GetQuestions (ExamSystem.API) in 7.8237ms | MachineName=LVHUI-PC ThreadId=14
[2026-05-15 13:24:24.124 INF] Executed endpoint 'ExamSystem.API.Controllers.QuestionsController.GetQuestions (ExamSystem.API)' | MachineName=LVHUI-PC ThreadId=14
[2026-05-15 13:24:24.127 INF] HTTP GET /api/questions?page=1&pageSize=1 → 200 | 32ms | User=admin(admin) Role=SuperAdmin Tenant=- IP=127.0.0.1 TraceId=0HNLI88LHGTAB:00000001 | MachineName=LVHUI-PC ThreadId=14
[2026-05-15 13:24:24.129 INF] Request finished HTTP/1.1 GET http://localhost:5146/api/questions?page=1&pageSize=1 - 200 null application/json; charset=utf-8 42.7696ms | MachineName=LVHUI-PC ThreadId=14
[2026-05-15 13:24:24.171 INF] Executed DbCommand (60ms) [Parameters=[], CommandType='"Text"', CommandTimeout='30']
SELECT count(*)
FROM exam_papers AS e | MachineName=LVHUI-PC ThreadId=14
[2026-05-15 13:24:24.188 INF] Executed DbCommand (70ms) [Parameters=[], CommandType='"Text"', CommandTimeout='30']
SELECT count(*)
FROM exam_papers AS e | MachineName=LVHUI-PC ThreadId=9
[2026-05-15 13:24:24.239 INF] Executed DbCommand (65ms) [Parameters=[@__p_1='?' (DbType = Int32), @__p_0='?' (DbType = Int32)], CommandType='"Text"', CommandTimeout='30']
SELECT e.id, e.title, e.description, e.total_score, e.duration_minutes, e.status, e.start_time, e.end_time, e.anti_cheating_enabled, (
    SELECT count(*)::int
    FROM exam_questions AS e0
    WHERE e.id = e0.exam_paper_id), e.created_at
FROM exam_papers AS e
ORDER BY e.created_at DESC
LIMIT @__p_1 OFFSET @__p_0 | MachineName=LVHUI-PC ThreadId=9
[2026-05-15 13:24:24.245 INF] Executing OkObjectResult, writing value of type 'ExamSystem.Application.Common.Models.PaginatedResult`1[[ExamSystem.Application.ExamPapers.Queries.ExamPaperDto, ExamSystem.Application, Version=1.0.0.0, Culture=neutral, PublicKeyToken=null]]'. | MachineName=LVHUI-PC ThreadId=9
[2026-05-15 13:24:24.249 INF] Executed action ExamSystem.API.Controllers.ExamPapersController.GetExamPapers (ExamSystem.API) in 139.627ms | MachineName=LVHUI-PC ThreadId=9
[2026-05-15 13:24:24.253 INF] Executed DbCommand (60ms) [Parameters=[@__p_1='?' (DbType = Int32), @__p_0='?' (DbType = Int32)], CommandType='"Text"', CommandTimeout='30']
SELECT e.id, e.title, e.description, e.total_score, e.duration_minutes, e.status, e.start_time, e.end_time, e.anti_cheating_enabled, (
    SELECT count(*)::int
    FROM exam_questions AS e0
    WHERE e.id = e0.exam_paper_id), e.created_at
FROM exam_papers AS e
ORDER BY e.created_at DESC
LIMIT @__p_1 OFFSET @__p_0 | MachineName=LVHUI-PC ThreadId=13
[2026-05-15 13:24:24.253 INF] Executed endpoint 'ExamSystem.API.Controllers.ExamPapersController.GetExamPapers (ExamSystem.API)' | MachineName=LVHUI-PC ThreadId=9
[2026-05-15 13:24:24.257 INF] Executing OkObjectResult, writing value of type 'ExamSystem.Application.Common.Models.PaginatedResult`1[[ExamSystem.Application.ExamPapers.Queries.ExamPaperDto, ExamSystem.Application, Version=1.0.0.0, Culture=neutral, PublicKeyToken=null]]'. | MachineName=LVHUI-PC ThreadId=13
[2026-05-15 13:24:24.261 INF] HTTP GET /api/exam-papers?page=1&pageSize=1 → 200 | 171ms | User=admin(admin) Role=SuperAdmin Tenant=- IP=127.0.0.1 TraceId=0HNLI88LHGTAA:00000001 | MachineName=LVHUI-PC ThreadId=9
[2026-05-15 13:24:24.267 INF] Executed action ExamSystem.API.Controllers.ExamPapersController.GetExamPapers (ExamSystem.API) in 149.4897ms | MachineName=LVHUI-PC ThreadId=13
[2026-05-15 13:24:24.270 INF] Request finished HTTP/1.1 GET http://localhost:5146/api/exam-papers?page=1&pageSize=1 - 200 null application/json; charset=utf-8 183.7214ms | MachineName=LVHUI-PC ThreadId=9
[2026-05-15 13:24:24.274 INF] Executed endpoint 'ExamSystem.API.Controllers.ExamPapersController.GetExamPapers (ExamSystem.API)' | MachineName=LVHUI-PC ThreadId=13
[2026-05-15 13:24:24.281 INF] HTTP GET /api/exam-papers?page=1&pageSize=5 → 200 | 183ms | User=admin(admin) Role=SuperAdmin Tenant=- IP=127.0.0.1 TraceId=0HNLI88LHGTAC:00000001 | MachineName=LVHUI-PC ThreadId=13
[2026-05-15 13:24:24.284 INF] Request finished HTTP/1.1 GET http://localhost:5146/api/exam-papers?page=1&pageSize=5 - 200 null application/json; charset=utf-8 198.0648ms | MachineName=LVHUI-PC ThreadId=13
[2026-05-15 13:24:24.400 INF] Request starting HTTP/1.1 GET http://localhost:5146/api/tenants?page=1&pageSize=200 - null null | MachineName=LVHUI-PC ThreadId=16
[2026-05-15 13:24:24.403 INF] Request starting HTTP/1.1 GET http://localhost:5146/api/tenants?page=1&pageSize=1 - null null | MachineName=LVHUI-PC ThreadId=13
[2026-05-15 13:24:24.407 INF] Executing endpoint 'ExamSystem.API.Controllers.TenantsController.GetTenants (ExamSystem.API)' | MachineName=LVHUI-PC ThreadId=16
[2026-05-15 13:24:24.411 INF] Executing endpoint 'ExamSystem.API.Controllers.TenantsController.GetTenants (ExamSystem.API)' | MachineName=LVHUI-PC ThreadId=13
[2026-05-15 13:24:24.416 INF] Route matched with {action = "GetTenants", controller = "Tenants"}. Executing controller action with signature System.Threading.Tasks.Task`1[Microsoft.AspNetCore.Mvc.IActionResult] GetTenants(Int32, Int32, System.Threading.CancellationToken) on controller ExamSystem.API.Controllers.TenantsController (ExamSystem.API). | MachineName=LVHUI-PC ThreadId=16
[2026-05-15 13:24:24.418 INF] Route matched with {action = "GetTenants", controller = "Tenants"}. Executing controller action with signature System.Threading.Tasks.Task`1[Microsoft.AspNetCore.Mvc.IActionResult] GetTenants(Int32, Int32, System.Threading.CancellationToken) on controller ExamSystem.API.Controllers.TenantsController (ExamSystem.API). | MachineName=LVHUI-PC ThreadId=13
[2026-05-15 13:24:24.492 INF] Executed DbCommand (65ms) [Parameters=[], CommandType='"Text"', CommandTimeout='30']
SELECT count(*)
FROM tenants AS t | MachineName=LVHUI-PC ThreadId=13
[2026-05-15 13:24:24.493 INF] Executed DbCommand (70ms) [Parameters=[], CommandType='"Text"', CommandTimeout='30']
SELECT count(*)
FROM tenants AS t | MachineName=LVHUI-PC ThreadId=9
[2026-05-15 13:24:24.554 INF] Executed DbCommand (60ms) [Parameters=[@__p_1='?' (DbType = Int32), @__p_0='?' (DbType = Int32)], CommandType='"Text"', CommandTimeout='30']
SELECT t.id, t.name, t.schema_name, t.contact_email, t.is_active, t.ai_call_quota, t.ai_call_used, t.created_at
FROM tenants AS t
ORDER BY t.created_at DESC
LIMIT @__p_1 OFFSET @__p_0 | MachineName=LVHUI-PC ThreadId=9
[2026-05-15 13:24:24.559 INF] Executing OkObjectResult, writing value of type 'ExamSystem.Application.Common.Models.PaginatedResult`1[[ExamSystem.Application.Tenants.Queries.TenantDto, ExamSystem.Application, Version=1.0.0.0, Culture=neutral, PublicKeyToken=null]]'. | MachineName=LVHUI-PC ThreadId=9
[2026-05-15 13:24:24.564 INF] Executed action ExamSystem.API.Controllers.TenantsController.GetTenants (ExamSystem.API) in 138.4917ms | MachineName=LVHUI-PC ThreadId=9
[2026-05-15 13:24:24.565 INF] Executed DbCommand (65ms) [Parameters=[@__p_1='?' (DbType = Int32), @__p_0='?' (DbType = Int32)], CommandType='"Text"', CommandTimeout='30']
SELECT t.id, t.name, t.schema_name, t.contact_email, t.is_active, t.ai_call_quota, t.ai_call_used, t.created_at
FROM tenants AS t
ORDER BY t.created_at DESC
LIMIT @__p_1 OFFSET @__p_0 | MachineName=LVHUI-PC ThreadId=18
[2026-05-15 13:24:24.569 INF] Executed endpoint 'ExamSystem.API.Controllers.TenantsController.GetTenants (ExamSystem.API)' | MachineName=LVHUI-PC ThreadId=9
[2026-05-15 13:24:24.574 INF] Executing OkObjectResult, writing value of type 'ExamSystem.Application.Common.Models.PaginatedResult`1[[ExamSystem.Application.Tenants.Queries.TenantDto, ExamSystem.Application, Version=1.0.0.0, Culture=neutral, PublicKeyToken=null]]'. | MachineName=LVHUI-PC ThreadId=18
[2026-05-15 13:24:24.578 INF] HTTP GET /api/tenants?page=1&pageSize=1 → 200 | 166ms | User=admin(admin) Role=SuperAdmin Tenant=- IP=127.0.0.1 TraceId=0HNLI88LHGTAE:00000001 | MachineName=LVHUI-PC ThreadId=9
[2026-05-15 13:24:24.582 INF] Executed action ExamSystem.API.Controllers.TenantsController.GetTenants (ExamSystem.API) in 160.1098ms | MachineName=LVHUI-PC ThreadId=18
[2026-05-15 13:24:24.584 INF] Request starting HTTP/1.1 GET http://localhost:5146/api/users?page=1&pageSize=1 - null null | MachineName=LVHUI-PC ThreadId=14
[2026-05-15 13:24:24.586 INF] Request finished HTTP/1.1 GET http://localhost:5146/api/tenants?page=1&pageSize=1 - 200 null application/json; charset=utf-8 182.7471ms | MachineName=LVHUI-PC ThreadId=9
[2026-05-15 13:24:24.589 INF] Executed endpoint 'ExamSystem.API.Controllers.TenantsController.GetTenants (ExamSystem.API)' | MachineName=LVHUI-PC ThreadId=18
[2026-05-15 13:24:24.592 INF] Executing endpoint 'ExamSystem.API.Controllers.UsersController.GetUsers (ExamSystem.API)' | MachineName=LVHUI-PC ThreadId=14
[2026-05-15 13:24:24.599 INF] HTTP GET /api/tenants?page=1&pageSize=200 → 200 | 192ms | User=admin(admin) Role=SuperAdmin Tenant=- IP=127.0.0.1 TraceId=0HNLI88LHGTAD:00000001 | MachineName=LVHUI-PC ThreadId=18
[2026-05-15 13:24:24.604 INF] Route matched with {action = "GetUsers", controller = "Users"}. Executing controller action with signature System.Threading.Tasks.Task`1[Microsoft.AspNetCore.Mvc.IActionResult] GetUsers(System.Nullable`1[System.Guid], System.Nullable`1[ExamSystem.Domain.Enums.UserRole], System.Nullable`1[System.Boolean], System.String, Int32, Int32, System.Threading.CancellationToken) on controller ExamSystem.API.Controllers.UsersController (ExamSystem.API). | MachineName=LVHUI-PC ThreadId=14
[2026-05-15 13:24:24.606 INF] Request finished HTTP/1.1 GET http://localhost:5146/api/tenants?page=1&pageSize=200 - 200 null application/json; charset=utf-8 206.3669ms | MachineName=LVHUI-PC ThreadId=18
[2026-05-15 13:24:24.687 INF] Executed DbCommand (71ms) [Parameters=[], CommandType='"Text"', CommandTimeout='30']
SELECT count(*)
FROM users AS u | MachineName=LVHUI-PC ThreadId=14
[2026-05-15 13:24:24.774 INF] Executed DbCommand (60ms) [Parameters=[@__p_1='?' (DbType = Int32), @__p_0='?' (DbType = Int32)], CommandType='"Text"', CommandTimeout='30']
SELECT t.id, t.tenant_id, t0.name, t.username, t.email, t.role, t.is_active, t.last_login_at, t.created_at
FROM (
    SELECT u.id, u.created_at, u.email, u.is_active, u.last_login_at, u.role, u.tenant_id, u.username
    FROM users AS u
    ORDER BY u.created_at DESC
    LIMIT @__p_1 OFFSET @__p_0
) AS t
LEFT JOIN tenants AS t0 ON t.tenant_id = t0.id
ORDER BY t.created_at DESC | MachineName=LVHUI-PC ThreadId=14
[2026-05-15 13:24:24.780 INF] Executing OkObjectResult, writing value of type 'ExamSystem.Application.Common.Models.PaginatedResult`1[[ExamSystem.Application.Users.Queries.UserDto, ExamSystem.Application, Version=1.0.0.0, Culture=neutral, PublicKeyToken=null]]'. | MachineName=LVHUI-PC ThreadId=14
[2026-05-15 13:24:24.793 INF] Executed action ExamSystem.API.Controllers.UsersController.GetUsers (ExamSystem.API) in 183.1039ms | MachineName=LVHUI-PC ThreadId=14
[2026-05-15 13:24:24.796 INF] Executed endpoint 'ExamSystem.API.Controllers.UsersController.GetUsers (ExamSystem.API)' | MachineName=LVHUI-PC ThreadId=14
[2026-05-15 13:24:24.798 INF] HTTP GET /api/users?page=1&pageSize=1 → 200 | 205ms | User=admin(admin) Role=SuperAdmin Tenant=- IP=127.0.0.1 TraceId=0HNLI88LHGTAF:00000001 | MachineName=LVHUI-PC ThreadId=14
[2026-05-15 13:24:24.801 INF] Request finished HTTP/1.1 GET http://localhost:5146/api/users?page=1&pageSize=1 - 200 null application/json; charset=utf-8 217.0471ms | MachineName=LVHUI-PC ThreadId=14
[2026-05-15 13:24:25.618 INF] Request starting HTTP/1.1 GET http://localhost:5146/api/tenants?page=1&pageSize=10 - null null | MachineName=LVHUI-PC ThreadId=18
[2026-05-15 13:24:25.625 INF] Executing endpoint 'ExamSystem.API.Controllers.TenantsController.GetTenants (ExamSystem.API)' | MachineName=LVHUI-PC ThreadId=18
[2026-05-15 13:24:25.632 INF] Route matched with {action = "GetTenants", controller = "Tenants"}. Executing controller action with signature System.Threading.Tasks.Task`1[Microsoft.AspNetCore.Mvc.IActionResult] GetTenants(Int32, Int32, System.Threading.CancellationToken) on controller ExamSystem.API.Controllers.TenantsController (ExamSystem.API). | MachineName=LVHUI-PC ThreadId=18
[2026-05-15 13:24:25.702 INF] Executed DbCommand (65ms) [Parameters=[], CommandType='"Text"', CommandTimeout='30']
SELECT count(*)
FROM tenants AS t | MachineName=LVHUI-PC ThreadId=18
[2026-05-15 13:24:25.780 INF] Executed DbCommand (70ms) [Parameters=[@__p_1='?' (DbType = Int32), @__p_0='?' (DbType = Int32)], CommandType='"Text"', CommandTimeout='30']
SELECT t.id, t.name, t.schema_name, t.contact_email, t.is_active, t.ai_call_quota, t.ai_call_used, t.created_at
FROM tenants AS t
ORDER BY t.created_at DESC
LIMIT @__p_1 OFFSET @__p_0 | MachineName=LVHUI-PC ThreadId=13
[2026-05-15 13:24:25.788 INF] Executing OkObjectResult, writing value of type 'ExamSystem.Application.Common.Models.PaginatedResult`1[[ExamSystem.Application.Tenants.Queries.TenantDto, ExamSystem.Application, Version=1.0.0.0, Culture=neutral, PublicKeyToken=null]]'. | MachineName=LVHUI-PC ThreadId=13
[2026-05-15 13:24:25.794 INF] Executed action ExamSystem.API.Controllers.TenantsController.GetTenants (ExamSystem.API) in 158.0467ms | MachineName=LVHUI-PC ThreadId=13
[2026-05-15 13:24:25.798 INF] Executed endpoint 'ExamSystem.API.Controllers.TenantsController.GetTenants (ExamSystem.API)' | MachineName=LVHUI-PC ThreadId=13
[2026-05-15 13:24:25.801 INF] HTTP GET /api/tenants?page=1&pageSize=10 → 200 | 177ms | User=admin(admin) Role=SuperAdmin Tenant=- IP=127.0.0.1 TraceId=0HNLI88LHGTAG:00000001 | MachineName=LVHUI-PC ThreadId=13
[2026-05-15 13:24:25.805 INF] Request finished HTTP/1.1 GET http://localhost:5146/api/tenants?page=1&pageSize=10 - 200 null application/json; charset=utf-8 187.2384ms | MachineName=LVHUI-PC ThreadId=13
[2026-05-15 13:24:26.742 INF] Request starting HTTP/1.1 GET http://localhost:5146/api/users?page=1&pageSize=20 - null null | MachineName=LVHUI-PC ThreadId=14
[2026-05-15 13:24:26.746 INF] Executing endpoint 'ExamSystem.API.Controllers.UsersController.GetUsers (ExamSystem.API)' | MachineName=LVHUI-PC ThreadId=14
[2026-05-15 13:24:26.756 INF] Route matched with {action = "GetUsers", controller = "Users"}. Executing controller action with signature System.Threading.Tasks.Task`1[Microsoft.AspNetCore.Mvc.IActionResult] GetUsers(System.Nullable`1[System.Guid], System.Nullable`1[ExamSystem.Domain.Enums.UserRole], System.Nullable`1[System.Boolean], System.String, Int32, Int32, System.Threading.CancellationToken) on controller ExamSystem.API.Controllers.UsersController (ExamSystem.API). | MachineName=LVHUI-PC ThreadId=14
[2026-05-15 13:24:26.802 INF] Request starting HTTP/1.1 GET http://localhost:5146/api/tenants?page=1&pageSize=200 - null null | MachineName=LVHUI-PC ThreadId=18
[2026-05-15 13:24:26.804 INF] Executing endpoint 'ExamSystem.API.Controllers.TenantsController.GetTenants (ExamSystem.API)' | MachineName=LVHUI-PC ThreadId=18
[2026-05-15 13:24:26.807 INF] Route matched with {action = "GetTenants", controller = "Tenants"}. Executing controller action with signature System.Threading.Tasks.Task`1[Microsoft.AspNetCore.Mvc.IActionResult] GetTenants(Int32, Int32, System.Threading.CancellationToken) on controller ExamSystem.API.Controllers.TenantsController (ExamSystem.API). | MachineName=LVHUI-PC ThreadId=18
[2026-05-15 13:24:26.826 INF] Executed DbCommand (65ms) [Parameters=[], CommandType='"Text"', CommandTimeout='30']
SELECT count(*)
FROM users AS u | MachineName=LVHUI-PC ThreadId=18
[2026-05-15 13:24:26.874 INF] Executed DbCommand (65ms) [Parameters=[], CommandType='"Text"', CommandTimeout='30']
SELECT count(*)
FROM tenants AS t | MachineName=LVHUI-PC ThreadId=18
[2026-05-15 13:24:26.901 INF] Executed DbCommand (71ms) [Parameters=[@__p_1='?' (DbType = Int32), @__p_0='?' (DbType = Int32)], CommandType='"Text"', CommandTimeout='30']
SELECT t.id, t.tenant_id, t0.name, t.username, t.email, t.role, t.is_active, t.last_login_at, t.created_at
FROM (
    SELECT u.id, u.created_at, u.email, u.is_active, u.last_login_at, u.role, u.tenant_id, u.username
    FROM users AS u
    ORDER BY u.created_at DESC
    LIMIT @__p_1 OFFSET @__p_0
) AS t
LEFT JOIN tenants AS t0 ON t.tenant_id = t0.id
ORDER BY t.created_at DESC | MachineName=LVHUI-PC ThreadId=18
[2026-05-15 13:24:26.907 INF] Executing OkObjectResult, writing value of type 'ExamSystem.Application.Common.Models.PaginatedResult`1[[ExamSystem.Application.Users.Queries.UserDto, ExamSystem.Application, Version=1.0.0.0, Culture=neutral, PublicKeyToken=null]]'. | MachineName=LVHUI-PC ThreadId=18
[2026-05-15 13:24:26.913 INF] Executed action ExamSystem.API.Controllers.UsersController.GetUsers (ExamSystem.API) in 152.8657ms | MachineName=LVHUI-PC ThreadId=18
[2026-05-15 13:24:26.918 INF] Executed endpoint 'ExamSystem.API.Controllers.UsersController.GetUsers (ExamSystem.API)' | MachineName=LVHUI-PC ThreadId=18
[2026-05-15 13:24:26.922 INF] HTTP GET /api/users?page=1&pageSize=20 → 200 | 176ms | User=admin(admin) Role=SuperAdmin Tenant=- IP=127.0.0.1 TraceId=0HNLI88LHGTAH:00000001 | MachineName=LVHUI-PC ThreadId=18
[2026-05-15 13:24:26.927 INF] Request finished HTTP/1.1 GET http://localhost:5146/api/users?page=1&pageSize=20 - 200 null application/json; charset=utf-8 185.3184ms | MachineName=LVHUI-PC ThreadId=18
[2026-05-15 13:24:26.940 INF] Executed DbCommand (60ms) [Parameters=[@__p_1='?' (DbType = Int32), @__p_0='?' (DbType = Int32)], CommandType='"Text"', CommandTimeout='30']
SELECT t.id, t.name, t.schema_name, t.contact_email, t.is_active, t.ai_call_quota, t.ai_call_used, t.created_at
FROM tenants AS t
ORDER BY t.created_at DESC
LIMIT @__p_1 OFFSET @__p_0 | MachineName=LVHUI-PC ThreadId=18
[2026-05-15 13:24:26.944 INF] Executing OkObjectResult, writing value of type 'ExamSystem.Application.Common.Models.PaginatedResult`1[[ExamSystem.Application.Tenants.Queries.TenantDto, ExamSystem.Application, Version=1.0.0.0, Culture=neutral, PublicKeyToken=null]]'. | MachineName=LVHUI-PC ThreadId=18
[2026-05-15 13:24:26.949 INF] Executed action ExamSystem.API.Controllers.TenantsController.GetTenants (ExamSystem.API) in 139.9497ms | MachineName=LVHUI-PC ThreadId=18
[2026-05-15 13:24:26.953 INF] Executed endpoint 'ExamSystem.API.Controllers.TenantsController.GetTenants (ExamSystem.API)' | MachineName=LVHUI-PC ThreadId=18
[2026-05-15 13:24:26.957 INF] HTTP GET /api/tenants?page=1&pageSize=200 → 200 | 152ms | User=admin(admin) Role=SuperAdmin Tenant=- IP=127.0.0.1 TraceId=0HNLI88LHGTAI:00000001 | MachineName=LVHUI-PC ThreadId=18
[2026-05-15 13:24:26.961 INF] Request finished HTTP/1.1 GET http://localhost:5146/api/tenants?page=1&pageSize=200 - 200 null application/json; charset=utf-8 159.0221ms | MachineName=LVHUI-PC ThreadId=18
[2026-05-15 13:24:27.901 INF] Request starting HTTP/1.1 GET http://localhost:5146/api/exam-papers?page=1&pageSize=10 - null null | MachineName=LVHUI-PC ThreadId=13
[2026-05-15 13:24:27.907 INF] Executing endpoint 'ExamSystem.API.Controllers.ExamPapersController.GetExamPapers (ExamSystem.API)' | MachineName=LVHUI-PC ThreadId=13
[2026-05-15 13:24:27.913 INF] Route matched with {action = "GetExamPapers", controller = "ExamPapers"}. Executing controller action with signature System.Threading.Tasks.Task`1[Microsoft.AspNetCore.Mvc.IActionResult] GetExamPapers(Int32, Int32, System.Nullable`1[ExamSystem.Domain.Enums.ExamStatus], System.Threading.CancellationToken) on controller ExamSystem.API.Controllers.ExamPapersController (ExamSystem.API). | MachineName=LVHUI-PC ThreadId=13
[2026-05-15 13:24:27.984 INF] Executed DbCommand (65ms) [Parameters=[], CommandType='"Text"', CommandTimeout='30']
SELECT count(*)
FROM exam_papers AS e | MachineName=LVHUI-PC ThreadId=13
[2026-05-15 13:24:28.063 INF] Executed DbCommand (72ms) [Parameters=[@__p_1='?' (DbType = Int32), @__p_0='?' (DbType = Int32)], CommandType='"Text"', CommandTimeout='30']
SELECT e.id, e.title, e.description, e.total_score, e.duration_minutes, e.status, e.start_time, e.end_time, e.anti_cheating_enabled, (
    SELECT count(*)::int
    FROM exam_questions AS e0
    WHERE e.id = e0.exam_paper_id), e.created_at
FROM exam_papers AS e
ORDER BY e.created_at DESC
LIMIT @__p_1 OFFSET @__p_0 | MachineName=LVHUI-PC ThreadId=13
[2026-05-15 13:24:28.068 INF] Executing OkObjectResult, writing value of type 'ExamSystem.Application.Common.Models.PaginatedResult`1[[ExamSystem.Application.ExamPapers.Queries.ExamPaperDto, ExamSystem.Application, Version=1.0.0.0, Culture=neutral, PublicKeyToken=null]]'. | MachineName=LVHUI-PC ThreadId=13
[2026-05-15 13:24:28.072 INF] Executed action ExamSystem.API.Controllers.ExamPapersController.GetExamPapers (ExamSystem.API) in 153.4996ms | MachineName=LVHUI-PC ThreadId=13
[2026-05-15 13:24:28.076 INF] Executed endpoint 'ExamSystem.API.Controllers.ExamPapersController.GetExamPapers (ExamSystem.API)' | MachineName=LVHUI-PC ThreadId=13
[2026-05-15 13:24:28.080 INF] HTTP GET /api/exam-papers?page=1&pageSize=10 → 200 | 173ms | User=admin(admin) Role=SuperAdmin Tenant=- IP=127.0.0.1 TraceId=0HNLI88LHGTAJ:00000001 | MachineName=LVHUI-PC ThreadId=13
[2026-05-15 13:24:28.084 INF] Request finished HTTP/1.1 GET http://localhost:5146/api/exam-papers?page=1&pageSize=10 - 200 null application/json; charset=utf-8 182.9527ms | MachineName=LVHUI-PC ThreadId=13
[2026-05-15 13:24:29.893 INF] Request starting HTTP/1.1 GET http://localhost:5146/api/questions?page=1&pageSize=20 - null null | MachineName=LVHUI-PC ThreadId=9
[2026-05-15 13:24:29.900 INF] Executing endpoint 'ExamSystem.API.Controllers.QuestionsController.GetQuestions (ExamSystem.API)' | MachineName=LVHUI-PC ThreadId=9
[2026-05-15 13:24:29.906 INF] Route matched with {action = "GetQuestions", controller = "Questions"}. Executing controller action with signature System.Threading.Tasks.Task`1[Microsoft.AspNetCore.Mvc.IActionResult] GetQuestions(Int32, Int32, System.Nullable`1[ExamSystem.Domain.Enums.QuestionType], System.Nullable`1[System.Int32], System.String, System.Threading.CancellationToken) on controller ExamSystem.API.Controllers.QuestionsController (ExamSystem.API). | MachineName=LVHUI-PC ThreadId=9
[2026-05-15 13:24:29.975 INF] Executed DbCommand (60ms) [Parameters=[], CommandType='"Text"', CommandTimeout='30']
SELECT count(*)
FROM questions AS q
WHERE q.is_active | MachineName=LVHUI-PC ThreadId=9
[2026-05-15 13:24:30.047 INF] Executed DbCommand (68ms) [Parameters=[@__p_1='?' (DbType = Int32), @__p_0='?' (DbType = Int32)], CommandType='"Text"', CommandTimeout='30']
SELECT q.id, q.type, q.content, q.knowledge_point, q.difficulty, q.is_ai_generated, q.created_at
FROM questions AS q
WHERE q.is_active
ORDER BY q.created_at DESC
LIMIT @__p_1 OFFSET @__p_0 | MachineName=LVHUI-PC ThreadId=9
[2026-05-15 13:24:30.056 INF] Executing OkObjectResult, writing value of type 'ExamSystem.Application.Common.Models.PaginatedResult`1[[ExamSystem.Application.Questions.Queries.QuestionDto, ExamSystem.Application, Version=1.0.0.0, Culture=neutral, PublicKeyToken=null]]'. | MachineName=LVHUI-PC ThreadId=9
[2026-05-15 13:24:30.061 INF] Executed action ExamSystem.API.Controllers.QuestionsController.GetQuestions (ExamSystem.API) in 148.4766ms | MachineName=LVHUI-PC ThreadId=9
[2026-05-15 13:24:30.069 INF] Executed endpoint 'ExamSystem.API.Controllers.QuestionsController.GetQuestions (ExamSystem.API)' | MachineName=LVHUI-PC ThreadId=9
[2026-05-15 13:24:30.073 INF] HTTP GET /api/questions?page=1&pageSize=20 → 200 | 173ms | User=admin(admin) Role=SuperAdmin Tenant=- IP=127.0.0.1 TraceId=0HNLI88LHGTAK:00000001 | MachineName=LVHUI-PC ThreadId=9
[2026-05-15 13:24:30.077 INF] Request finished HTTP/1.1 GET http://localhost:5146/api/questions?page=1&pageSize=20 - 200 null application/json; charset=utf-8 183.4316ms | MachineName=LVHUI-PC ThreadId=9
[2026-05-15 13:24:30.974 INF] Request starting HTTP/1.1 GET http://localhost:5146/api/tenants?page=1&pageSize=200 - null null | MachineName=LVHUI-PC ThreadId=13
[2026-05-15 13:24:30.979 INF] Executing endpoint 'ExamSystem.API.Controllers.TenantsController.GetTenants (ExamSystem.API)' | MachineName=LVHUI-PC ThreadId=13
[2026-05-15 13:24:30.984 INF] Route matched with {action = "GetTenants", controller = "Tenants"}. Executing controller action with signature System.Threading.Tasks.Task`1[Microsoft.AspNetCore.Mvc.IActionResult] GetTenants(Int32, Int32, System.Threading.CancellationToken) on controller ExamSystem.API.Controllers.TenantsController (ExamSystem.API). | MachineName=LVHUI-PC ThreadId=13
[2026-05-15 13:24:31.063 INF] Executed DbCommand (73ms) [Parameters=[], CommandType='"Text"', CommandTimeout='30']
SELECT count(*)
FROM tenants AS t | MachineName=LVHUI-PC ThreadId=13
[2026-05-15 13:24:31.092 INF] Request starting HTTP/1.1 GET http://localhost:5146/api/books?page=1&pageSize=10 - null null | MachineName=LVHUI-PC ThreadId=14
[2026-05-15 13:24:31.095 INF] Executing endpoint 'ExamSystem.API.Controllers.BooksController.GetBooks (ExamSystem.API)' | MachineName=LVHUI-PC ThreadId=14
[2026-05-15 13:24:31.100 INF] Route matched with {action = "GetBooks", controller = "Books"}. Executing controller action with signature System.Threading.Tasks.Task`1[Microsoft.AspNetCore.Mvc.IActionResult] GetBooks(System.String, System.String, System.String, System.Nullable`1[System.Boolean], Int32, Int32, System.Threading.CancellationToken) on controller ExamSystem.API.Controllers.BooksController (ExamSystem.API). | MachineName=LVHUI-PC ThreadId=14
[2026-05-15 13:24:31.126 INF] Executed DbCommand (59ms) [Parameters=[@__p_1='?' (DbType = Int32), @__p_0='?' (DbType = Int32)], CommandType='"Text"', CommandTimeout='30']
SELECT t.id, t.name, t.schema_name, t.contact_email, t.is_active, t.ai_call_quota, t.ai_call_used, t.created_at
FROM tenants AS t
ORDER BY t.created_at DESC
LIMIT @__p_1 OFFSET @__p_0 | MachineName=LVHUI-PC ThreadId=14
[2026-05-15 13:24:31.129 INF] Executing OkObjectResult, writing value of type 'ExamSystem.Application.Common.Models.PaginatedResult`1[[ExamSystem.Application.Tenants.Queries.TenantDto, ExamSystem.Application, Version=1.0.0.0, Culture=neutral, PublicKeyToken=null]]'. | MachineName=LVHUI-PC ThreadId=14
[2026-05-15 13:24:31.132 INF] Executed action ExamSystem.API.Controllers.TenantsController.GetTenants (ExamSystem.API) in 143.0899ms | MachineName=LVHUI-PC ThreadId=14
[2026-05-15 13:24:31.135 INF] Executed endpoint 'ExamSystem.API.Controllers.TenantsController.GetTenants (ExamSystem.API)' | MachineName=LVHUI-PC ThreadId=14
[2026-05-15 13:24:31.137 INF] HTTP GET /api/tenants?page=1&pageSize=200 → 200 | 157ms | User=admin(admin) Role=SuperAdmin Tenant=- IP=127.0.0.1 TraceId=0HNLI88LHGTAL:00000001 | MachineName=LVHUI-PC ThreadId=14
[2026-05-15 13:24:31.140 INF] Request finished HTTP/1.1 GET http://localhost:5146/api/tenants?page=1&pageSize=200 - 200 null application/json; charset=utf-8 165.599ms | MachineName=LVHUI-PC ThreadId=14
[2026-05-15 13:24:31.175 INF] Executed DbCommand (65ms) [Parameters=[], CommandType='"Text"', CommandTimeout='30']
SELECT count(*)::int
FROM books AS b | MachineName=LVHUI-PC ThreadId=14
[2026-05-15 13:24:31.255 INF] Executed DbCommand (71ms) [Parameters=[@__p_1='?' (DbType = Int32), @__p_0='?' (DbType = Int32)], CommandType='"Text"', CommandTimeout='30']
SELECT b.id, b.author, b.category, b.cover_image_url, b.created_at, b.description, b.file_size_bytes, b.is_active, b.isbn, b.page_count, b.pdf_file_path, b.publish_year, b.publisher, b.tags, b.tenant_id, b.title, b.updated_at, b.uploaded_by_id, b.uploaded_by_name
FROM books AS b
ORDER BY b.created_at DESC
LIMIT @__p_1 OFFSET @__p_0 | MachineName=LVHUI-PC ThreadId=14
[2026-05-15 13:24:31.300 INF] Executing OkObjectResult, writing value of type 'ExamSystem.Application.Common.Models.PaginatedResult`1[[ExamSystem.Application.Books.BookDto, ExamSystem.Application, Version=1.0.0.0, Culture=neutral, PublicKeyToken=null]]'. | MachineName=LVHUI-PC ThreadId=14
[2026-05-15 13:24:31.305 INF] Executed action ExamSystem.API.Controllers.BooksController.GetBooks (ExamSystem.API) in 201.7026ms | MachineName=LVHUI-PC ThreadId=14
[2026-05-15 13:24:31.308 INF] Executed endpoint 'ExamSystem.API.Controllers.BooksController.GetBooks (ExamSystem.API)' | MachineName=LVHUI-PC ThreadId=14
[2026-05-15 13:24:31.310 INF] HTTP GET /api/books?page=1&pageSize=10 → 200 | 215ms | User=admin(admin) Role=SuperAdmin Tenant=- IP=127.0.0.1 TraceId=0HNLI88LHGTAM:00000001 | MachineName=LVHUI-PC ThreadId=14
[2026-05-15 13:24:31.313 INF] Request finished HTTP/1.1 GET http://localhost:5146/api/books?page=1&pageSize=10 - 200 null application/json; charset=utf-8 221.4287ms | MachineName=LVHUI-PC ThreadId=14
[2026-05-15 13:24:34.485 INF] Request starting HTTP/1.1 GET http://localhost:5146/api/books/d0000000-0000-0000-0000-000000000001/pdf - null null | MachineName=LVHUI-PC ThreadId=18
[2026-05-15 13:24:34.490 INF] Executing endpoint 'ExamSystem.API.Controllers.BooksController.GetPdf (ExamSystem.API)' | MachineName=LVHUI-PC ThreadId=18
[2026-05-15 13:24:34.497 INF] Route matched with {action = "GetPdf", controller = "Books"}. Executing controller action with signature System.Threading.Tasks.Task`1[Microsoft.AspNetCore.Mvc.IActionResult] GetPdf(System.Guid, System.Threading.CancellationToken) on controller ExamSystem.API.Controllers.BooksController (ExamSystem.API). | MachineName=LVHUI-PC ThreadId=18
[2026-05-15 13:24:34.570 INF] Executed DbCommand (62ms) [Parameters=[@__q_Id_0='?' (DbType = Guid), @__q_TenantId_1='?' (DbType = Guid)], CommandType='"Text"', CommandTimeout='30']
SELECT b.id, b.author, b.category, b.cover_image_url, b.created_at, b.description, b.file_size_bytes, b.is_active, b.isbn, b.page_count, b.pdf_file_path, b.publish_year, b.publisher, b.tags, b.tenant_id, b.title, b.updated_at, b.uploaded_by_id, b.uploaded_by_name
FROM books AS b
WHERE b.id = @__q_Id_0 AND b.tenant_id = @__q_TenantId_1
LIMIT 1 | MachineName=LVHUI-PC ThreadId=18
[2026-05-15 13:24:34.581 INF] Executing FileStreamResult, sending file with download name '' ... | MachineName=LVHUI-PC ThreadId=18
[2026-05-15 13:24:34.638 INF] Executed action ExamSystem.API.Controllers.BooksController.GetPdf (ExamSystem.API) in 137.7319ms | MachineName=LVHUI-PC ThreadId=13
[2026-05-15 13:24:34.642 INF] Executed endpoint 'ExamSystem.API.Controllers.BooksController.GetPdf (ExamSystem.API)' | MachineName=LVHUI-PC ThreadId=13
[2026-05-15 13:24:34.645 INF] HTTP GET /api/books/d0000000-0000-0000-0000-000000000001/pdf → 200 | 155ms | User=admin(admin) Role=SuperAdmin Tenant=00000000-0000-0000-0000-000000000001 IP=127.0.0.1 TraceId=0HNLI88LHGTAN:00000001 | MachineName=LVHUI-PC ThreadId=13
[2026-05-15 13:24:34.648 INF] Request finished HTTP/1.1 GET http://localhost:5146/api/books/d0000000-0000-0000-0000-000000000001/pdf - 200 15761160 application/pdf 163.3653ms | MachineName=LVHUI-PC ThreadId=13
[2026-05-15 13:24:49.835 INF] Application is shutting down... | MachineName=LVHUI-PC ThreadId=39
[2026-05-15 13:25:38.386 INF] ExamSystem API 启动成功，环境：Development | MachineName=LVHUI-PC ThreadId=1
[2026-05-15 13:25:38.414 INF] User profile is available. Using 'C:\Users\jeffz\AppData\Local\ASP.NET\DataProtection-Keys' as key repository and Windows DPAPI to encrypt keys at rest. | MachineName=LVHUI-PC ThreadId=1
[2026-05-15 13:25:38.455 INF] Now listening on: http://localhost:5146 | MachineName=LVHUI-PC ThreadId=1
[2026-05-15 13:25:38.459 INF] Application started. Press Ctrl+C to shut down. | MachineName=LVHUI-PC ThreadId=1
[2026-05-15 13:25:38.460 INF] Hosting environment: Development | MachineName=LVHUI-PC ThreadId=1
[2026-05-15 13:25:38.462 INF] Content root path: C:\Projects\exam-system\src\examsystem.api | MachineName=LVHUI-PC ThreadId=1
[2026-05-15 13:25:38.786 INF] Request starting HTTP/1.1 GET http://localhost:5146/api/books?page=1&pageSize=10 - null null | MachineName=LVHUI-PC ThreadId=11
[2026-05-15 13:25:38.786 INF] Request starting HTTP/1.1 GET http://localhost:5146/api/tenants?page=1&pageSize=200 - null null | MachineName=LVHUI-PC ThreadId=13
[2026-05-15 13:25:38.903 INF] Executing endpoint 'ExamSystem.API.Controllers.TenantsController.GetTenants (ExamSystem.API)' | MachineName=LVHUI-PC ThreadId=13
[2026-05-15 13:25:38.903 INF] Executing endpoint 'ExamSystem.API.Controllers.BooksController.GetBooks (ExamSystem.API)' | MachineName=LVHUI-PC ThreadId=11
[2026-05-15 13:25:38.920 INF] Route matched with {action = "GetBooks", controller = "Books"}. Executing controller action with signature System.Threading.Tasks.Task`1[Microsoft.AspNetCore.Mvc.IActionResult] GetBooks(System.String, System.String, System.String, System.Nullable`1[System.Boolean], Int32, Int32, System.Threading.CancellationToken) on controller ExamSystem.API.Controllers.BooksController (ExamSystem.API). | MachineName=LVHUI-PC ThreadId=11
[2026-05-15 13:25:38.920 INF] Route matched with {action = "GetTenants", controller = "Tenants"}. Executing controller action with signature System.Threading.Tasks.Task`1[Microsoft.AspNetCore.Mvc.IActionResult] GetTenants(Int32, Int32, System.Threading.CancellationToken) on controller ExamSystem.API.Controllers.TenantsController (ExamSystem.API). | MachineName=LVHUI-PC ThreadId=13
[2026-05-15 13:25:40.349 INF] Executed DbCommand (78ms) [Parameters=[], CommandType='"Text"', CommandTimeout='30']
SELECT count(*)::int
FROM books AS b | MachineName=LVHUI-PC ThreadId=13
[2026-05-15 13:25:40.351 INF] Executed DbCommand (83ms) [Parameters=[], CommandType='"Text"', CommandTimeout='30']
SELECT count(*)
FROM tenants AS t | MachineName=LVHUI-PC ThreadId=9
[2026-05-15 13:25:40.483 INF] Executed DbCommand (74ms) [Parameters=[@__p_1='?' (DbType = Int32), @__p_0='?' (DbType = Int32)], CommandType='"Text"', CommandTimeout='30']
SELECT t.id, t.name, t.schema_name, t.contact_email, t.is_active, t.ai_call_quota, t.ai_call_used, t.created_at
FROM tenants AS t
ORDER BY t.created_at DESC
LIMIT @__p_1 OFFSET @__p_0 | MachineName=LVHUI-PC ThreadId=13
[2026-05-15 13:25:40.490 INF] Executed DbCommand (77ms) [Parameters=[@__p_1='?' (DbType = Int32), @__p_0='?' (DbType = Int32)], CommandType='"Text"', CommandTimeout='30']
SELECT b.id, b.author, b.category, b.cover_image_url, b.created_at, b.description, b.file_size_bytes, b.is_active, b.isbn, b.page_count, b.pdf_file_path, b.publish_year, b.publisher, b.tags, b.tenant_id, b.title, b.updated_at, b.uploaded_by_id, b.uploaded_by_name
FROM books AS b
ORDER BY b.created_at DESC
LIMIT @__p_1 OFFSET @__p_0 | MachineName=LVHUI-PC ThreadId=11
[2026-05-15 13:25:40.513 INF] Executing OkObjectResult, writing value of type 'ExamSystem.Application.Common.Models.PaginatedResult`1[[ExamSystem.Application.Tenants.Queries.TenantDto, ExamSystem.Application, Version=1.0.0.0, Culture=neutral, PublicKeyToken=null]]'. | MachineName=LVHUI-PC ThreadId=13
[2026-05-15 13:25:40.540 INF] Executed action ExamSystem.API.Controllers.TenantsController.GetTenants (ExamSystem.API) in 1608.4367ms | MachineName=LVHUI-PC ThreadId=13
[2026-05-15 13:25:40.542 INF] Request starting HTTP/1.1 GET http://localhost:5146/api/tenants?page=1&pageSize=200 - null null | MachineName=LVHUI-PC ThreadId=7
[2026-05-15 13:25:40.546 INF] Executed endpoint 'ExamSystem.API.Controllers.TenantsController.GetTenants (ExamSystem.API)' | MachineName=LVHUI-PC ThreadId=13
[2026-05-15 13:25:40.553 INF] Executing OkObjectResult, writing value of type 'ExamSystem.Application.Common.Models.PaginatedResult`1[[ExamSystem.Application.Books.BookDto, ExamSystem.Application, Version=1.0.0.0, Culture=neutral, PublicKeyToken=null]]'. | MachineName=LVHUI-PC ThreadId=11
[2026-05-15 13:25:40.554 INF] Executing endpoint 'ExamSystem.API.Controllers.TenantsController.GetTenants (ExamSystem.API)' | MachineName=LVHUI-PC ThreadId=7
[2026-05-15 13:25:40.557 INF] HTTP GET /api/tenants?page=1&pageSize=200 → 200 | 1747ms | User=admin(admin) Role=SuperAdmin Tenant=- IP=127.0.0.1 TraceId=0HNLI89J5CLGJ:00000001 | MachineName=LVHUI-PC ThreadId=13
[2026-05-15 13:25:40.561 INF] Route matched with {action = "GetTenants", controller = "Tenants"}. Executing controller action with signature System.Threading.Tasks.Task`1[Microsoft.AspNetCore.Mvc.IActionResult] GetTenants(Int32, Int32, System.Threading.CancellationToken) on controller ExamSystem.API.Controllers.TenantsController (ExamSystem.API). | MachineName=LVHUI-PC ThreadId=7
[2026-05-15 13:25:40.564 INF] Executed action ExamSystem.API.Controllers.BooksController.GetBooks (ExamSystem.API) in 1638.5343ms | MachineName=LVHUI-PC ThreadId=11
[2026-05-15 13:25:40.568 INF] Request finished HTTP/1.1 GET http://localhost:5146/api/tenants?page=1&pageSize=200 - 200 null application/json; charset=utf-8 1782.1366ms | MachineName=LVHUI-PC ThreadId=13
[2026-05-15 13:25:40.571 INF] Executed endpoint 'ExamSystem.API.Controllers.BooksController.GetBooks (ExamSystem.API)' | MachineName=LVHUI-PC ThreadId=11
[2026-05-15 13:25:40.578 INF] HTTP GET /api/books?page=1&pageSize=10 → 200 | 1769ms | User=admin(admin) Role=SuperAdmin Tenant=- IP=127.0.0.1 TraceId=0HNLI89J5CLGI:00000001 | MachineName=LVHUI-PC ThreadId=11
[2026-05-15 13:25:40.581 INF] Request finished HTTP/1.1 GET http://localhost:5146/api/books?page=1&pageSize=10 - 200 null application/json; charset=utf-8 1795.4274ms | MachineName=LVHUI-PC ThreadId=11
[2026-05-15 13:25:40.677 INF] Executed DbCommand (69ms) [Parameters=[], CommandType='"Text"', CommandTimeout='30']
SELECT count(*)
FROM tenants AS t | MachineName=LVHUI-PC ThreadId=7
[2026-05-15 13:25:40.771 INF] Executed DbCommand (81ms) [Parameters=[@__p_1='?' (DbType = Int32), @__p_0='?' (DbType = Int32)], CommandType='"Text"', CommandTimeout='30']
SELECT t.id, t.name, t.schema_name, t.contact_email, t.is_active, t.ai_call_quota, t.ai_call_used, t.created_at
FROM tenants AS t
ORDER BY t.created_at DESC
LIMIT @__p_1 OFFSET @__p_0 | MachineName=LVHUI-PC ThreadId=7
[2026-05-15 13:25:40.778 INF] Executing OkObjectResult, writing value of type 'ExamSystem.Application.Common.Models.PaginatedResult`1[[ExamSystem.Application.Tenants.Queries.TenantDto, ExamSystem.Application, Version=1.0.0.0, Culture=neutral, PublicKeyToken=null]]'. | MachineName=LVHUI-PC ThreadId=7
[2026-05-15 13:25:40.784 INF] Executed action ExamSystem.API.Controllers.TenantsController.GetTenants (ExamSystem.API) in 216.1873ms | MachineName=LVHUI-PC ThreadId=7
[2026-05-15 13:25:40.792 INF] Executed endpoint 'ExamSystem.API.Controllers.TenantsController.GetTenants (ExamSystem.API)' | MachineName=LVHUI-PC ThreadId=7
[2026-05-15 13:25:40.796 INF] HTTP GET /api/tenants?page=1&pageSize=200 → 200 | 244ms | User=admin(admin) Role=SuperAdmin Tenant=- IP=127.0.0.1 TraceId=0HNLI89J5CLGK:00000001 | MachineName=LVHUI-PC ThreadId=7
[2026-05-15 13:25:40.800 INF] Request finished HTTP/1.1 GET http://localhost:5146/api/tenants?page=1&pageSize=200 - 200 null application/json; charset=utf-8 257.7771ms | MachineName=LVHUI-PC ThreadId=7
[2026-05-15 13:25:41.797 INF] Request starting HTTP/1.1 GET http://localhost:5146/api/tenants?page=1&pageSize=200 - null null | MachineName=LVHUI-PC ThreadId=11
[2026-05-15 13:25:41.797 INF] Request starting HTTP/1.1 GET http://localhost:5146/api/messages/inbox?page=1&pageSize=10 - null null | MachineName=LVHUI-PC ThreadId=14
[2026-05-15 13:25:41.802 INF] Executing endpoint 'ExamSystem.API.Controllers.TenantsController.GetTenants (ExamSystem.API)' | MachineName=LVHUI-PC ThreadId=11
[2026-05-15 13:25:41.807 INF] Executing endpoint 'ExamSystem.API.Controllers.MessagesController.GetInbox (ExamSystem.API)' | MachineName=LVHUI-PC ThreadId=14
[2026-05-15 13:25:41.811 INF] Route matched with {action = "GetTenants", controller = "Tenants"}. Executing controller action with signature System.Threading.Tasks.Task`1[Microsoft.AspNetCore.Mvc.IActionResult] GetTenants(Int32, Int32, System.Threading.CancellationToken) on controller ExamSystem.API.Controllers.TenantsController (ExamSystem.API). | MachineName=LVHUI-PC ThreadId=11
[2026-05-15 13:25:41.817 INF] Route matched with {action = "GetInbox", controller = "Messages"}. Executing controller action with signature System.Threading.Tasks.Task`1[Microsoft.AspNetCore.Mvc.IActionResult] GetInbox(Int32, Int32, System.Threading.CancellationToken) on controller ExamSystem.API.Controllers.MessagesController (ExamSystem.API). | MachineName=LVHUI-PC ThreadId=14
[2026-05-15 13:25:41.823 INF] Executing ObjectResult, writing value of type 'Microsoft.AspNetCore.Mvc.ProblemDetails'. | MachineName=LVHUI-PC ThreadId=14
[2026-05-15 13:25:41.833 INF] Executed action ExamSystem.API.Controllers.MessagesController.GetInbox (ExamSystem.API) in 10.8482ms | MachineName=LVHUI-PC ThreadId=14
[2026-05-15 13:25:41.836 INF] Executed endpoint 'ExamSystem.API.Controllers.MessagesController.GetInbox (ExamSystem.API)' | MachineName=LVHUI-PC ThreadId=14
[2026-05-15 13:25:41.838 WRN] HTTP GET /api/messages/inbox?page=1&pageSize=10 → 401 | 32ms | User=admin(admin) Role=SuperAdmin Tenant=- IP=127.0.0.1 TraceId=0HNLI89J5CLGL:00000001 | MachineName=LVHUI-PC ThreadId=14
[2026-05-15 13:25:41.841 INF] Request finished HTTP/1.1 GET http://localhost:5146/api/messages/inbox?page=1&pageSize=10 - 401 null application/json; charset=utf-8 44.3156ms | MachineName=LVHUI-PC ThreadId=14
[2026-05-15 13:25:41.890 INF] Executed DbCommand (69ms) [Parameters=[], CommandType='"Text"', CommandTimeout='30']
SELECT count(*)
FROM tenants AS t | MachineName=LVHUI-PC ThreadId=14
[2026-05-15 13:25:41.969 INF] Executed DbCommand (75ms) [Parameters=[@__p_1='?' (DbType = Int32), @__p_0='?' (DbType = Int32)], CommandType='"Text"', CommandTimeout='30']
SELECT t.id, t.name, t.schema_name, t.contact_email, t.is_active, t.ai_call_quota, t.ai_call_used, t.created_at
FROM tenants AS t
ORDER BY t.created_at DESC
LIMIT @__p_1 OFFSET @__p_0 | MachineName=LVHUI-PC ThreadId=14
[2026-05-15 13:25:41.977 INF] Executing OkObjectResult, writing value of type 'ExamSystem.Application.Common.Models.PaginatedResult`1[[ExamSystem.Application.Tenants.Queries.TenantDto, ExamSystem.Application, Version=1.0.0.0, Culture=neutral, PublicKeyToken=null]]'. | MachineName=LVHUI-PC ThreadId=14
[2026-05-15 13:25:41.984 INF] Executed action ExamSystem.API.Controllers.TenantsController.GetTenants (ExamSystem.API) in 165.4916ms | MachineName=LVHUI-PC ThreadId=14
[2026-05-15 13:25:41.990 INF] Executed endpoint 'ExamSystem.API.Controllers.TenantsController.GetTenants (ExamSystem.API)' | MachineName=LVHUI-PC ThreadId=14
[2026-05-15 13:25:41.991 INF] Request starting HTTP/1.1 GET http://localhost:5146/api/exam-papers?page=1&pageSize=1 - null null | MachineName=LVHUI-PC ThreadId=7
[2026-05-15 13:25:41.995 INF] HTTP GET /api/tenants?page=1&pageSize=200 → 200 | 193ms | User=admin(admin) Role=SuperAdmin Tenant=- IP=127.0.0.1 TraceId=0HNLI89J5CLGM:00000001 | MachineName=LVHUI-PC ThreadId=14
[2026-05-15 13:25:41.998 INF] Executing endpoint 'ExamSystem.API.Controllers.ExamPapersController.GetExamPapers (ExamSystem.API)' | MachineName=LVHUI-PC ThreadId=7
[2026-05-15 13:25:42.001 INF] Request finished HTTP/1.1 GET http://localhost:5146/api/tenants?page=1&pageSize=200 - 200 null application/json; charset=utf-8 204.2822ms | MachineName=LVHUI-PC ThreadId=14
[2026-05-15 13:25:42.007 INF] Route matched with {action = "GetExamPapers", controller = "ExamPapers"}. Executing controller action with signature System.Threading.Tasks.Task`1[Microsoft.AspNetCore.Mvc.IActionResult] GetExamPapers(Int32, Int32, System.Nullable`1[ExamSystem.Domain.Enums.ExamStatus], System.Threading.CancellationToken) on controller ExamSystem.API.Controllers.ExamPapersController (ExamSystem.API). | MachineName=LVHUI-PC ThreadId=7
[2026-05-15 13:25:42.085 INF] Executed DbCommand (70ms) [Parameters=[], CommandType='"Text"', CommandTimeout='30']
SELECT count(*)
FROM exam_papers AS e | MachineName=LVHUI-PC ThreadId=7
[2026-05-15 13:25:42.160 INF] Request starting HTTP/1.1 GET http://localhost:5146/api/exam-papers?page=1&pageSize=5 - null null | MachineName=LVHUI-PC ThreadId=7
[2026-05-15 13:25:42.160 INF] Request starting HTTP/1.1 GET http://localhost:5146/api/questions?page=1&pageSize=1 - null null | MachineName=LVHUI-PC ThreadId=9
[2026-05-15 13:25:42.166 INF] Executing endpoint 'ExamSystem.API.Controllers.ExamPapersController.GetExamPapers (ExamSystem.API)' | MachineName=LVHUI-PC ThreadId=7
[2026-05-15 13:25:42.173 WRN] HTTP GET /api/questions?page=1&pageSize=1 → 400 | 2ms | User=-(-) Role=- Tenant=- IP=127.0.0.1 TraceId=0HNLI89J5CLGO:00000001 | MachineName=LVHUI-PC ThreadId=9
[2026-05-15 13:25:42.174 INF] Route matched with {action = "GetExamPapers", controller = "ExamPapers"}. Executing controller action with signature System.Threading.Tasks.Task`1[Microsoft.AspNetCore.Mvc.IActionResult] GetExamPapers(Int32, Int32, System.Nullable`1[ExamSystem.Domain.Enums.ExamStatus], System.Threading.CancellationToken) on controller ExamSystem.API.Controllers.ExamPapersController (ExamSystem.API). | MachineName=LVHUI-PC ThreadId=7
[2026-05-15 13:25:42.179 INF] Request finished HTTP/1.1 GET http://localhost:5146/api/questions?page=1&pageSize=1 - 400 null application/json; charset=utf-8 18.6562ms | MachineName=LVHUI-PC ThreadId=9
[2026-05-15 13:25:42.183 INF] Request starting HTTP/1.1 GET http://localhost:5146/api/tenants?page=1&pageSize=1 - null null | MachineName=LVHUI-PC ThreadId=11
[2026-05-15 13:25:42.196 INF] Authorization failed. These requirements were not met:
RolesAuthorizationRequirement:User.IsInRole must be true for one of the following roles: (SuperAdmin) | MachineName=LVHUI-PC ThreadId=11
[2026-05-15 13:25:42.201 INF] AuthenticationScheme: Bearer was challenged. | MachineName=LVHUI-PC ThreadId=11
[2026-05-15 13:25:42.203 WRN] HTTP GET /api/tenants?page=1&pageSize=1 → 401 | 7ms | User=-(-) Role=- Tenant=- IP=127.0.0.1 TraceId=0HNLI89J5CLGQ:00000001 | MachineName=LVHUI-PC ThreadId=11
[2026-05-15 13:25:42.206 INF] Request finished HTTP/1.1 GET http://localhost:5146/api/tenants?page=1&pageSize=1 - 401 0 null 22.5656ms | MachineName=LVHUI-PC ThreadId=11
[2026-05-15 13:25:42.206 INF] Executed DbCommand (76ms) [Parameters=[@__p_1='?' (DbType = Int32), @__p_0='?' (DbType = Int32)], CommandType='"Text"', CommandTimeout='30']
SELECT e.id, e.title, e.description, e.total_score, e.duration_minutes, e.status, e.start_time, e.end_time, e.anti_cheating_enabled, (
    SELECT count(*)::int
    FROM exam_questions AS e0
    WHERE e.id = e0.exam_paper_id), e.created_at
FROM exam_papers AS e
ORDER BY e.created_at DESC
LIMIT @__p_1 OFFSET @__p_0 | MachineName=LVHUI-PC ThreadId=14
[2026-05-15 13:25:42.213 INF] Executing OkObjectResult, writing value of type 'ExamSystem.Application.Common.Models.PaginatedResult`1[[ExamSystem.Application.ExamPapers.Queries.ExamPaperDto, ExamSystem.Application, Version=1.0.0.0, Culture=neutral, PublicKeyToken=null]]'. | MachineName=LVHUI-PC ThreadId=14
[2026-05-15 13:25:42.223 INF] Executed action ExamSystem.API.Controllers.ExamPapersController.GetExamPapers (ExamSystem.API) in 212.888ms | MachineName=LVHUI-PC ThreadId=14
[2026-05-15 13:25:42.226 INF] Executed endpoint 'ExamSystem.API.Controllers.ExamPapersController.GetExamPapers (ExamSystem.API)' | MachineName=LVHUI-PC ThreadId=14
[2026-05-15 13:25:42.229 INF] HTTP GET /api/exam-papers?page=1&pageSize=1 → 200 | 230ms | User=-(-) Role=- Tenant=- IP=127.0.0.1 TraceId=0HNLI89J5CLGN:00000001 | MachineName=LVHUI-PC ThreadId=14
[2026-05-15 13:25:42.231 INF] Request finished HTTP/1.1 GET http://localhost:5146/api/exam-papers?page=1&pageSize=1 - 200 null application/json; charset=utf-8 240.4591ms | MachineName=LVHUI-PC ThreadId=14
[2026-05-15 13:25:42.261 INF] Executed DbCommand (73ms) [Parameters=[], CommandType='"Text"', CommandTimeout='30']
SELECT count(*)
FROM exam_papers AS e | MachineName=LVHUI-PC ThreadId=14
[2026-05-15 13:25:42.298 INF] Request starting HTTP/1.1 GET http://localhost:5146/api/users?page=1&pageSize=1 - null null | MachineName=LVHUI-PC ThreadId=17
[2026-05-15 13:25:42.304 INF] Authorization failed. These requirements were not met:
RolesAuthorizationRequirement:User.IsInRole must be true for one of the following roles: (SuperAdmin|Admin) | MachineName=LVHUI-PC ThreadId=17
[2026-05-15 13:25:42.308 INF] AuthenticationScheme: Bearer was challenged. | MachineName=LVHUI-PC ThreadId=17
[2026-05-15 13:25:42.312 WRN] HTTP GET /api/users?page=1&pageSize=1 → 401 | 9ms | User=-(-) Role=- Tenant=- IP=127.0.0.1 TraceId=0HNLI89J5CLGR:00000001 | MachineName=LVHUI-PC ThreadId=17
[2026-05-15 13:25:42.317 INF] Request finished HTTP/1.1 GET http://localhost:5146/api/users?page=1&pageSize=1 - 401 0 null 18.9908ms | MachineName=LVHUI-PC ThreadId=17
[2026-05-15 13:25:42.343 INF] Executed DbCommand (76ms) [Parameters=[@__p_1='?' (DbType = Int32), @__p_0='?' (DbType = Int32)], CommandType='"Text"', CommandTimeout='30']
SELECT e.id, e.title, e.description, e.total_score, e.duration_minutes, e.status, e.start_time, e.end_time, e.anti_cheating_enabled, (
    SELECT count(*)::int
    FROM exam_questions AS e0
    WHERE e.id = e0.exam_paper_id), e.created_at
FROM exam_papers AS e
ORDER BY e.created_at DESC
LIMIT @__p_1 OFFSET @__p_0 | MachineName=LVHUI-PC ThreadId=17
[2026-05-15 13:25:42.348 INF] Executing OkObjectResult, writing value of type 'ExamSystem.Application.Common.Models.PaginatedResult`1[[ExamSystem.Application.ExamPapers.Queries.ExamPaperDto, ExamSystem.Application, Version=1.0.0.0, Culture=neutral, PublicKeyToken=null]]'. | MachineName=LVHUI-PC ThreadId=17
[2026-05-15 13:25:42.352 INF] Executed action ExamSystem.API.Controllers.ExamPapersController.GetExamPapers (ExamSystem.API) in 167.0326ms | MachineName=LVHUI-PC ThreadId=17
[2026-05-15 13:25:42.356 INF] Executed endpoint 'ExamSystem.API.Controllers.ExamPapersController.GetExamPapers (ExamSystem.API)' | MachineName=LVHUI-PC ThreadId=17
[2026-05-15 13:25:42.359 INF] HTTP GET /api/exam-papers?page=1&pageSize=5 → 200 | 194ms | User=-(-) Role=- Tenant=- IP=127.0.0.1 TraceId=0HNLI89J5CLGP:00000001 | MachineName=LVHUI-PC ThreadId=17
[2026-05-15 13:25:42.364 INF] Request finished HTTP/1.1 GET http://localhost:5146/api/exam-papers?page=1&pageSize=5 - 200 null application/json; charset=utf-8 203.3715ms | MachineName=LVHUI-PC ThreadId=17
[2026-05-15 13:28:18.846 INF] Application is shutting down... | MachineName=LVHUI-PC ThreadId=15
[2026-05-15 13:28:51.756 INF] ExamSystem API 启动成功，环境：Development | MachineName=LVHUI-PC ThreadId=1
[2026-05-15 13:28:51.785 INF] User profile is available. Using 'C:\Users\jeffz\AppData\Local\ASP.NET\DataProtection-Keys' as key repository and Windows DPAPI to encrypt keys at rest. | MachineName=LVHUI-PC ThreadId=1
[2026-05-15 13:28:51.824 INF] Now listening on: http://localhost:5146 | MachineName=LVHUI-PC ThreadId=1
[2026-05-15 13:28:51.827 INF] Application started. Press Ctrl+C to shut down. | MachineName=LVHUI-PC ThreadId=1
[2026-05-15 13:28:51.829 INF] Hosting environment: Development | MachineName=LVHUI-PC ThreadId=1
[2026-05-15 13:28:51.831 INF] Content root path: C:\Projects\exam-system\src\examsystem.api | MachineName=LVHUI-PC ThreadId=1
[2026-05-15 13:29:00.588 INF] Request starting HTTP/1.1 GET http://localhost:5146/api/users?page=1&pageSize=20 - null null | MachineName=LVHUI-PC ThreadId=11
[2026-05-15 13:29:00.595 INF] Request starting HTTP/1.1 GET http://localhost:5146/api/tenants?page=1&pageSize=200 - null null | MachineName=LVHUI-PC ThreadId=7
[2026-05-15 13:29:00.676 INF] Authorization failed. These requirements were not met:
RolesAuthorizationRequirement:User.IsInRole must be true for one of the following roles: (SuperAdmin) | MachineName=LVHUI-PC ThreadId=7
[2026-05-15 13:29:00.676 INF] Authorization failed. These requirements were not met:
RolesAuthorizationRequirement:User.IsInRole must be true for one of the following roles: (SuperAdmin|Admin) | MachineName=LVHUI-PC ThreadId=11
[2026-05-15 13:29:00.682 INF] AuthenticationScheme: Bearer was challenged. | MachineName=LVHUI-PC ThreadId=7
[2026-05-15 13:29:00.685 INF] AuthenticationScheme: Bearer was challenged. | MachineName=LVHUI-PC ThreadId=11
[2026-05-15 13:29:00.691 WRN] HTTP GET /api/tenants?page=1&pageSize=200 → 401 | 77ms | User=-(-) Role=- Tenant=- IP=127.0.0.1 TraceId=0HNLI8BF9RFOQ:00000001 | MachineName=LVHUI-PC ThreadId=7
[2026-05-15 13:29:00.691 WRN] HTTP GET /api/users?page=1&pageSize=20 → 401 | 80ms | User=-(-) Role=- Tenant=- IP=127.0.0.1 TraceId=0HNLI8BF9RFOP:00000001 | MachineName=LVHUI-PC ThreadId=11
[2026-05-15 13:29:00.698 INF] Request finished HTTP/1.1 GET http://localhost:5146/api/tenants?page=1&pageSize=200 - 401 0 null 101.5235ms | MachineName=LVHUI-PC ThreadId=7
[2026-05-15 13:29:00.700 INF] Request finished HTTP/1.1 GET http://localhost:5146/api/users?page=1&pageSize=20 - 401 0 null 112.3213ms | MachineName=LVHUI-PC ThreadId=11
[2026-05-15 13:29:00.868 INF] Request starting HTTP/1.1 GET http://localhost:5146/api/exam-papers?page=1&pageSize=1 - null null | MachineName=LVHUI-PC ThreadId=7
[2026-05-15 13:29:00.876 INF] Executing endpoint 'ExamSystem.API.Controllers.ExamPapersController.GetExamPapers (ExamSystem.API)' | MachineName=LVHUI-PC ThreadId=7
[2026-05-15 13:29:00.890 INF] Route matched with {action = "GetExamPapers", controller = "ExamPapers"}. Executing controller action with signature System.Threading.Tasks.Task`1[Microsoft.AspNetCore.Mvc.IActionResult] GetExamPapers(Int32, Int32, System.Nullable`1[ExamSystem.Domain.Enums.ExamStatus], System.Threading.CancellationToken) on controller ExamSystem.API.Controllers.ExamPapersController (ExamSystem.API). | MachineName=LVHUI-PC ThreadId=7
[2026-05-15 13:29:01.034 INF] Request starting HTTP/1.1 GET http://localhost:5146/api/questions?page=1&pageSize=1 - null null | MachineName=LVHUI-PC ThreadId=11
[2026-05-15 13:29:01.047 WRN] HTTP GET /api/questions?page=1&pageSize=1 → 400 | 7ms | User=-(-) Role=- Tenant=- IP=127.0.0.1 TraceId=0HNLI8BF9RFOS:00000001 | MachineName=LVHUI-PC ThreadId=11
[2026-05-15 13:29:01.052 INF] Request finished HTTP/1.1 GET http://localhost:5146/api/questions?page=1&pageSize=1 - 400 null application/json; charset=utf-8 18.8093ms | MachineName=LVHUI-PC ThreadId=11
[2026-05-15 13:29:01.171 INF] Request starting HTTP/1.1 GET http://localhost:5146/api/exam-papers?page=1&pageSize=5 - null null | MachineName=LVHUI-PC ThreadId=11
[2026-05-15 13:29:01.171 INF] Request starting HTTP/1.1 GET http://localhost:5146/api/tenants?page=1&pageSize=1 - null null | MachineName=LVHUI-PC ThreadId=9
[2026-05-15 13:29:01.177 INF] Executing endpoint 'ExamSystem.API.Controllers.ExamPapersController.GetExamPapers (ExamSystem.API)' | MachineName=LVHUI-PC ThreadId=11
[2026-05-15 13:29:01.181 INF] Authorization failed. These requirements were not met:
RolesAuthorizationRequirement:User.IsInRole must be true for one of the following roles: (SuperAdmin) | MachineName=LVHUI-PC ThreadId=9
[2026-05-15 13:29:01.186 INF] Route matched with {action = "GetExamPapers", controller = "ExamPapers"}. Executing controller action with signature System.Threading.Tasks.Task`1[Microsoft.AspNetCore.Mvc.IActionResult] GetExamPapers(Int32, Int32, System.Nullable`1[ExamSystem.Domain.Enums.ExamStatus], System.Threading.CancellationToken) on controller ExamSystem.API.Controllers.ExamPapersController (ExamSystem.API). | MachineName=LVHUI-PC ThreadId=11
[2026-05-15 13:29:01.190 INF] AuthenticationScheme: Bearer was challenged. | MachineName=LVHUI-PC ThreadId=9
[2026-05-15 13:29:01.200 WRN] HTTP GET /api/tenants?page=1&pageSize=1 → 401 | 18ms | User=-(-) Role=- Tenant=- IP=127.0.0.1 TraceId=0HNLI8BF9RFOU:00000001 | MachineName=LVHUI-PC ThreadId=9
[2026-05-15 13:29:01.205 INF] Request finished HTTP/1.1 GET http://localhost:5146/api/tenants?page=1&pageSize=1 - 401 0 null 33.5ms | MachineName=LVHUI-PC ThreadId=9
[2026-05-15 13:29:01.370 INF] Request starting HTTP/1.1 GET http://localhost:5146/api/users?page=1&pageSize=1 - null null | MachineName=LVHUI-PC ThreadId=9
[2026-05-15 13:29:01.376 INF] Authorization failed. These requirements were not met:
RolesAuthorizationRequirement:User.IsInRole must be true for one of the following roles: (SuperAdmin|Admin) | MachineName=LVHUI-PC ThreadId=9
[2026-05-15 13:29:01.381 INF] AuthenticationScheme: Bearer was challenged. | MachineName=LVHUI-PC ThreadId=9
[2026-05-15 13:29:01.386 WRN] HTTP GET /api/users?page=1&pageSize=1 → 401 | 10ms | User=-(-) Role=- Tenant=- IP=127.0.0.1 TraceId=0HNLI8BF9RFOV:00000001 | MachineName=LVHUI-PC ThreadId=9
[2026-05-15 13:29:01.392 INF] Request finished HTTP/1.1 GET http://localhost:5146/api/users?page=1&pageSize=1 - 401 0 null 21.6285ms | MachineName=LVHUI-PC ThreadId=9
[2026-05-15 13:29:02.312 INF] Executed DbCommand (73ms) [Parameters=[], CommandType='"Text"', CommandTimeout='30']
SELECT count(*)
FROM exam_papers AS e | MachineName=LVHUI-PC ThreadId=7
[2026-05-15 13:29:02.312 INF] Executed DbCommand (76ms) [Parameters=[], CommandType='"Text"', CommandTimeout='30']
SELECT count(*)
FROM exam_papers AS e | MachineName=LVHUI-PC ThreadId=9
[2026-05-15 13:29:02.470 INF] Executed DbCommand (69ms) [Parameters=[@__p_1='?' (DbType = Int32), @__p_0='?' (DbType = Int32)], CommandType='"Text"', CommandTimeout='30']
SELECT e.id, e.title, e.description, e.total_score, e.duration_minutes, e.status, e.start_time, e.end_time, e.anti_cheating_enabled, (
    SELECT count(*)::int
    FROM exam_questions AS e0
    WHERE e.id = e0.exam_paper_id), e.created_at
FROM exam_papers AS e
ORDER BY e.created_at DESC
LIMIT @__p_1 OFFSET @__p_0 | MachineName=LVHUI-PC ThreadId=7
[2026-05-15 13:29:02.470 INF] Executed DbCommand (70ms) [Parameters=[@__p_1='?' (DbType = Int32), @__p_0='?' (DbType = Int32)], CommandType='"Text"', CommandTimeout='30']
SELECT e.id, e.title, e.description, e.total_score, e.duration_minutes, e.status, e.start_time, e.end_time, e.anti_cheating_enabled, (
    SELECT count(*)::int
    FROM exam_questions AS e0
    WHERE e.id = e0.exam_paper_id), e.created_at
FROM exam_papers AS e
ORDER BY e.created_at DESC
LIMIT @__p_1 OFFSET @__p_0 | MachineName=LVHUI-PC ThreadId=9
[2026-05-15 13:29:02.495 INF] Executing OkObjectResult, writing value of type 'ExamSystem.Application.Common.Models.PaginatedResult`1[[ExamSystem.Application.ExamPapers.Queries.ExamPaperDto, ExamSystem.Application, Version=1.0.0.0, Culture=neutral, PublicKeyToken=null]]'. | MachineName=LVHUI-PC ThreadId=9
[2026-05-15 13:29:02.495 INF] Executing OkObjectResult, writing value of type 'ExamSystem.Application.Common.Models.PaginatedResult`1[[ExamSystem.Application.ExamPapers.Queries.ExamPaperDto, ExamSystem.Application, Version=1.0.0.0, Culture=neutral, PublicKeyToken=null]]'. | MachineName=LVHUI-PC ThreadId=7
[2026-05-15 13:29:02.524 INF] Executed action ExamSystem.API.Controllers.ExamPapersController.GetExamPapers (ExamSystem.API) in 1326.1244ms | MachineName=LVHUI-PC ThreadId=9
[2026-05-15 13:29:02.524 INF] Executed action ExamSystem.API.Controllers.ExamPapersController.GetExamPapers (ExamSystem.API) in 1627.4483ms | MachineName=LVHUI-PC ThreadId=7
[2026-05-15 13:29:02.527 INF] Executed endpoint 'ExamSystem.API.Controllers.ExamPapersController.GetExamPapers (ExamSystem.API)' | MachineName=LVHUI-PC ThreadId=9
[2026-05-15 13:29:02.531 INF] Executed endpoint 'ExamSystem.API.Controllers.ExamPapersController.GetExamPapers (ExamSystem.API)' | MachineName=LVHUI-PC ThreadId=7
[2026-05-15 13:29:02.536 INF] HTTP GET /api/exam-papers?page=1&pageSize=5 → 200 | 1358ms | User=-(-) Role=- Tenant=- IP=127.0.0.1 TraceId=0HNLI8BF9RFOT:00000001 | MachineName=LVHUI-PC ThreadId=9
[2026-05-15 13:29:02.538 INF] HTTP GET /api/exam-papers?page=1&pageSize=1 → 200 | 1665ms | User=-(-) Role=- Tenant=- IP=127.0.0.1 TraceId=0HNLI8BF9RFOR:00000001 | MachineName=LVHUI-PC ThreadId=7
[2026-05-15 13:29:02.544 INF] Request finished HTTP/1.1 GET http://localhost:5146/api/exam-papers?page=1&pageSize=5 - 200 null application/json; charset=utf-8 1373.3155ms | MachineName=LVHUI-PC ThreadId=9
[2026-05-15 13:29:02.547 INF] Request finished HTTP/1.1 GET http://localhost:5146/api/exam-papers?page=1&pageSize=1 - 200 null application/json; charset=utf-8 1678.0534ms | MachineName=LVHUI-PC ThreadId=7
[2026-05-15 13:29:05.097 INF] Request starting HTTP/1.1 POST http://localhost:5146/api/auth/login - application/json 46 | MachineName=LVHUI-PC ThreadId=7
[2026-05-15 13:29:05.103 INF] Executing endpoint 'ExamSystem.API.Controllers.AuthController.Login (ExamSystem.API)' | MachineName=LVHUI-PC ThreadId=7
[2026-05-15 13:29:05.111 INF] Route matched with {action = "Login", controller = "Auth"}. Executing controller action with signature System.Threading.Tasks.Task`1[Microsoft.AspNetCore.Mvc.IActionResult] Login(ExamSystem.API.Controllers.LoginRequest, System.Threading.CancellationToken) on controller ExamSystem.API.Controllers.AuthController (ExamSystem.API). | MachineName=LVHUI-PC ThreadId=7
[2026-05-15 13:29:11.163 WRN] Redis 不可用，已启用内存缓存降级模式。 | MachineName=LVHUI-PC ThreadId=7
[2026-05-15 13:29:11.316 INF] Executed DbCommand (64ms) [Parameters=[@__command_Username_0='?'], CommandType='"Text"', CommandTimeout='30']
SELECT u.id, u.created_at, u.email, u.is_active, u.last_login_at, u.password_hash, u.role, u.tenant_id, u.updated_at, u.username
FROM users AS u
WHERE u.username = @__command_Username_0 AND u.is_active
LIMIT 1 | MachineName=LVHUI-PC ThreadId=7
[2026-05-15 13:29:11.382 INF] Executing OkObjectResult, writing value of type 'ExamSystem.Application.Auth.Commands.LoginResult'. | MachineName=LVHUI-PC ThreadId=7
[2026-05-15 13:29:11.387 INF] Executed action ExamSystem.API.Controllers.AuthController.Login (ExamSystem.API) in 6269.2841ms | MachineName=LVHUI-PC ThreadId=7
[2026-05-15 13:29:11.391 INF] Executed endpoint 'ExamSystem.API.Controllers.AuthController.Login (ExamSystem.API)' | MachineName=LVHUI-PC ThreadId=7
[2026-05-15 13:29:11.396 INF] HTTP POST /api/auth/login → 200 | 6293ms | User=-(-) Role=- Tenant=- IP=127.0.0.1 TraceId=0HNLI8BF9RFP0:00000001 | MachineName=LVHUI-PC ThreadId=7
[2026-05-15 13:29:11.400 INF] Request finished HTTP/1.1 POST http://localhost:5146/api/auth/login - 200 null application/json; charset=utf-8 6303.153ms | MachineName=LVHUI-PC ThreadId=7
[2026-05-15 13:29:11.430 INF] Request starting HTTP/1.1 GET http://localhost:5146/api/tenants?page=1&pageSize=200 - null null | MachineName=LVHUI-PC ThreadId=7
[2026-05-15 13:29:11.462 INF] Executing endpoint 'ExamSystem.API.Controllers.TenantsController.GetTenants (ExamSystem.API)' | MachineName=LVHUI-PC ThreadId=7
[2026-05-15 13:29:11.466 INF] Route matched with {action = "GetTenants", controller = "Tenants"}. Executing controller action with signature System.Threading.Tasks.Task`1[Microsoft.AspNetCore.Mvc.IActionResult] GetTenants(Int32, Int32, System.Threading.CancellationToken) on controller ExamSystem.API.Controllers.TenantsController (ExamSystem.API). | MachineName=LVHUI-PC ThreadId=7
[2026-05-15 13:29:11.537 INF] Executed DbCommand (65ms) [Parameters=[], CommandType='"Text"', CommandTimeout='30']
SELECT count(*)
FROM tenants AS t | MachineName=LVHUI-PC ThreadId=7
[2026-05-15 13:29:11.610 INF] Executed DbCommand (63ms) [Parameters=[@__p_1='?' (DbType = Int32), @__p_0='?' (DbType = Int32)], CommandType='"Text"', CommandTimeout='30']
SELECT t.id, t.name, t.schema_name, t.contact_email, t.is_active, t.ai_call_quota, t.ai_call_used, t.created_at
FROM tenants AS t
ORDER BY t.created_at DESC
LIMIT @__p_1 OFFSET @__p_0 | MachineName=LVHUI-PC ThreadId=7
[2026-05-15 13:29:11.616 INF] Executing OkObjectResult, writing value of type 'ExamSystem.Application.Common.Models.PaginatedResult`1[[ExamSystem.Application.Tenants.Queries.TenantDto, ExamSystem.Application, Version=1.0.0.0, Culture=neutral, PublicKeyToken=null]]'. | MachineName=LVHUI-PC ThreadId=7
[2026-05-15 13:29:11.624 INF] Executed action ExamSystem.API.Controllers.TenantsController.GetTenants (ExamSystem.API) in 155.277ms | MachineName=LVHUI-PC ThreadId=7
[2026-05-15 13:29:11.629 INF] Executed endpoint 'ExamSystem.API.Controllers.TenantsController.GetTenants (ExamSystem.API)' | MachineName=LVHUI-PC ThreadId=7
[2026-05-15 13:29:11.634 INF] HTTP GET /api/tenants?page=1&pageSize=200 → 200 | 198ms | User=admin(admin) Role=SuperAdmin Tenant=- IP=127.0.0.1 TraceId=0HNLI8BF9RFP1:00000001 | MachineName=LVHUI-PC ThreadId=7
[2026-05-15 13:29:11.639 INF] Request finished HTTP/1.1 GET http://localhost:5146/api/tenants?page=1&pageSize=200 - 200 null application/json; charset=utf-8 208.705ms | MachineName=LVHUI-PC ThreadId=7
[2026-05-15 13:29:11.748 INF] Request starting HTTP/1.1 GET http://localhost:5146/api/questions?page=1&pageSize=1 - null null | MachineName=LVHUI-PC ThreadId=31
[2026-05-15 13:29:11.748 INF] Request starting HTTP/1.1 GET http://localhost:5146/api/exam-papers?page=1&pageSize=1 - null null | MachineName=LVHUI-PC ThreadId=13
[2026-05-15 13:29:11.748 INF] Request starting HTTP/1.1 GET http://localhost:5146/api/exam-papers?page=1&pageSize=5 - null null | MachineName=LVHUI-PC ThreadId=7
[2026-05-15 13:29:11.758 INF] Executing endpoint 'ExamSystem.API.Controllers.QuestionsController.GetQuestions (ExamSystem.API)' | MachineName=LVHUI-PC ThreadId=31
[2026-05-15 13:29:11.764 INF] Executing endpoint 'ExamSystem.API.Controllers.ExamPapersController.GetExamPapers (ExamSystem.API)' | MachineName=LVHUI-PC ThreadId=13
[2026-05-15 13:29:11.771 INF] Executing endpoint 'ExamSystem.API.Controllers.ExamPapersController.GetExamPapers (ExamSystem.API)' | MachineName=LVHUI-PC ThreadId=7
[2026-05-15 13:29:11.778 INF] Route matched with {action = "GetExamPapers", controller = "ExamPapers"}. Executing controller action with signature System.Threading.Tasks.Task`1[Microsoft.AspNetCore.Mvc.IActionResult] GetExamPapers(Int32, Int32, System.Nullable`1[ExamSystem.Domain.Enums.ExamStatus], System.Threading.CancellationToken) on controller ExamSystem.API.Controllers.ExamPapersController (ExamSystem.API). | MachineName=LVHUI-PC ThreadId=13
[2026-05-15 13:29:11.779 INF] Route matched with {action = "GetQuestions", controller = "Questions"}. Executing controller action with signature System.Threading.Tasks.Task`1[Microsoft.AspNetCore.Mvc.IActionResult] GetQuestions(Int32, Int32, System.Nullable`1[ExamSystem.Domain.Enums.QuestionType], System.Nullable`1[System.Int32], System.String, System.Threading.CancellationToken) on controller ExamSystem.API.Controllers.QuestionsController (ExamSystem.API). | MachineName=LVHUI-PC ThreadId=31
[2026-05-15 13:29:11.782 INF] Route matched with {action = "GetExamPapers", controller = "ExamPapers"}. Executing controller action with signature System.Threading.Tasks.Task`1[Microsoft.AspNetCore.Mvc.IActionResult] GetExamPapers(Int32, Int32, System.Nullable`1[ExamSystem.Domain.Enums.ExamStatus], System.Threading.CancellationToken) on controller ExamSystem.API.Controllers.ExamPapersController (ExamSystem.API). | MachineName=LVHUI-PC ThreadId=7
[2026-05-15 13:29:11.854 INF] Executed DbCommand (65ms) [Parameters=[], CommandType='"Text"', CommandTimeout='30']
SELECT count(*)
FROM exam_papers AS e | MachineName=LVHUI-PC ThreadId=31
[2026-05-15 13:29:11.858 INF] Executed DbCommand (63ms) [Parameters=[], CommandType='"Text"', CommandTimeout='30']
SELECT count(*)
FROM exam_papers AS e | MachineName=LVHUI-PC ThreadId=13
[2026-05-15 13:29:11.927 INF] Executed DbCommand (65ms) [Parameters=[@__p_1='?' (DbType = Int32), @__p_0='?' (DbType = Int32)], CommandType='"Text"', CommandTimeout='30']
SELECT e.id, e.title, e.description, e.total_score, e.duration_minutes, e.status, e.start_time, e.end_time, e.anti_cheating_enabled, (
    SELECT count(*)::int
    FROM exam_questions AS e0
    WHERE e.id = e0.exam_paper_id), e.created_at
FROM exam_papers AS e
ORDER BY e.created_at DESC
LIMIT @__p_1 OFFSET @__p_0 | MachineName=LVHUI-PC ThreadId=13
[2026-05-15 13:29:11.932 INF] Executed DbCommand (64ms) [Parameters=[@__p_1='?' (DbType = Int32), @__p_0='?' (DbType = Int32)], CommandType='"Text"', CommandTimeout='30']
SELECT e.id, e.title, e.description, e.total_score, e.duration_minutes, e.status, e.start_time, e.end_time, e.anti_cheating_enabled, (
    SELECT count(*)::int
    FROM exam_questions AS e0
    WHERE e.id = e0.exam_paper_id), e.created_at
FROM exam_papers AS e
ORDER BY e.created_at DESC
LIMIT @__p_1 OFFSET @__p_0 | MachineName=LVHUI-PC ThreadId=31
[2026-05-15 13:29:11.934 INF] Executing OkObjectResult, writing value of type 'ExamSystem.Application.Common.Models.PaginatedResult`1[[ExamSystem.Application.ExamPapers.Queries.ExamPaperDto, ExamSystem.Application, Version=1.0.0.0, Culture=neutral, PublicKeyToken=null]]'. | MachineName=LVHUI-PC ThreadId=13
[2026-05-15 13:29:11.939 INF] Executing OkObjectResult, writing value of type 'ExamSystem.Application.Common.Models.PaginatedResult`1[[ExamSystem.Application.ExamPapers.Queries.ExamPaperDto, ExamSystem.Application, Version=1.0.0.0, Culture=neutral, PublicKeyToken=null]]'. | MachineName=LVHUI-PC ThreadId=31
[2026-05-15 13:29:11.944 INF] Executed action ExamSystem.API.Controllers.ExamPapersController.GetExamPapers (ExamSystem.API) in 157.4539ms | MachineName=LVHUI-PC ThreadId=13
[2026-05-15 13:29:11.949 INF] Executed action ExamSystem.API.Controllers.ExamPapersController.GetExamPapers (ExamSystem.API) in 154.8278ms | MachineName=LVHUI-PC ThreadId=31
[2026-05-15 13:29:11.953 INF] Executed endpoint 'ExamSystem.API.Controllers.ExamPapersController.GetExamPapers (ExamSystem.API)' | MachineName=LVHUI-PC ThreadId=13
[2026-05-15 13:29:11.956 INF] Executed endpoint 'ExamSystem.API.Controllers.ExamPapersController.GetExamPapers (ExamSystem.API)' | MachineName=LVHUI-PC ThreadId=31
[2026-05-15 13:29:11.958 INF] HTTP GET /api/exam-papers?page=1&pageSize=1 → 200 | 195ms | User=admin(admin) Role=SuperAdmin Tenant=- IP=127.0.0.1 TraceId=0HNLI8BF9RFP2:00000001 | MachineName=LVHUI-PC ThreadId=13
[2026-05-15 13:29:11.962 INF] HTTP GET /api/exam-papers?page=1&pageSize=5 → 200 | 191ms | User=admin(admin) Role=SuperAdmin Tenant=- IP=127.0.0.1 TraceId=0HNLI8BF9RFP4:00000001 | MachineName=LVHUI-PC ThreadId=31
[2026-05-15 13:29:11.966 INF] Request finished HTTP/1.1 GET http://localhost:5146/api/exam-papers?page=1&pageSize=1 - 200 null application/json; charset=utf-8 217.6516ms | MachineName=LVHUI-PC ThreadId=13
[2026-05-15 13:29:11.969 INF] Request finished HTTP/1.1 GET http://localhost:5146/api/exam-papers?page=1&pageSize=5 - 200 null application/json; charset=utf-8 220.5507ms | MachineName=LVHUI-PC ThreadId=31
[2026-05-15 13:29:12.507 INF] Executed DbCommand (77ms) [Parameters=[], CommandType='"Text"', CommandTimeout='30']
SELECT count(*)
FROM questions AS q
WHERE q.is_active | MachineName=LVHUI-PC ThreadId=13
[2026-05-15 13:29:12.583 INF] Executed DbCommand (66ms) [Parameters=[@__p_1='?' (DbType = Int32), @__p_0='?' (DbType = Int32)], CommandType='"Text"', CommandTimeout='30']
SELECT q.id, q.type, q.content, q.knowledge_point, q.difficulty, q.is_ai_generated, q.created_at
FROM questions AS q
WHERE q.is_active
ORDER BY q.created_at DESC
LIMIT @__p_1 OFFSET @__p_0 | MachineName=LVHUI-PC ThreadId=13
[2026-05-15 13:29:12.593 INF] Executing OkObjectResult, writing value of type 'ExamSystem.Application.Common.Models.PaginatedResult`1[[ExamSystem.Application.Questions.Queries.QuestionDto, ExamSystem.Application, Version=1.0.0.0, Culture=neutral, PublicKeyToken=null]]'. | MachineName=LVHUI-PC ThreadId=13
[2026-05-15 13:29:12.599 INF] Executed action ExamSystem.API.Controllers.QuestionsController.GetQuestions (ExamSystem.API) in 808.3789ms | MachineName=LVHUI-PC ThreadId=13
[2026-05-15 13:29:12.603 INF] Executed endpoint 'ExamSystem.API.Controllers.QuestionsController.GetQuestions (ExamSystem.API)' | MachineName=LVHUI-PC ThreadId=13
[2026-05-15 13:29:12.606 INF] HTTP GET /api/questions?page=1&pageSize=1 → 200 | 850ms | User=admin(admin) Role=SuperAdmin Tenant=- IP=127.0.0.1 TraceId=0HNLI8BF9RFP3:00000001 | MachineName=LVHUI-PC ThreadId=13
[2026-05-15 13:29:12.611 INF] Request finished HTTP/1.1 GET http://localhost:5146/api/questions?page=1&pageSize=1 - 200 null application/json; charset=utf-8 862.6631ms | MachineName=LVHUI-PC ThreadId=13
[2026-05-15 13:29:12.615 INF] Request starting HTTP/1.1 GET http://localhost:5146/api/tenants?page=1&pageSize=1 - null null | MachineName=LVHUI-PC ThreadId=9
[2026-05-15 13:29:12.621 INF] Executing endpoint 'ExamSystem.API.Controllers.TenantsController.GetTenants (ExamSystem.API)' | MachineName=LVHUI-PC ThreadId=9
[2026-05-15 13:29:12.624 INF] Route matched with {action = "GetTenants", controller = "Tenants"}. Executing controller action with signature System.Threading.Tasks.Task`1[Microsoft.AspNetCore.Mvc.IActionResult] GetTenants(Int32, Int32, System.Threading.CancellationToken) on controller ExamSystem.API.Controllers.TenantsController (ExamSystem.API). | MachineName=LVHUI-PC ThreadId=9
[2026-05-15 13:29:12.693 INF] Executed DbCommand (64ms) [Parameters=[], CommandType='"Text"', CommandTimeout='30']
SELECT count(*)
FROM tenants AS t | MachineName=LVHUI-PC ThreadId=9
[2026-05-15 13:29:12.776 INF] Executed DbCommand (76ms) [Parameters=[@__p_1='?' (DbType = Int32), @__p_0='?' (DbType = Int32)], CommandType='"Text"', CommandTimeout='30']
SELECT t.id, t.name, t.schema_name, t.contact_email, t.is_active, t.ai_call_quota, t.ai_call_used, t.created_at
FROM tenants AS t
ORDER BY t.created_at DESC
LIMIT @__p_1 OFFSET @__p_0 | MachineName=LVHUI-PC ThreadId=9
[2026-05-15 13:29:12.782 INF] Executing OkObjectResult, writing value of type 'ExamSystem.Application.Common.Models.PaginatedResult`1[[ExamSystem.Application.Tenants.Queries.TenantDto, ExamSystem.Application, Version=1.0.0.0, Culture=neutral, PublicKeyToken=null]]'. | MachineName=LVHUI-PC ThreadId=9
[2026-05-15 13:29:12.786 INF] Executed action ExamSystem.API.Controllers.TenantsController.GetTenants (ExamSystem.API) in 158.4859ms | MachineName=LVHUI-PC ThreadId=9
[2026-05-15 13:29:12.791 INF] Executed endpoint 'ExamSystem.API.Controllers.TenantsController.GetTenants (ExamSystem.API)' | MachineName=LVHUI-PC ThreadId=9
[2026-05-15 13:29:12.796 INF] HTTP GET /api/tenants?page=1&pageSize=1 → 200 | 175ms | User=admin(admin) Role=SuperAdmin Tenant=- IP=127.0.0.1 TraceId=0HNLI8BF9RFP5:00000001 | MachineName=LVHUI-PC ThreadId=9
[2026-05-15 13:29:12.802 INF] Request finished HTTP/1.1 GET http://localhost:5146/api/tenants?page=1&pageSize=1 - 200 null application/json; charset=utf-8 187.503ms | MachineName=LVHUI-PC ThreadId=9
[2026-05-15 13:29:12.917 INF] Request starting HTTP/1.1 GET http://localhost:5146/api/users?page=1&pageSize=1 - null null | MachineName=LVHUI-PC ThreadId=31
[2026-05-15 13:29:12.922 INF] Executing endpoint 'ExamSystem.API.Controllers.UsersController.GetUsers (ExamSystem.API)' | MachineName=LVHUI-PC ThreadId=31
[2026-05-15 13:29:12.929 INF] Route matched with {action = "GetUsers", controller = "Users"}. Executing controller action with signature System.Threading.Tasks.Task`1[Microsoft.AspNetCore.Mvc.IActionResult] GetUsers(System.Nullable`1[System.Guid], System.Nullable`1[ExamSystem.Domain.Enums.UserRole], System.Nullable`1[System.Boolean], System.String, Int32, Int32, System.Threading.CancellationToken) on controller ExamSystem.API.Controllers.UsersController (ExamSystem.API). | MachineName=LVHUI-PC ThreadId=31
[2026-05-15 13:29:13.008 INF] Executed DbCommand (66ms) [Parameters=[], CommandType='"Text"', CommandTimeout='30']
SELECT count(*)
FROM users AS u | MachineName=LVHUI-PC ThreadId=31
[2026-05-15 13:29:13.096 INF] Executed DbCommand (64ms) [Parameters=[@__p_1='?' (DbType = Int32), @__p_0='?' (DbType = Int32)], CommandType='"Text"', CommandTimeout='30']
SELECT t.id, t.tenant_id, t0.name, t.username, t.email, t.role, t.is_active, t.last_login_at, t.created_at
FROM (
    SELECT u.id, u.created_at, u.email, u.is_active, u.last_login_at, u.role, u.tenant_id, u.username
    FROM users AS u
    ORDER BY u.created_at DESC
    LIMIT @__p_1 OFFSET @__p_0
) AS t
LEFT JOIN tenants AS t0 ON t.tenant_id = t0.id
ORDER BY t.created_at DESC | MachineName=LVHUI-PC ThreadId=31
[2026-05-15 13:29:13.100 INF] Executing OkObjectResult, writing value of type 'ExamSystem.Application.Common.Models.PaginatedResult`1[[ExamSystem.Application.Users.Queries.UserDto, ExamSystem.Application, Version=1.0.0.0, Culture=neutral, PublicKeyToken=null]]'. | MachineName=LVHUI-PC ThreadId=31
[2026-05-15 13:29:13.109 INF] Executed action ExamSystem.API.Controllers.UsersController.GetUsers (ExamSystem.API) in 173.7276ms | MachineName=LVHUI-PC ThreadId=31
[2026-05-15 13:29:13.112 INF] Executed endpoint 'ExamSystem.API.Controllers.UsersController.GetUsers (ExamSystem.API)' | MachineName=LVHUI-PC ThreadId=31
[2026-05-15 13:29:13.115 INF] HTTP GET /api/users?page=1&pageSize=1 → 200 | 193ms | User=admin(admin) Role=SuperAdmin Tenant=- IP=127.0.0.1 TraceId=0HNLI8BF9RFP6:00000001 | MachineName=LVHUI-PC ThreadId=31
[2026-05-15 13:29:13.118 INF] Request finished HTTP/1.1 GET http://localhost:5146/api/users?page=1&pageSize=1 - 200 null application/json; charset=utf-8 200.586ms | MachineName=LVHUI-PC ThreadId=31
[2026-05-15 13:29:17.862 INF] Request starting HTTP/1.1 GET http://localhost:5146/api/books?page=1&pageSize=10 - null null | MachineName=LVHUI-PC ThreadId=31
[2026-05-15 13:29:17.862 INF] Request starting HTTP/1.1 GET http://localhost:5146/api/tenants?page=1&pageSize=200 - null null | MachineName=LVHUI-PC ThreadId=13
[2026-05-15 13:29:17.868 INF] Executing endpoint 'ExamSystem.API.Controllers.BooksController.GetBooks (ExamSystem.API)' | MachineName=LVHUI-PC ThreadId=31
[2026-05-15 13:29:17.874 INF] Executing endpoint 'ExamSystem.API.Controllers.TenantsController.GetTenants (ExamSystem.API)' | MachineName=LVHUI-PC ThreadId=13
[2026-05-15 13:29:17.881 INF] Route matched with {action = "GetTenants", controller = "Tenants"}. Executing controller action with signature System.Threading.Tasks.Task`1[Microsoft.AspNetCore.Mvc.IActionResult] GetTenants(Int32, Int32, System.Threading.CancellationToken) on controller ExamSystem.API.Controllers.TenantsController (ExamSystem.API). | MachineName=LVHUI-PC ThreadId=13
[2026-05-15 13:29:17.881 INF] Route matched with {action = "GetBooks", controller = "Books"}. Executing controller action with signature System.Threading.Tasks.Task`1[Microsoft.AspNetCore.Mvc.IActionResult] GetBooks(System.String, System.String, System.String, System.Nullable`1[System.Boolean], Int32, Int32, System.Threading.CancellationToken) on controller ExamSystem.API.Controllers.BooksController (ExamSystem.API). | MachineName=LVHUI-PC ThreadId=31
[2026-05-15 13:29:17.962 INF] Executed DbCommand (66ms) [Parameters=[], CommandType='"Text"', CommandTimeout='30']
SELECT count(*)::int
FROM books AS b | MachineName=LVHUI-PC ThreadId=31
[2026-05-15 13:29:17.963 INF] Executed DbCommand (75ms) [Parameters=[], CommandType='"Text"', CommandTimeout='30']
SELECT count(*)
FROM tenants AS t | MachineName=LVHUI-PC ThreadId=13
[2026-05-15 13:29:18.041 INF] Executed DbCommand (64ms) [Parameters=[@__p_1='?' (DbType = Int32), @__p_0='?' (DbType = Int32)], CommandType='"Text"', CommandTimeout='30']
SELECT t.id, t.name, t.schema_name, t.contact_email, t.is_active, t.ai_call_quota, t.ai_call_used, t.created_at
FROM tenants AS t
ORDER BY t.created_at DESC
LIMIT @__p_1 OFFSET @__p_0 | MachineName=LVHUI-PC ThreadId=31
[2026-05-15 13:29:18.045 INF] Executing OkObjectResult, writing value of type 'ExamSystem.Application.Common.Models.PaginatedResult`1[[ExamSystem.Application.Tenants.Queries.TenantDto, ExamSystem.Application, Version=1.0.0.0, Culture=neutral, PublicKeyToken=null]]'. | MachineName=LVHUI-PC ThreadId=31
[2026-05-15 13:29:18.046 INF] Executed DbCommand (65ms) [Parameters=[@__p_1='?' (DbType = Int32), @__p_0='?' (DbType = Int32)], CommandType='"Text"', CommandTimeout='30']
SELECT b.id, b.author, b.category, b.cover_image_url, b.created_at, b.description, b.file_size_bytes, b.is_active, b.isbn, b.page_count, b.pdf_file_path, b.publish_year, b.publisher, b.tags, b.tenant_id, b.title, b.updated_at, b.uploaded_by_id, b.uploaded_by_name
FROM books AS b
ORDER BY b.created_at DESC
LIMIT @__p_1 OFFSET @__p_0 | MachineName=LVHUI-PC ThreadId=13
[2026-05-15 13:29:18.051 INF] Executed action ExamSystem.API.Controllers.TenantsController.GetTenants (ExamSystem.API) in 165.124ms | MachineName=LVHUI-PC ThreadId=31
[2026-05-15 13:29:18.060 INF] Executed endpoint 'ExamSystem.API.Controllers.TenantsController.GetTenants (ExamSystem.API)' | MachineName=LVHUI-PC ThreadId=31
[2026-05-15 13:29:18.063 INF] HTTP GET /api/tenants?page=1&pageSize=200 → 200 | 190ms | User=admin(admin) Role=SuperAdmin Tenant=- IP=127.0.0.1 TraceId=0HNLI8BF9RFP8:00000001 | MachineName=LVHUI-PC ThreadId=31
[2026-05-15 13:29:18.067 INF] Request finished HTTP/1.1 GET http://localhost:5146/api/tenants?page=1&pageSize=200 - 200 null application/json; charset=utf-8 205.5096ms | MachineName=LVHUI-PC ThreadId=31
[2026-05-15 13:29:18.097 INF] Executing OkObjectResult, writing value of type 'ExamSystem.Application.Common.Models.PaginatedResult`1[[ExamSystem.Application.Books.BookDto, ExamSystem.Application, Version=1.0.0.0, Culture=neutral, PublicKeyToken=null]]'. | MachineName=LVHUI-PC ThreadId=13
[2026-05-15 13:29:18.105 INF] Executed action ExamSystem.API.Controllers.BooksController.GetBooks (ExamSystem.API) in 216.5509ms | MachineName=LVHUI-PC ThreadId=13
[2026-05-15 13:29:18.108 INF] Executed endpoint 'ExamSystem.API.Controllers.BooksController.GetBooks (ExamSystem.API)' | MachineName=LVHUI-PC ThreadId=13
[2026-05-15 13:29:18.111 INF] HTTP GET /api/books?page=1&pageSize=10 → 200 | 244ms | User=admin(admin) Role=SuperAdmin Tenant=- IP=127.0.0.1 TraceId=0HNLI8BF9RFP7:00000001 | MachineName=LVHUI-PC ThreadId=13
[2026-05-15 13:29:18.114 INF] Request finished HTTP/1.1 GET http://localhost:5146/api/books?page=1&pageSize=10 - 200 null application/json; charset=utf-8 252.4715ms | MachineName=LVHUI-PC ThreadId=13
[2026-05-15 13:29:23.679 INF] Request starting HTTP/1.1 GET http://localhost:5146/api/questions?page=1&pageSize=20 - null null | MachineName=LVHUI-PC ThreadId=9
[2026-05-15 13:29:23.691 INF] Executing endpoint 'ExamSystem.API.Controllers.QuestionsController.GetQuestions (ExamSystem.API)' | MachineName=LVHUI-PC ThreadId=9
[2026-05-15 13:29:23.698 INF] Route matched with {action = "GetQuestions", controller = "Questions"}. Executing controller action with signature System.Threading.Tasks.Task`1[Microsoft.AspNetCore.Mvc.IActionResult] GetQuestions(Int32, Int32, System.Nullable`1[ExamSystem.Domain.Enums.QuestionType], System.Nullable`1[System.Int32], System.String, System.Threading.CancellationToken) on controller ExamSystem.API.Controllers.QuestionsController (ExamSystem.API). | MachineName=LVHUI-PC ThreadId=9
[2026-05-15 13:29:23.780 INF] Executed DbCommand (75ms) [Parameters=[], CommandType='"Text"', CommandTimeout='30']
SELECT count(*)
FROM questions AS q
WHERE q.is_active | MachineName=LVHUI-PC ThreadId=9
[2026-05-15 13:29:23.847 INF] Executed DbCommand (64ms) [Parameters=[@__p_1='?' (DbType = Int32), @__p_0='?' (DbType = Int32)], CommandType='"Text"', CommandTimeout='30']
SELECT q.id, q.type, q.content, q.knowledge_point, q.difficulty, q.is_ai_generated, q.created_at
FROM questions AS q
WHERE q.is_active
ORDER BY q.created_at DESC
LIMIT @__p_1 OFFSET @__p_0 | MachineName=LVHUI-PC ThreadId=9
[2026-05-15 13:29:23.853 INF] Executing OkObjectResult, writing value of type 'ExamSystem.Application.Common.Models.PaginatedResult`1[[ExamSystem.Application.Questions.Queries.QuestionDto, ExamSystem.Application, Version=1.0.0.0, Culture=neutral, PublicKeyToken=null]]'. | MachineName=LVHUI-PC ThreadId=9
[2026-05-15 13:29:23.859 INF] Executed action ExamSystem.API.Controllers.QuestionsController.GetQuestions (ExamSystem.API) in 155.2541ms | MachineName=LVHUI-PC ThreadId=9
[2026-05-15 13:29:23.864 INF] Executed endpoint 'ExamSystem.API.Controllers.QuestionsController.GetQuestions (ExamSystem.API)' | MachineName=LVHUI-PC ThreadId=9
[2026-05-15 13:29:23.869 INF] HTTP GET /api/questions?page=1&pageSize=20 → 200 | 178ms | User=admin(admin) Role=SuperAdmin Tenant=- IP=127.0.0.1 TraceId=0HNLI8BF9RFP9:00000001 | MachineName=LVHUI-PC ThreadId=9
[2026-05-15 13:29:23.874 INF] Request finished HTTP/1.1 GET http://localhost:5146/api/questions?page=1&pageSize=20 - 200 null application/json; charset=utf-8 195.1772ms | MachineName=LVHUI-PC ThreadId=9
[2026-05-15 13:29:27.847 INF] Request starting HTTP/1.1 GET http://localhost:5146/api/exam-papers?page=1&pageSize=10 - null null | MachineName=LVHUI-PC ThreadId=13
[2026-05-15 13:29:27.854 INF] Executing endpoint 'ExamSystem.API.Controllers.ExamPapersController.GetExamPapers (ExamSystem.API)' | MachineName=LVHUI-PC ThreadId=13
[2026-05-15 13:29:27.859 INF] Route matched with {action = "GetExamPapers", controller = "ExamPapers"}. Executing controller action with signature System.Threading.Tasks.Task`1[Microsoft.AspNetCore.Mvc.IActionResult] GetExamPapers(Int32, Int32, System.Nullable`1[ExamSystem.Domain.Enums.ExamStatus], System.Threading.CancellationToken) on controller ExamSystem.API.Controllers.ExamPapersController (ExamSystem.API). | MachineName=LVHUI-PC ThreadId=13
[2026-05-15 13:29:27.933 INF] Executed DbCommand (67ms) [Parameters=[], CommandType='"Text"', CommandTimeout='30']
SELECT count(*)
FROM exam_papers AS e | MachineName=LVHUI-PC ThreadId=13
[2026-05-15 13:29:28.014 INF] Executed DbCommand (78ms) [Parameters=[@__p_1='?' (DbType = Int32), @__p_0='?' (DbType = Int32)], CommandType='"Text"', CommandTimeout='30']
SELECT e.id, e.title, e.description, e.total_score, e.duration_minutes, e.status, e.start_time, e.end_time, e.anti_cheating_enabled, (
    SELECT count(*)::int
    FROM exam_questions AS e0
    WHERE e.id = e0.exam_paper_id), e.created_at
FROM exam_papers AS e
ORDER BY e.created_at DESC
LIMIT @__p_1 OFFSET @__p_0 | MachineName=LVHUI-PC ThreadId=13
[2026-05-15 13:29:28.019 INF] Executing OkObjectResult, writing value of type 'ExamSystem.Application.Common.Models.PaginatedResult`1[[ExamSystem.Application.ExamPapers.Queries.ExamPaperDto, ExamSystem.Application, Version=1.0.0.0, Culture=neutral, PublicKeyToken=null]]'. | MachineName=LVHUI-PC ThreadId=13
[2026-05-15 13:29:28.025 INF] Executed action ExamSystem.API.Controllers.ExamPapersController.GetExamPapers (ExamSystem.API) in 159.5302ms | MachineName=LVHUI-PC ThreadId=13
[2026-05-15 13:29:28.030 INF] Executed endpoint 'ExamSystem.API.Controllers.ExamPapersController.GetExamPapers (ExamSystem.API)' | MachineName=LVHUI-PC ThreadId=13
[2026-05-15 13:29:28.035 INF] HTTP GET /api/exam-papers?page=1&pageSize=10 → 200 | 180ms | User=admin(admin) Role=SuperAdmin Tenant=- IP=127.0.0.1 TraceId=0HNLI8BF9RFPA:00000001 | MachineName=LVHUI-PC ThreadId=13
[2026-05-15 13:29:28.038 INF] Request finished HTTP/1.1 GET http://localhost:5146/api/exam-papers?page=1&pageSize=10 - 200 null application/json; charset=utf-8 191.0023ms | MachineName=LVHUI-PC ThreadId=13
[2026-05-15 13:29:29.857 INF] Request starting HTTP/1.1 GET http://localhost:5146/api/messages/inbox?page=1&pageSize=10 - null null | MachineName=LVHUI-PC ThreadId=13
[2026-05-15 13:29:29.859 INF] Request starting HTTP/1.1 GET http://localhost:5146/api/tenants?page=1&pageSize=200 - null null | MachineName=LVHUI-PC ThreadId=7
[2026-05-15 13:29:29.866 INF] Executing endpoint 'ExamSystem.API.Controllers.MessagesController.GetInbox (ExamSystem.API)' | MachineName=LVHUI-PC ThreadId=13
[2026-05-15 13:29:29.874 INF] Executing endpoint 'ExamSystem.API.Controllers.TenantsController.GetTenants (ExamSystem.API)' | MachineName=LVHUI-PC ThreadId=7
[2026-05-15 13:29:29.881 INF] Route matched with {action = "GetInbox", controller = "Messages"}. Executing controller action with signature System.Threading.Tasks.Task`1[Microsoft.AspNetCore.Mvc.IActionResult] GetInbox(Int32, Int32, System.Threading.CancellationToken) on controller ExamSystem.API.Controllers.MessagesController (ExamSystem.API). | MachineName=LVHUI-PC ThreadId=13
[2026-05-15 13:29:29.881 INF] Route matched with {action = "GetTenants", controller = "Tenants"}. Executing controller action with signature System.Threading.Tasks.Task`1[Microsoft.AspNetCore.Mvc.IActionResult] GetTenants(Int32, Int32, System.Threading.CancellationToken) on controller ExamSystem.API.Controllers.TenantsController (ExamSystem.API). | MachineName=LVHUI-PC ThreadId=7
[2026-05-15 13:29:29.886 INF] Executing ObjectResult, writing value of type 'Microsoft.AspNetCore.Mvc.ProblemDetails'. | MachineName=LVHUI-PC ThreadId=13
[2026-05-15 13:29:29.897 INF] Executed action ExamSystem.API.Controllers.MessagesController.GetInbox (ExamSystem.API) in 12.2063ms | MachineName=LVHUI-PC ThreadId=13
[2026-05-15 13:29:29.901 INF] Executed endpoint 'ExamSystem.API.Controllers.MessagesController.GetInbox (ExamSystem.API)' | MachineName=LVHUI-PC ThreadId=13
[2026-05-15 13:29:29.905 WRN] HTTP GET /api/messages/inbox?page=1&pageSize=10 → 401 | 40ms | User=admin(admin) Role=SuperAdmin Tenant=- IP=127.0.0.1 TraceId=0HNLI8BF9RFPB:00000001 | MachineName=LVHUI-PC ThreadId=13
[2026-05-15 13:29:29.908 INF] Request finished HTTP/1.1 GET http://localhost:5146/api/messages/inbox?page=1&pageSize=10 - 401 null application/json; charset=utf-8 50.6174ms | MachineName=LVHUI-PC ThreadId=13
[2026-05-15 13:29:29.966 INF] Executed DbCommand (77ms) [Parameters=[], CommandType='"Text"', CommandTimeout='30']
SELECT count(*)
FROM tenants AS t | MachineName=LVHUI-PC ThreadId=13
[2026-05-15 13:29:30.038 INF] Executed DbCommand (65ms) [Parameters=[@__p_1='?' (DbType = Int32), @__p_0='?' (DbType = Int32)], CommandType='"Text"', CommandTimeout='30']
SELECT t.id, t.name, t.schema_name, t.contact_email, t.is_active, t.ai_call_quota, t.ai_call_used, t.created_at
FROM tenants AS t
ORDER BY t.created_at DESC
LIMIT @__p_1 OFFSET @__p_0 | MachineName=LVHUI-PC ThreadId=13
[2026-05-15 13:29:30.042 INF] Executing OkObjectResult, writing value of type 'ExamSystem.Application.Common.Models.PaginatedResult`1[[ExamSystem.Application.Tenants.Queries.TenantDto, ExamSystem.Application, Version=1.0.0.0, Culture=neutral, PublicKeyToken=null]]'. | MachineName=LVHUI-PC ThreadId=13
[2026-05-15 13:29:30.047 INF] Executed action ExamSystem.API.Controllers.TenantsController.GetTenants (ExamSystem.API) in 159.1402ms | MachineName=LVHUI-PC ThreadId=13
[2026-05-15 13:29:30.052 INF] Executed endpoint 'ExamSystem.API.Controllers.TenantsController.GetTenants (ExamSystem.API)' | MachineName=LVHUI-PC ThreadId=13
[2026-05-15 13:29:30.058 INF] HTTP GET /api/tenants?page=1&pageSize=200 → 200 | 184ms | User=admin(admin) Role=SuperAdmin Tenant=- IP=127.0.0.1 TraceId=0HNLI8BF9RFPC:00000001 | MachineName=LVHUI-PC ThreadId=13
[2026-05-15 13:29:30.062 INF] Request finished HTTP/1.1 GET http://localhost:5146/api/tenants?page=1&pageSize=200 - 200 null application/json; charset=utf-8 202.9315ms | MachineName=LVHUI-PC ThreadId=13
[2026-05-15 13:29:30.245 INF] Request starting HTTP/1.1 GET http://localhost:5146/api/exam-papers?page=1&pageSize=1 - null null | MachineName=LVHUI-PC ThreadId=13
[2026-05-15 13:29:30.254 INF] Executing endpoint 'ExamSystem.API.Controllers.ExamPapersController.GetExamPapers (ExamSystem.API)' | MachineName=LVHUI-PC ThreadId=13
[2026-05-15 13:29:30.265 INF] Route matched with {action = "GetExamPapers", controller = "ExamPapers"}. Executing controller action with signature System.Threading.Tasks.Task`1[Microsoft.AspNetCore.Mvc.IActionResult] GetExamPapers(Int32, Int32, System.Nullable`1[ExamSystem.Domain.Enums.ExamStatus], System.Threading.CancellationToken) on controller ExamSystem.API.Controllers.ExamPapersController (ExamSystem.API). | MachineName=LVHUI-PC ThreadId=13
[2026-05-15 13:29:30.333 INF] Request starting HTTP/1.1 GET http://localhost:5146/api/questions?page=1&pageSize=1 - null null | MachineName=LVHUI-PC ThreadId=7
[2026-05-15 13:29:30.333 INF] Request starting HTTP/1.1 GET http://localhost:5146/api/exam-papers?page=1&pageSize=5 - null null | MachineName=LVHUI-PC ThreadId=28
[2026-05-15 13:29:30.337 WRN] HTTP GET /api/questions?page=1&pageSize=1 → 400 | 0ms | User=-(-) Role=- Tenant=- IP=127.0.0.1 TraceId=0HNLI8BF9RFPE:00000001 | MachineName=LVHUI-PC ThreadId=7
[2026-05-15 13:29:30.342 INF] Executing endpoint 'ExamSystem.API.Controllers.ExamPapersController.GetExamPapers (ExamSystem.API)' | MachineName=LVHUI-PC ThreadId=28
[2026-05-15 13:29:30.346 INF] Request finished HTTP/1.1 GET http://localhost:5146/api/questions?page=1&pageSize=1 - 400 null application/json; charset=utf-8 12.7475ms | MachineName=LVHUI-PC ThreadId=7
[2026-05-15 13:29:30.348 INF] Executed DbCommand (77ms) [Parameters=[], CommandType='"Text"', CommandTimeout='30']
SELECT count(*)
FROM exam_papers AS e | MachineName=LVHUI-PC ThreadId=31
[2026-05-15 13:29:30.350 INF] Route matched with {action = "GetExamPapers", controller = "ExamPapers"}. Executing controller action with signature System.Threading.Tasks.Task`1[Microsoft.AspNetCore.Mvc.IActionResult] GetExamPapers(Int32, Int32, System.Nullable`1[ExamSystem.Domain.Enums.ExamStatus], System.Threading.CancellationToken) on controller ExamSystem.API.Controllers.ExamPapersController (ExamSystem.API). | MachineName=LVHUI-PC ThreadId=28
[2026-05-15 13:29:30.353 INF] Request starting HTTP/1.1 GET http://localhost:5146/api/tenants?page=1&pageSize=1 - null null | MachineName=LVHUI-PC ThreadId=30
[2026-05-15 13:29:30.367 INF] Authorization failed. These requirements were not met:
RolesAuthorizationRequirement:User.IsInRole must be true for one of the following roles: (SuperAdmin) | MachineName=LVHUI-PC ThreadId=30
[2026-05-15 13:29:30.369 INF] AuthenticationScheme: Bearer was challenged. | MachineName=LVHUI-PC ThreadId=30
[2026-05-15 13:29:30.372 WRN] HTTP GET /api/tenants?page=1&pageSize=1 → 401 | 4ms | User=-(-) Role=- Tenant=- IP=127.0.0.1 TraceId=0HNLI8BF9RFPG:00000001 | MachineName=LVHUI-PC ThreadId=30
[2026-05-15 13:29:30.373 INF] Request finished HTTP/1.1 GET http://localhost:5146/api/tenants?page=1&pageSize=1 - 401 0 null 20.9059ms | MachineName=LVHUI-PC ThreadId=30
[2026-05-15 13:29:30.423 INF] Executed DbCommand (63ms) [Parameters=[@__p_1='?' (DbType = Int32), @__p_0='?' (DbType = Int32)], CommandType='"Text"', CommandTimeout='30']
SELECT e.id, e.title, e.description, e.total_score, e.duration_minutes, e.status, e.start_time, e.end_time, e.anti_cheating_enabled, (
    SELECT count(*)::int
    FROM exam_questions AS e0
    WHERE e.id = e0.exam_paper_id), e.created_at
FROM exam_papers AS e
ORDER BY e.created_at DESC
LIMIT @__p_1 OFFSET @__p_0 | MachineName=LVHUI-PC ThreadId=30
[2026-05-15 13:29:30.427 INF] Executing OkObjectResult, writing value of type 'ExamSystem.Application.Common.Models.PaginatedResult`1[[ExamSystem.Application.ExamPapers.Queries.ExamPaperDto, ExamSystem.Application, Version=1.0.0.0, Culture=neutral, PublicKeyToken=null]]'. | MachineName=LVHUI-PC ThreadId=30
[2026-05-15 13:29:30.429 INF] Executed DbCommand (65ms) [Parameters=[], CommandType='"Text"', CommandTimeout='30']
SELECT count(*)
FROM exam_papers AS e | MachineName=LVHUI-PC ThreadId=28
[2026-05-15 13:29:30.429 INF] Executed action ExamSystem.API.Controllers.ExamPapersController.GetExamPapers (ExamSystem.API) in 159.6801ms | MachineName=LVHUI-PC ThreadId=30
[2026-05-15 13:29:30.435 INF] Executed endpoint 'ExamSystem.API.Controllers.ExamPapersController.GetExamPapers (ExamSystem.API)' | MachineName=LVHUI-PC ThreadId=30
[2026-05-15 13:29:30.438 INF] HTTP GET /api/exam-papers?page=1&pageSize=1 → 200 | 183ms | User=-(-) Role=- Tenant=- IP=127.0.0.1 TraceId=0HNLI8BF9RFPD:00000001 | MachineName=LVHUI-PC ThreadId=30
[2026-05-15 13:29:30.441 INF] Request finished HTTP/1.1 GET http://localhost:5146/api/exam-papers?page=1&pageSize=1 - 200 null application/json; charset=utf-8 196.1636ms | MachineName=LVHUI-PC ThreadId=30
[2026-05-15 13:29:30.509 INF] Executed DbCommand (76ms) [Parameters=[@__p_1='?' (DbType = Int32), @__p_0='?' (DbType = Int32)], CommandType='"Text"', CommandTimeout='30']
SELECT e.id, e.title, e.description, e.total_score, e.duration_minutes, e.status, e.start_time, e.end_time, e.anti_cheating_enabled, (
    SELECT count(*)::int
    FROM exam_questions AS e0
    WHERE e.id = e0.exam_paper_id), e.created_at
FROM exam_papers AS e
ORDER BY e.created_at DESC
LIMIT @__p_1 OFFSET @__p_0 | MachineName=LVHUI-PC ThreadId=30
[2026-05-15 13:29:30.516 INF] Executing OkObjectResult, writing value of type 'ExamSystem.Application.Common.Models.PaginatedResult`1[[ExamSystem.Application.ExamPapers.Queries.ExamPaperDto, ExamSystem.Application, Version=1.0.0.0, Culture=neutral, PublicKeyToken=null]]'. | MachineName=LVHUI-PC ThreadId=30
[2026-05-15 13:29:30.524 INF] Executed action ExamSystem.API.Controllers.ExamPapersController.GetExamPapers (ExamSystem.API) in 160.2889ms | MachineName=LVHUI-PC ThreadId=30
[2026-05-15 13:29:30.534 INF] Executed endpoint 'ExamSystem.API.Controllers.ExamPapersController.GetExamPapers (ExamSystem.API)' | MachineName=LVHUI-PC ThreadId=30
[2026-05-15 13:29:30.540 INF] HTTP GET /api/exam-papers?page=1&pageSize=5 → 200 | 197ms | User=-(-) Role=- Tenant=- IP=127.0.0.1 TraceId=0HNLI8BF9RFPF:00000001 | MachineName=LVHUI-PC ThreadId=30
[2026-05-15 13:29:30.545 INF] Request finished HTTP/1.1 GET http://localhost:5146/api/exam-papers?page=1&pageSize=5 - 200 null application/json; charset=utf-8 211.5965ms | MachineName=LVHUI-PC ThreadId=30
[2026-05-15 13:29:30.658 INF] Request starting HTTP/1.1 GET http://localhost:5146/api/users?page=1&pageSize=1 - null null | MachineName=LVHUI-PC ThreadId=30
[2026-05-15 13:29:30.663 INF] Authorization failed. These requirements were not met:
RolesAuthorizationRequirement:User.IsInRole must be true for one of the following roles: (SuperAdmin|Admin) | MachineName=LVHUI-PC ThreadId=30
[2026-05-15 13:29:30.669 INF] AuthenticationScheme: Bearer was challenged. | MachineName=LVHUI-PC ThreadId=30
[2026-05-15 13:29:30.675 WRN] HTTP GET /api/users?page=1&pageSize=1 → 401 | 11ms | User=-(-) Role=- Tenant=- IP=127.0.0.1 TraceId=0HNLI8BF9RFPH:00000001 | MachineName=LVHUI-PC ThreadId=30
[2026-05-15 13:29:30.680 INF] Request finished HTTP/1.1 GET http://localhost:5146/api/users?page=1&pageSize=1 - 401 0 null 21.3853ms | MachineName=LVHUI-PC ThreadId=30
[2026-05-15 13:29:30.847 INF] Request starting HTTP/1.1 GET http://localhost:5146/api/books?page=1&pageSize=10 - null null | MachineName=LVHUI-PC ThreadId=30
[2026-05-15 13:29:30.851 WRN] HTTP GET /api/books?page=1&pageSize=10 → 400 | 0ms | User=-(-) Role=- Tenant=- IP=127.0.0.1 TraceId=0HNLI8BF9RFPI:00000001 | MachineName=LVHUI-PC ThreadId=30
[2026-05-15 13:29:30.857 INF] Request finished HTTP/1.1 GET http://localhost:5146/api/books?page=1&pageSize=10 - 400 null application/json; charset=utf-8 9.5106ms | MachineName=LVHUI-PC ThreadId=30
[2026-05-15 13:29:31.015 INF] Request starting HTTP/1.1 GET http://localhost:5146/api/tenants?page=1&pageSize=200 - null null | MachineName=LVHUI-PC ThreadId=28
[2026-05-15 13:29:31.017 INF] Request starting HTTP/1.1 GET http://localhost:5146/api/exam-papers?page=1&pageSize=1 - null null | MachineName=LVHUI-PC ThreadId=30
[2026-05-15 13:29:31.021 INF] Authorization failed. These requirements were not met:
RolesAuthorizationRequirement:User.IsInRole must be true for one of the following roles: (SuperAdmin) | MachineName=LVHUI-PC ThreadId=28
[2026-05-15 13:29:31.026 INF] Executing endpoint 'ExamSystem.API.Controllers.ExamPapersController.GetExamPapers (ExamSystem.API)' | MachineName=LVHUI-PC ThreadId=30
[2026-05-15 13:29:31.030 INF] AuthenticationScheme: Bearer was challenged. | MachineName=LVHUI-PC ThreadId=28
[2026-05-15 13:29:31.030 INF] Request starting HTTP/1.1 GET http://localhost:5146/api/questions?page=1&pageSize=1 - null null | MachineName=LVHUI-PC ThreadId=7
[2026-05-15 13:29:31.033 INF] Route matched with {action = "GetExamPapers", controller = "ExamPapers"}. Executing controller action with signature System.Threading.Tasks.Task`1[Microsoft.AspNetCore.Mvc.IActionResult] GetExamPapers(Int32, Int32, System.Nullable`1[ExamSystem.Domain.Enums.ExamStatus], System.Threading.CancellationToken) on controller ExamSystem.API.Controllers.ExamPapersController (ExamSystem.API). | MachineName=LVHUI-PC ThreadId=30
[2026-05-15 13:29:31.035 WRN] HTTP GET /api/tenants?page=1&pageSize=200 → 401 | 14ms | User=-(-) Role=- Tenant=- IP=127.0.0.1 TraceId=0HNLI8BF9RFPJ:00000001 | MachineName=LVHUI-PC ThreadId=28
[2026-05-15 13:29:31.039 WRN] HTTP GET /api/questions?page=1&pageSize=1 → 400 | 0ms | User=-(-) Role=- Tenant=- IP=127.0.0.1 TraceId=0HNLI8BF9RFPL:00000001 | MachineName=LVHUI-PC ThreadId=7
[2026-05-15 13:29:31.048 INF] Request finished HTTP/1.1 GET http://localhost:5146/api/tenants?page=1&pageSize=200 - 401 0 null 32.6736ms | MachineName=LVHUI-PC ThreadId=28
[2026-05-15 13:29:31.052 INF] Request finished HTTP/1.1 GET http://localhost:5146/api/questions?page=1&pageSize=1 - 400 null application/json; charset=utf-8 21.7485ms | MachineName=LVHUI-PC ThreadId=7
[2026-05-15 13:29:31.109 INF] Executed DbCommand (64ms) [Parameters=[], CommandType='"Text"', CommandTimeout='30']
SELECT count(*)
FROM exam_papers AS e | MachineName=LVHUI-PC ThreadId=7
[2026-05-15 13:29:31.180 INF] Executed DbCommand (65ms) [Parameters=[@__p_1='?' (DbType = Int32), @__p_0='?' (DbType = Int32)], CommandType='"Text"', CommandTimeout='30']
SELECT e.id, e.title, e.description, e.total_score, e.duration_minutes, e.status, e.start_time, e.end_time, e.anti_cheating_enabled, (
    SELECT count(*)::int
    FROM exam_questions AS e0
    WHERE e.id = e0.exam_paper_id), e.created_at
FROM exam_papers AS e
ORDER BY e.created_at DESC
LIMIT @__p_1 OFFSET @__p_0 | MachineName=LVHUI-PC ThreadId=7
[2026-05-15 13:29:31.183 INF] Executing OkObjectResult, writing value of type 'ExamSystem.Application.Common.Models.PaginatedResult`1[[ExamSystem.Application.ExamPapers.Queries.ExamPaperDto, ExamSystem.Application, Version=1.0.0.0, Culture=neutral, PublicKeyToken=null]]'. | MachineName=LVHUI-PC ThreadId=7
[2026-05-15 13:29:31.187 INF] Executed action ExamSystem.API.Controllers.ExamPapersController.GetExamPapers (ExamSystem.API) in 142.7282ms | MachineName=LVHUI-PC ThreadId=7
[2026-05-15 13:29:31.189 INF] Executed endpoint 'ExamSystem.API.Controllers.ExamPapersController.GetExamPapers (ExamSystem.API)' | MachineName=LVHUI-PC ThreadId=7
[2026-05-15 13:29:31.193 INF] HTTP GET /api/exam-papers?page=1&pageSize=1 → 200 | 167ms | User=-(-) Role=- Tenant=- IP=127.0.0.1 TraceId=0HNLI8BF9RFPK:00000001 | MachineName=LVHUI-PC ThreadId=7
[2026-05-15 13:29:31.197 INF] Request starting HTTP/1.1 GET http://localhost:5146/api/tenants?page=1&pageSize=1 - null null | MachineName=LVHUI-PC ThreadId=13
[2026-05-15 13:29:31.197 INF] Request starting HTTP/1.1 GET http://localhost:5146/api/exam-papers?page=1&pageSize=5 - null null | MachineName=LVHUI-PC ThreadId=30
[2026-05-15 13:29:31.197 INF] Request starting HTTP/1.1 GET http://localhost:5146/api/users?page=1&pageSize=1 - null null | MachineName=LVHUI-PC ThreadId=31
[2026-05-15 13:29:31.197 INF] Request finished HTTP/1.1 GET http://localhost:5146/api/exam-papers?page=1&pageSize=1 - 200 null application/json; charset=utf-8 179.9841ms | MachineName=LVHUI-PC ThreadId=7
[2026-05-15 13:29:31.202 INF] Authorization failed. These requirements were not met:
RolesAuthorizationRequirement:User.IsInRole must be true for one of the following roles: (SuperAdmin) | MachineName=LVHUI-PC ThreadId=13
[2026-05-15 13:29:31.206 INF] Executing endpoint 'ExamSystem.API.Controllers.ExamPapersController.GetExamPapers (ExamSystem.API)' | MachineName=LVHUI-PC ThreadId=30
[2026-05-15 13:29:31.210 INF] Authorization failed. These requirements were not met:
RolesAuthorizationRequirement:User.IsInRole must be true for one of the following roles: (SuperAdmin|Admin) | MachineName=LVHUI-PC ThreadId=31
[2026-05-15 13:29:31.217 INF] AuthenticationScheme: Bearer was challenged. | MachineName=LVHUI-PC ThreadId=13
[2026-05-15 13:29:31.219 INF] Route matched with {action = "GetExamPapers", controller = "ExamPapers"}. Executing controller action with signature System.Threading.Tasks.Task`1[Microsoft.AspNetCore.Mvc.IActionResult] GetExamPapers(Int32, Int32, System.Nullable`1[ExamSystem.Domain.Enums.ExamStatus], System.Threading.CancellationToken) on controller ExamSystem.API.Controllers.ExamPapersController (ExamSystem.API). | MachineName=LVHUI-PC ThreadId=30
[2026-05-15 13:29:31.222 INF] AuthenticationScheme: Bearer was challenged. | MachineName=LVHUI-PC ThreadId=31
[2026-05-15 13:29:31.225 WRN] HTTP GET /api/tenants?page=1&pageSize=1 → 401 | 23ms | User=-(-) Role=- Tenant=- IP=127.0.0.1 TraceId=0HNLI8BF9RFPN:00000001 | MachineName=LVHUI-PC ThreadId=13
[2026-05-15 13:29:31.232 WRN] HTTP GET /api/users?page=1&pageSize=1 → 401 | 21ms | User=-(-) Role=- Tenant=- IP=127.0.0.1 TraceId=0HNLI8BF9RFPO:00000001 | MachineName=LVHUI-PC ThreadId=31
[2026-05-15 13:29:31.235 INF] Request finished HTTP/1.1 GET http://localhost:5146/api/tenants?page=1&pageSize=1 - 401 0 null 38.113ms | MachineName=LVHUI-PC ThreadId=13
[2026-05-15 13:29:31.239 INF] Request finished HTTP/1.1 GET http://localhost:5146/api/users?page=1&pageSize=1 - 401 0 null 42.0652ms | MachineName=LVHUI-PC ThreadId=31
[2026-05-15 13:29:31.306 INF] Executed DbCommand (77ms) [Parameters=[], CommandType='"Text"', CommandTimeout='30']
SELECT count(*)
FROM exam_papers AS e | MachineName=LVHUI-PC ThreadId=31
[2026-05-15 13:29:31.375 INF] Executed DbCommand (63ms) [Parameters=[@__p_1='?' (DbType = Int32), @__p_0='?' (DbType = Int32)], CommandType='"Text"', CommandTimeout='30']
SELECT e.id, e.title, e.description, e.total_score, e.duration_minutes, e.status, e.start_time, e.end_time, e.anti_cheating_enabled, (
    SELECT count(*)::int
    FROM exam_questions AS e0
    WHERE e.id = e0.exam_paper_id), e.created_at
FROM exam_papers AS e
ORDER BY e.created_at DESC
LIMIT @__p_1 OFFSET @__p_0 | MachineName=LVHUI-PC ThreadId=31
[2026-05-15 13:29:31.379 INF] Executing OkObjectResult, writing value of type 'ExamSystem.Application.Common.Models.PaginatedResult`1[[ExamSystem.Application.ExamPapers.Queries.ExamPaperDto, ExamSystem.Application, Version=1.0.0.0, Culture=neutral, PublicKeyToken=null]]'. | MachineName=LVHUI-PC ThreadId=31
[2026-05-15 13:29:31.383 INF] Executed action ExamSystem.API.Controllers.ExamPapersController.GetExamPapers (ExamSystem.API) in 154.1782ms | MachineName=LVHUI-PC ThreadId=31
[2026-05-15 13:29:31.387 INF] Executed endpoint 'ExamSystem.API.Controllers.ExamPapersController.GetExamPapers (ExamSystem.API)' | MachineName=LVHUI-PC ThreadId=31
[2026-05-15 13:29:31.390 INF] HTTP GET /api/exam-papers?page=1&pageSize=5 → 200 | 184ms | User=-(-) Role=- Tenant=- IP=127.0.0.1 TraceId=0HNLI8BF9RFPM:00000001 | MachineName=LVHUI-PC ThreadId=31
[2026-05-15 13:29:31.394 INF] Request finished HTTP/1.1 GET http://localhost:5146/api/exam-papers?page=1&pageSize=5 - 200 null application/json; charset=utf-8 197.1437ms | MachineName=LVHUI-PC ThreadId=31
[2026-05-15 13:29:34.125 INF] Request starting HTTP/1.1 POST http://localhost:5146/api/auth/login - application/json 46 | MachineName=LVHUI-PC ThreadId=9
[2026-05-15 13:29:34.133 INF] Executing endpoint 'ExamSystem.API.Controllers.AuthController.Login (ExamSystem.API)' | MachineName=LVHUI-PC ThreadId=9
[2026-05-15 13:29:34.137 INF] Route matched with {action = "Login", controller = "Auth"}. Executing controller action with signature System.Threading.Tasks.Task`1[Microsoft.AspNetCore.Mvc.IActionResult] Login(ExamSystem.API.Controllers.LoginRequest, System.Threading.CancellationToken) on controller ExamSystem.API.Controllers.AuthController (ExamSystem.API). | MachineName=LVHUI-PC ThreadId=9
[2026-05-15 13:29:34.209 INF] Executed DbCommand (66ms) [Parameters=[@__command_Username_0='?'], CommandType='"Text"', CommandTimeout='30']
SELECT u.id, u.created_at, u.email, u.is_active, u.last_login_at, u.password_hash, u.role, u.tenant_id, u.updated_at, u.username
FROM users AS u
WHERE u.username = @__command_Username_0 AND u.is_active
LIMIT 1 | MachineName=LVHUI-PC ThreadId=13
[2026-05-15 13:29:34.259 INF] Executing OkObjectResult, writing value of type 'ExamSystem.Application.Auth.Commands.LoginResult'. | MachineName=LVHUI-PC ThreadId=13
[2026-05-15 13:29:34.263 INF] Executed action ExamSystem.API.Controllers.AuthController.Login (ExamSystem.API) in 121.7783ms | MachineName=LVHUI-PC ThreadId=13
[2026-05-15 13:29:34.266 INF] Executed endpoint 'ExamSystem.API.Controllers.AuthController.Login (ExamSystem.API)' | MachineName=LVHUI-PC ThreadId=13
[2026-05-15 13:29:34.269 INF] HTTP POST /api/auth/login → 200 | 136ms | User=-(-) Role=- Tenant=- IP=127.0.0.1 TraceId=0HNLI8BF9RFPP:00000001 | MachineName=LVHUI-PC ThreadId=13
[2026-05-15 13:29:34.274 INF] Request finished HTTP/1.1 POST http://localhost:5146/api/auth/login - 200 null application/json; charset=utf-8 148.6884ms | MachineName=LVHUI-PC ThreadId=13
[2026-05-15 13:29:34.306 INF] Request starting HTTP/1.1 GET http://localhost:5146/api/exam-papers?page=1&pageSize=1 - null null | MachineName=LVHUI-PC ThreadId=13
[2026-05-15 13:29:34.311 INF] Executing endpoint 'ExamSystem.API.Controllers.ExamPapersController.GetExamPapers (ExamSystem.API)' | MachineName=LVHUI-PC ThreadId=13
[2026-05-15 13:29:34.315 INF] Route matched with {action = "GetExamPapers", controller = "ExamPapers"}. Executing controller action with signature System.Threading.Tasks.Task`1[Microsoft.AspNetCore.Mvc.IActionResult] GetExamPapers(Int32, Int32, System.Nullable`1[ExamSystem.Domain.Enums.ExamStatus], System.Threading.CancellationToken) on controller ExamSystem.API.Controllers.ExamPapersController (ExamSystem.API). | MachineName=LVHUI-PC ThreadId=13
[2026-05-15 13:29:34.401 INF] Executed DbCommand (81ms) [Parameters=[], CommandType='"Text"', CommandTimeout='30']
SELECT count(*)
FROM exam_papers AS e | MachineName=LVHUI-PC ThreadId=13
[2026-05-15 13:29:34.468 INF] Executed DbCommand (63ms) [Parameters=[@__p_1='?' (DbType = Int32), @__p_0='?' (DbType = Int32)], CommandType='"Text"', CommandTimeout='30']
SELECT e.id, e.title, e.description, e.total_score, e.duration_minutes, e.status, e.start_time, e.end_time, e.anti_cheating_enabled, (
    SELECT count(*)::int
    FROM exam_questions AS e0
    WHERE e.id = e0.exam_paper_id), e.created_at
FROM exam_papers AS e
ORDER BY e.created_at DESC
LIMIT @__p_1 OFFSET @__p_0 | MachineName=LVHUI-PC ThreadId=13
[2026-05-15 13:29:34.473 INF] Executing OkObjectResult, writing value of type 'ExamSystem.Application.Common.Models.PaginatedResult`1[[ExamSystem.Application.ExamPapers.Queries.ExamPaperDto, ExamSystem.Application, Version=1.0.0.0, Culture=neutral, PublicKeyToken=null]]'. | MachineName=LVHUI-PC ThreadId=13
[2026-05-15 13:29:34.478 INF] Executed action ExamSystem.API.Controllers.ExamPapersController.GetExamPapers (ExamSystem.API) in 157.9573ms | MachineName=LVHUI-PC ThreadId=13
[2026-05-15 13:29:34.483 INF] Executed endpoint 'ExamSystem.API.Controllers.ExamPapersController.GetExamPapers (ExamSystem.API)' | MachineName=LVHUI-PC ThreadId=13
[2026-05-15 13:29:34.489 INF] HTTP GET /api/exam-papers?page=1&pageSize=1 → 200 | 178ms | User=admin(admin) Role=SuperAdmin Tenant=- IP=127.0.0.1 TraceId=0HNLI8BF9RFPQ:00000001 | MachineName=LVHUI-PC ThreadId=13
[2026-05-15 13:29:34.495 INF] Request finished HTTP/1.1 GET http://localhost:5146/api/exam-papers?page=1&pageSize=1 - 200 null application/json; charset=utf-8 188.589ms | MachineName=LVHUI-PC ThreadId=13
[2026-05-15 13:29:34.614 INF] Request starting HTTP/1.1 GET http://localhost:5146/api/exam-papers?page=1&pageSize=5 - null null | MachineName=LVHUI-PC ThreadId=9
[2026-05-15 13:29:34.614 INF] Request starting HTTP/1.1 GET http://localhost:5146/api/questions?page=1&pageSize=1 - null null | MachineName=LVHUI-PC ThreadId=13
[2026-05-15 13:29:34.615 INF] Request starting HTTP/1.1 GET http://localhost:5146/api/tenants?page=1&pageSize=200 - null null | MachineName=LVHUI-PC ThreadId=31
[2026-05-15 13:29:34.634 INF] Executing endpoint 'ExamSystem.API.Controllers.ExamPapersController.GetExamPapers (ExamSystem.API)' | MachineName=LVHUI-PC ThreadId=9
[2026-05-15 13:29:34.640 INF] Executing endpoint 'ExamSystem.API.Controllers.QuestionsController.GetQuestions (ExamSystem.API)' | MachineName=LVHUI-PC ThreadId=13
[2026-05-15 13:29:34.646 INF] Executing endpoint 'ExamSystem.API.Controllers.TenantsController.GetTenants (ExamSystem.API)' | MachineName=LVHUI-PC ThreadId=31
[2026-05-15 13:29:34.649 INF] Route matched with {action = "GetExamPapers", controller = "ExamPapers"}. Executing controller action with signature System.Threading.Tasks.Task`1[Microsoft.AspNetCore.Mvc.IActionResult] GetExamPapers(Int32, Int32, System.Nullable`1[ExamSystem.Domain.Enums.ExamStatus], System.Threading.CancellationToken) on controller ExamSystem.API.Controllers.ExamPapersController (ExamSystem.API). | MachineName=LVHUI-PC ThreadId=9
[2026-05-15 13:29:34.652 INF] Route matched with {action = "GetQuestions", controller = "Questions"}. Executing controller action with signature System.Threading.Tasks.Task`1[Microsoft.AspNetCore.Mvc.IActionResult] GetQuestions(Int32, Int32, System.Nullable`1[ExamSystem.Domain.Enums.QuestionType], System.Nullable`1[System.Int32], System.String, System.Threading.CancellationToken) on controller ExamSystem.API.Controllers.QuestionsController (ExamSystem.API). | MachineName=LVHUI-PC ThreadId=13
[2026-05-15 13:29:34.655 INF] Route matched with {action = "GetTenants", controller = "Tenants"}. Executing controller action with signature System.Threading.Tasks.Task`1[Microsoft.AspNetCore.Mvc.IActionResult] GetTenants(Int32, Int32, System.Threading.CancellationToken) on controller ExamSystem.API.Controllers.TenantsController (ExamSystem.API). | MachineName=LVHUI-PC ThreadId=31
[2026-05-15 13:29:34.670 INF] Executing OkObjectResult, writing value of type 'ExamSystem.Application.Common.Models.PaginatedResult`1[[ExamSystem.Application.Questions.Queries.QuestionDto, ExamSystem.Application, Version=1.0.0.0, Culture=neutral, PublicKeyToken=null]]'. | MachineName=LVHUI-PC ThreadId=13
[2026-05-15 13:29:34.673 INF] Executed action ExamSystem.API.Controllers.QuestionsController.GetQuestions (ExamSystem.API) in 9.7053ms | MachineName=LVHUI-PC ThreadId=13
[2026-05-15 13:29:34.677 INF] Executed endpoint 'ExamSystem.API.Controllers.QuestionsController.GetQuestions (ExamSystem.API)' | MachineName=LVHUI-PC ThreadId=13
[2026-05-15 13:29:34.681 INF] HTTP GET /api/questions?page=1&pageSize=1 → 200 | 40ms | User=admin(admin) Role=SuperAdmin Tenant=- IP=127.0.0.1 TraceId=0HNLI8BF9RFPR:00000001 | MachineName=LVHUI-PC ThreadId=13
[2026-05-15 13:29:34.683 INF] Request finished HTTP/1.1 GET http://localhost:5146/api/questions?page=1&pageSize=1 - 200 null application/json; charset=utf-8 68.9161ms | MachineName=LVHUI-PC ThreadId=13
[2026-05-15 13:29:34.688 INF] Request starting HTTP/1.1 GET http://localhost:5146/api/tenants?page=1&pageSize=1 - null null | MachineName=LVHUI-PC ThreadId=7
[2026-05-15 13:29:34.692 INF] Executing endpoint 'ExamSystem.API.Controllers.TenantsController.GetTenants (ExamSystem.API)' | MachineName=LVHUI-PC ThreadId=7
[2026-05-15 13:29:34.695 INF] Route matched with {action = "GetTenants", controller = "Tenants"}. Executing controller action with signature System.Threading.Tasks.Task`1[Microsoft.AspNetCore.Mvc.IActionResult] GetTenants(Int32, Int32, System.Threading.CancellationToken) on controller ExamSystem.API.Controllers.TenantsController (ExamSystem.API). | MachineName=LVHUI-PC ThreadId=7
[2026-05-15 13:29:34.725 INF] Executed DbCommand (64ms) [Parameters=[], CommandType='"Text"', CommandTimeout='30']
SELECT count(*)
FROM exam_papers AS e | MachineName=LVHUI-PC ThreadId=7
[2026-05-15 13:29:34.744 INF] Executed DbCommand (75ms) [Parameters=[], CommandType='"Text"', CommandTimeout='30']
SELECT count(*)
FROM tenants AS t | MachineName=LVHUI-PC ThreadId=7
[2026-05-15 13:29:34.762 INF] Executed DbCommand (63ms) [Parameters=[], CommandType='"Text"', CommandTimeout='30']
SELECT count(*)
FROM tenants AS t | MachineName=LVHUI-PC ThreadId=7
[2026-05-15 13:29:34.792 INF] Executed DbCommand (65ms) [Parameters=[@__p_1='?' (DbType = Int32), @__p_0='?' (DbType = Int32)], CommandType='"Text"', CommandTimeout='30']
SELECT e.id, e.title, e.description, e.total_score, e.duration_minutes, e.status, e.start_time, e.end_time, e.anti_cheating_enabled, (
    SELECT count(*)::int
    FROM exam_questions AS e0
    WHERE e.id = e0.exam_paper_id), e.created_at
FROM exam_papers AS e
ORDER BY e.created_at DESC
LIMIT @__p_1 OFFSET @__p_0 | MachineName=LVHUI-PC ThreadId=7
[2026-05-15 13:29:34.797 INF] Executing OkObjectResult, writing value of type 'ExamSystem.Application.Common.Models.PaginatedResult`1[[ExamSystem.Application.ExamPapers.Queries.ExamPaperDto, ExamSystem.Application, Version=1.0.0.0, Culture=neutral, PublicKeyToken=null]]'. | MachineName=LVHUI-PC ThreadId=7
[2026-05-15 13:29:34.800 INF] Executed action ExamSystem.API.Controllers.ExamPapersController.GetExamPapers (ExamSystem.API) in 140.5541ms | MachineName=LVHUI-PC ThreadId=7
[2026-05-15 13:29:34.803 INF] Executed endpoint 'ExamSystem.API.Controllers.ExamPapersController.GetExamPapers (ExamSystem.API)' | MachineName=LVHUI-PC ThreadId=7
[2026-05-15 13:29:34.806 INF] HTTP GET /api/exam-papers?page=1&pageSize=5 → 200 | 171ms | User=admin(admin) Role=SuperAdmin Tenant=- IP=127.0.0.1 TraceId=0HNLI8BF9RFPS:00000001 | MachineName=LVHUI-PC ThreadId=7
[2026-05-15 13:29:34.809 INF] Request finished HTTP/1.1 GET http://localhost:5146/api/exam-papers?page=1&pageSize=5 - 200 null application/json; charset=utf-8 194.7757ms | MachineName=LVHUI-PC ThreadId=7
[2026-05-15 13:29:34.825 INF] Executed DbCommand (78ms) [Parameters=[@__p_1='?' (DbType = Int32), @__p_0='?' (DbType = Int32)], CommandType='"Text"', CommandTimeout='30']
SELECT t.id, t.name, t.schema_name, t.contact_email, t.is_active, t.ai_call_quota, t.ai_call_used, t.created_at
FROM tenants AS t
ORDER BY t.created_at DESC
LIMIT @__p_1 OFFSET @__p_0 | MachineName=LVHUI-PC ThreadId=7
[2026-05-15 13:29:34.827 INF] Executed DbCommand (63ms) [Parameters=[@__p_1='?' (DbType = Int32), @__p_0='?' (DbType = Int32)], CommandType='"Text"', CommandTimeout='30']
SELECT t.id, t.name, t.schema_name, t.contact_email, t.is_active, t.ai_call_quota, t.ai_call_used, t.created_at
FROM tenants AS t
ORDER BY t.created_at DESC
LIMIT @__p_1 OFFSET @__p_0 | MachineName=LVHUI-PC ThreadId=9
[2026-05-15 13:29:34.829 INF] Executing OkObjectResult, writing value of type 'ExamSystem.Application.Common.Models.PaginatedResult`1[[ExamSystem.Application.Tenants.Queries.TenantDto, ExamSystem.Application, Version=1.0.0.0, Culture=neutral, PublicKeyToken=null]]'. | MachineName=LVHUI-PC ThreadId=7
[2026-05-15 13:29:34.832 INF] Executing OkObjectResult, writing value of type 'ExamSystem.Application.Common.Models.PaginatedResult`1[[ExamSystem.Application.Tenants.Queries.TenantDto, ExamSystem.Application, Version=1.0.0.0, Culture=neutral, PublicKeyToken=null]]'. | MachineName=LVHUI-PC ThreadId=9
[2026-05-15 13:29:34.839 INF] Executed action ExamSystem.API.Controllers.TenantsController.GetTenants (ExamSystem.API) in 170.5357ms | MachineName=LVHUI-PC ThreadId=7
[2026-05-15 13:29:34.841 INF] Executed action ExamSystem.API.Controllers.TenantsController.GetTenants (ExamSystem.API) in 142.8732ms | MachineName=LVHUI-PC ThreadId=9
[2026-05-15 13:29:34.845 INF] Executed endpoint 'ExamSystem.API.Controllers.TenantsController.GetTenants (ExamSystem.API)' | MachineName=LVHUI-PC ThreadId=7
[2026-05-15 13:29:34.848 INF] Executed endpoint 'ExamSystem.API.Controllers.TenantsController.GetTenants (ExamSystem.API)' | MachineName=LVHUI-PC ThreadId=9
[2026-05-15 13:29:34.850 INF] HTTP GET /api/tenants?page=1&pageSize=200 → 200 | 204ms | User=admin(admin) Role=SuperAdmin Tenant=- IP=127.0.0.1 TraceId=0HNLI8BF9RFPT:00000001 | MachineName=LVHUI-PC ThreadId=7
[2026-05-15 13:29:34.853 INF] HTTP GET /api/tenants?page=1&pageSize=1 → 200 | 160ms | User=admin(admin) Role=SuperAdmin Tenant=- IP=127.0.0.1 TraceId=0HNLI8BF9RFPU:00000001 | MachineName=LVHUI-PC ThreadId=9
[2026-05-15 13:29:34.857 INF] Request finished HTTP/1.1 GET http://localhost:5146/api/tenants?page=1&pageSize=200 - 200 null application/json; charset=utf-8 241.6539ms | MachineName=LVHUI-PC ThreadId=7
[2026-05-15 13:29:34.860 INF] Request finished HTTP/1.1 GET http://localhost:5146/api/tenants?page=1&pageSize=1 - 200 null application/json; charset=utf-8 172.2581ms | MachineName=LVHUI-PC ThreadId=9
[2026-05-15 13:29:34.996 INF] Request starting HTTP/1.1 GET http://localhost:5146/api/users?page=1&pageSize=1 - null null | MachineName=LVHUI-PC ThreadId=9
[2026-05-15 13:29:35.000 INF] Executing endpoint 'ExamSystem.API.Controllers.UsersController.GetUsers (ExamSystem.API)' | MachineName=LVHUI-PC ThreadId=9
[2026-05-15 13:29:35.003 INF] Route matched with {action = "GetUsers", controller = "Users"}. Executing controller action with signature System.Threading.Tasks.Task`1[Microsoft.AspNetCore.Mvc.IActionResult] GetUsers(System.Nullable`1[System.Guid], System.Nullable`1[ExamSystem.Domain.Enums.UserRole], System.Nullable`1[System.Boolean], System.String, Int32, Int32, System.Threading.CancellationToken) on controller ExamSystem.API.Controllers.UsersController (ExamSystem.API). | MachineName=LVHUI-PC ThreadId=9
[2026-05-15 13:29:35.074 INF] Executed DbCommand (65ms) [Parameters=[], CommandType='"Text"', CommandTimeout='30']
SELECT count(*)
FROM users AS u | MachineName=LVHUI-PC ThreadId=9
[2026-05-15 13:29:35.153 INF] Executed DbCommand (76ms) [Parameters=[@__p_1='?' (DbType = Int32), @__p_0='?' (DbType = Int32)], CommandType='"Text"', CommandTimeout='30']
SELECT t.id, t.tenant_id, t0.name, t.username, t.email, t.role, t.is_active, t.last_login_at, t.created_at
FROM (
    SELECT u.id, u.created_at, u.email, u.is_active, u.last_login_at, u.role, u.tenant_id, u.username
    FROM users AS u
    ORDER BY u.created_at DESC
    LIMIT @__p_1 OFFSET @__p_0
) AS t
LEFT JOIN tenants AS t0 ON t.tenant_id = t0.id
ORDER BY t.created_at DESC | MachineName=LVHUI-PC ThreadId=9
[2026-05-15 13:29:35.161 INF] Executing OkObjectResult, writing value of type 'ExamSystem.Application.Common.Models.PaginatedResult`1[[ExamSystem.Application.Users.Queries.UserDto, ExamSystem.Application, Version=1.0.0.0, Culture=neutral, PublicKeyToken=null]]'. | MachineName=LVHUI-PC ThreadId=9
[2026-05-15 13:29:35.167 INF] Executed action ExamSystem.API.Controllers.UsersController.GetUsers (ExamSystem.API) in 159.7386ms | MachineName=LVHUI-PC ThreadId=9
[2026-05-15 13:29:35.174 INF] Executed endpoint 'ExamSystem.API.Controllers.UsersController.GetUsers (ExamSystem.API)' | MachineName=LVHUI-PC ThreadId=9
[2026-05-15 13:29:35.180 INF] HTTP GET /api/users?page=1&pageSize=1 → 200 | 180ms | User=admin(admin) Role=SuperAdmin Tenant=- IP=127.0.0.1 TraceId=0HNLI8BF9RFPV:00000001 | MachineName=LVHUI-PC ThreadId=9
[2026-05-15 13:29:35.185 INF] Request finished HTTP/1.1 GET http://localhost:5146/api/users?page=1&pageSize=1 - 200 null application/json; charset=utf-8 188.5154ms | MachineName=LVHUI-PC ThreadId=9
[2026-05-15 13:29:35.598 INF] Request starting HTTP/1.1 GET http://localhost:5146/api/books?page=1&pageSize=10 - null null | MachineName=LVHUI-PC ThreadId=9
[2026-05-15 13:29:35.605 INF] Executing endpoint 'ExamSystem.API.Controllers.BooksController.GetBooks (ExamSystem.API)' | MachineName=LVHUI-PC ThreadId=9
[2026-05-15 13:29:35.609 INF] Route matched with {action = "GetBooks", controller = "Books"}. Executing controller action with signature System.Threading.Tasks.Task`1[Microsoft.AspNetCore.Mvc.IActionResult] GetBooks(System.String, System.String, System.String, System.Nullable`1[System.Boolean], Int32, Int32, System.Threading.CancellationToken) on controller ExamSystem.API.Controllers.BooksController (ExamSystem.API). | MachineName=LVHUI-PC ThreadId=9
[2026-05-15 13:29:35.680 INF] Executed DbCommand (64ms) [Parameters=[], CommandType='"Text"', CommandTimeout='30']
SELECT count(*)::int
FROM books AS b | MachineName=LVHUI-PC ThreadId=9
[2026-05-15 13:29:35.751 INF] Request starting HTTP/1.1 GET http://localhost:5146/api/tenants?page=1&pageSize=200 - null null | MachineName=LVHUI-PC ThreadId=31
[2026-05-15 13:29:35.752 INF] Executed DbCommand (65ms) [Parameters=[@__p_1='?' (DbType = Int32), @__p_0='?' (DbType = Int32)], CommandType='"Text"', CommandTimeout='30']
SELECT b.id, b.author, b.category, b.cover_image_url, b.created_at, b.description, b.file_size_bytes, b.is_active, b.isbn, b.page_count, b.pdf_file_path, b.publish_year, b.publisher, b.tags, b.tenant_id, b.title, b.updated_at, b.uploaded_by_id, b.uploaded_by_name
FROM books AS b
ORDER BY b.created_at DESC
LIMIT @__p_1 OFFSET @__p_0 | MachineName=LVHUI-PC ThreadId=9
[2026-05-15 13:29:35.757 INF] Executing endpoint 'ExamSystem.API.Controllers.TenantsController.GetTenants (ExamSystem.API)' | MachineName=LVHUI-PC ThreadId=31
[2026-05-15 13:29:35.762 INF] Executing OkObjectResult, writing value of type 'ExamSystem.Application.Common.Models.PaginatedResult`1[[ExamSystem.Application.Books.BookDto, ExamSystem.Application, Version=1.0.0.0, Culture=neutral, PublicKeyToken=null]]'. | MachineName=LVHUI-PC ThreadId=9
[2026-05-15 13:29:35.765 INF] Route matched with {action = "GetTenants", controller = "Tenants"}. Executing controller action with signature System.Threading.Tasks.Task`1[Microsoft.AspNetCore.Mvc.IActionResult] GetTenants(Int32, Int32, System.Threading.CancellationToken) on controller ExamSystem.API.Controllers.TenantsController (ExamSystem.API). | MachineName=LVHUI-PC ThreadId=31
[2026-05-15 13:29:35.772 INF] Executed action ExamSystem.API.Controllers.BooksController.GetBooks (ExamSystem.API) in 156.216ms | MachineName=LVHUI-PC ThreadId=9
[2026-05-15 13:29:35.781 INF] Executed endpoint 'ExamSystem.API.Controllers.BooksController.GetBooks (ExamSystem.API)' | MachineName=LVHUI-PC ThreadId=9
[2026-05-15 13:29:35.784 INF] HTTP GET /api/books?page=1&pageSize=10 → 200 | 180ms | User=admin(admin) Role=SuperAdmin Tenant=- IP=127.0.0.1 TraceId=0HNLI8BF9RFQ0:00000001 | MachineName=LVHUI-PC ThreadId=9
[2026-05-15 13:29:35.787 INF] Request finished HTTP/1.1 GET http://localhost:5146/api/books?page=1&pageSize=10 - 200 null application/json; charset=utf-8 189.2809ms | MachineName=LVHUI-PC ThreadId=9
[2026-05-15 13:29:35.852 INF] Executed DbCommand (75ms) [Parameters=[], CommandType='"Text"', CommandTimeout='30']
SELECT count(*)
FROM tenants AS t | MachineName=LVHUI-PC ThreadId=9
[2026-05-15 13:29:35.918 INF] Executed DbCommand (63ms) [Parameters=[@__p_1='?' (DbType = Int32), @__p_0='?' (DbType = Int32)], CommandType='"Text"', CommandTimeout='30']
SELECT t.id, t.name, t.schema_name, t.contact_email, t.is_active, t.ai_call_quota, t.ai_call_used, t.created_at
FROM tenants AS t
ORDER BY t.created_at DESC
LIMIT @__p_1 OFFSET @__p_0 | MachineName=LVHUI-PC ThreadId=9
[2026-05-15 13:29:35.924 INF] Executing OkObjectResult, writing value of type 'ExamSystem.Application.Common.Models.PaginatedResult`1[[ExamSystem.Application.Tenants.Queries.TenantDto, ExamSystem.Application, Version=1.0.0.0, Culture=neutral, PublicKeyToken=null]]'. | MachineName=LVHUI-PC ThreadId=9
[2026-05-15 13:29:35.930 INF] Executed action ExamSystem.API.Controllers.TenantsController.GetTenants (ExamSystem.API) in 153.1462ms | MachineName=LVHUI-PC ThreadId=9
[2026-05-15 13:29:35.935 INF] Executed endpoint 'ExamSystem.API.Controllers.TenantsController.GetTenants (ExamSystem.API)' | MachineName=LVHUI-PC ThreadId=9
[2026-05-15 13:29:35.940 INF] HTTP GET /api/tenants?page=1&pageSize=200 → 200 | 184ms | User=admin(admin) Role=SuperAdmin Tenant=- IP=127.0.0.1 TraceId=0HNLI8BF9RFQ1:00000001 | MachineName=LVHUI-PC ThreadId=9
[2026-05-15 13:29:35.945 INF] Request finished HTTP/1.1 GET http://localhost:5146/api/tenants?page=1&pageSize=200 - 200 null application/json; charset=utf-8 193.1482ms | MachineName=LVHUI-PC ThreadId=9
[2026-05-15 13:29:38.346 INF] Request starting HTTP/1.1 GET http://localhost:5146/api/questions?page=1&pageSize=20 - null null | MachineName=LVHUI-PC ThreadId=13
[2026-05-15 13:29:38.352 INF] Executing endpoint 'ExamSystem.API.Controllers.QuestionsController.GetQuestions (ExamSystem.API)' | MachineName=LVHUI-PC ThreadId=13
[2026-05-15 13:29:38.357 INF] Route matched with {action = "GetQuestions", controller = "Questions"}. Executing controller action with signature System.Threading.Tasks.Task`1[Microsoft.AspNetCore.Mvc.IActionResult] GetQuestions(Int32, Int32, System.Nullable`1[ExamSystem.Domain.Enums.QuestionType], System.Nullable`1[System.Int32], System.String, System.Threading.CancellationToken) on controller ExamSystem.API.Controllers.QuestionsController (ExamSystem.API). | MachineName=LVHUI-PC ThreadId=13
[2026-05-15 13:29:38.366 INF] Executing OkObjectResult, writing value of type 'ExamSystem.Application.Common.Models.PaginatedResult`1[[ExamSystem.Application.Questions.Queries.QuestionDto, ExamSystem.Application, Version=1.0.0.0, Culture=neutral, PublicKeyToken=null]]'. | MachineName=LVHUI-PC ThreadId=13
[2026-05-15 13:29:38.370 INF] Executed action ExamSystem.API.Controllers.QuestionsController.GetQuestions (ExamSystem.API) in 5.0623ms | MachineName=LVHUI-PC ThreadId=13
[2026-05-15 13:29:38.374 INF] Executed endpoint 'ExamSystem.API.Controllers.QuestionsController.GetQuestions (ExamSystem.API)' | MachineName=LVHUI-PC ThreadId=13
[2026-05-15 13:29:38.377 INF] HTTP GET /api/questions?page=1&pageSize=20 → 200 | 25ms | User=admin(admin) Role=SuperAdmin Tenant=- IP=127.0.0.1 TraceId=0HNLI8BF9RFQ2:00000001 | MachineName=LVHUI-PC ThreadId=13
[2026-05-15 13:29:38.382 INF] Request finished HTTP/1.1 GET http://localhost:5146/api/questions?page=1&pageSize=20 - 200 null application/json; charset=utf-8 35.9037ms | MachineName=LVHUI-PC ThreadId=13
[2026-05-15 13:29:40.251 INF] Request starting HTTP/1.1 GET http://localhost:5146/api/books?page=1&pageSize=10 - null null | MachineName=LVHUI-PC ThreadId=7
[2026-05-15 13:29:40.256 INF] Executing endpoint 'ExamSystem.API.Controllers.BooksController.GetBooks (ExamSystem.API)' | MachineName=LVHUI-PC ThreadId=7
[2026-05-15 13:29:40.262 INF] Route matched with {action = "GetBooks", controller = "Books"}. Executing controller action with signature System.Threading.Tasks.Task`1[Microsoft.AspNetCore.Mvc.IActionResult] GetBooks(System.String, System.String, System.String, System.Nullable`1[System.Boolean], Int32, Int32, System.Threading.CancellationToken) on controller ExamSystem.API.Controllers.BooksController (ExamSystem.API). | MachineName=LVHUI-PC ThreadId=7
[2026-05-15 13:29:40.339 INF] Executed DbCommand (65ms) [Parameters=[], CommandType='"Text"', CommandTimeout='30']
SELECT count(*)::int
FROM books AS b | MachineName=LVHUI-PC ThreadId=7
[2026-05-15 13:29:40.422 INF] Executed DbCommand (76ms) [Parameters=[@__p_1='?' (DbType = Int32), @__p_0='?' (DbType = Int32)], CommandType='"Text"', CommandTimeout='30']
SELECT b.id, b.author, b.category, b.cover_image_url, b.created_at, b.description, b.file_size_bytes, b.is_active, b.isbn, b.page_count, b.pdf_file_path, b.publish_year, b.publisher, b.tags, b.tenant_id, b.title, b.updated_at, b.uploaded_by_id, b.uploaded_by_name
FROM books AS b
ORDER BY b.created_at DESC
LIMIT @__p_1 OFFSET @__p_0 | MachineName=LVHUI-PC ThreadId=7
[2026-05-15 13:29:40.428 INF] Executing OkObjectResult, writing value of type 'ExamSystem.Application.Common.Models.PaginatedResult`1[[ExamSystem.Application.Books.BookDto, ExamSystem.Application, Version=1.0.0.0, Culture=neutral, PublicKeyToken=null]]'. | MachineName=LVHUI-PC ThreadId=7
[2026-05-15 13:29:40.434 INF] Executed action ExamSystem.API.Controllers.BooksController.GetBooks (ExamSystem.API) in 164.8972ms | MachineName=LVHUI-PC ThreadId=7
[2026-05-15 13:29:40.438 INF] Executed endpoint 'ExamSystem.API.Controllers.BooksController.GetBooks (ExamSystem.API)' | MachineName=LVHUI-PC ThreadId=7
[2026-05-15 13:29:40.443 INF] HTTP GET /api/books?page=1&pageSize=10 → 200 | 187ms | User=admin(admin) Role=SuperAdmin Tenant=- IP=127.0.0.1 TraceId=0HNLI8BF9RFQ3:00000001 | MachineName=LVHUI-PC ThreadId=7
[2026-05-15 13:29:40.448 INF] Request finished HTTP/1.1 GET http://localhost:5146/api/books?page=1&pageSize=10 - 200 null application/json; charset=utf-8 196.9608ms | MachineName=LVHUI-PC ThreadId=7
[2026-05-15 13:29:40.555 INF] Request starting HTTP/1.1 GET http://localhost:5146/api/tenants?page=1&pageSize=200 - null null | MachineName=LVHUI-PC ThreadId=9
[2026-05-15 13:29:40.560 INF] Executing endpoint 'ExamSystem.API.Controllers.TenantsController.GetTenants (ExamSystem.API)' | MachineName=LVHUI-PC ThreadId=9
[2026-05-15 13:29:40.567 INF] Route matched with {action = "GetTenants", controller = "Tenants"}. Executing controller action with signature System.Threading.Tasks.Task`1[Microsoft.AspNetCore.Mvc.IActionResult] GetTenants(Int32, Int32, System.Threading.CancellationToken) on controller ExamSystem.API.Controllers.TenantsController (ExamSystem.API). | MachineName=LVHUI-PC ThreadId=9
[2026-05-15 13:29:40.638 INF] Executed DbCommand (64ms) [Parameters=[], CommandType='"Text"', CommandTimeout='30']
SELECT count(*)
FROM tenants AS t | MachineName=LVHUI-PC ThreadId=9
[2026-05-15 13:29:40.706 INF] Executed DbCommand (65ms) [Parameters=[@__p_1='?' (DbType = Int32), @__p_0='?' (DbType = Int32)], CommandType='"Text"', CommandTimeout='30']
SELECT t.id, t.name, t.schema_name, t.contact_email, t.is_active, t.ai_call_quota, t.ai_call_used, t.created_at
FROM tenants AS t
ORDER BY t.created_at DESC
LIMIT @__p_1 OFFSET @__p_0 | MachineName=LVHUI-PC ThreadId=9
[2026-05-15 13:29:40.724 INF] Executing OkObjectResult, writing value of type 'ExamSystem.Application.Common.Models.PaginatedResult`1[[ExamSystem.Application.Tenants.Queries.TenantDto, ExamSystem.Application, Version=1.0.0.0, Culture=neutral, PublicKeyToken=null]]'. | MachineName=LVHUI-PC ThreadId=9
[2026-05-15 13:29:40.729 INF] Executed action ExamSystem.API.Controllers.TenantsController.GetTenants (ExamSystem.API) in 154.8997ms | MachineName=LVHUI-PC ThreadId=9
[2026-05-15 13:29:40.733 INF] Executed endpoint 'ExamSystem.API.Controllers.TenantsController.GetTenants (ExamSystem.API)' | MachineName=LVHUI-PC ThreadId=9
[2026-05-15 13:29:40.737 INF] HTTP GET /api/tenants?page=1&pageSize=200 → 200 | 176ms | User=admin(admin) Role=SuperAdmin Tenant=- IP=127.0.0.1 TraceId=0HNLI8BF9RFQ4:00000001 | MachineName=LVHUI-PC ThreadId=9
[2026-05-15 13:29:40.741 INF] Request finished HTTP/1.1 GET http://localhost:5146/api/tenants?page=1&pageSize=200 - 200 null application/json; charset=utf-8 185.9046ms | MachineName=LVHUI-PC ThreadId=9
[2026-05-15 13:30:48.640 INF] Request starting HTTP/1.1 GET http://localhost:5146/api/messages/inbox?page=1&pageSize=10 - null null | MachineName=LVHUI-PC ThreadId=31
[2026-05-15 13:30:48.644 INF] Executing endpoint 'ExamSystem.API.Controllers.MessagesController.GetInbox (ExamSystem.API)' | MachineName=LVHUI-PC ThreadId=31
[2026-05-15 13:30:48.651 INF] Route matched with {action = "GetInbox", controller = "Messages"}. Executing controller action with signature System.Threading.Tasks.Task`1[Microsoft.AspNetCore.Mvc.IActionResult] GetInbox(Int32, Int32, System.Threading.CancellationToken) on controller ExamSystem.API.Controllers.MessagesController (ExamSystem.API). | MachineName=LVHUI-PC ThreadId=31
[2026-05-15 13:30:48.657 INF] Executing ObjectResult, writing value of type 'Microsoft.AspNetCore.Mvc.ProblemDetails'. | MachineName=LVHUI-PC ThreadId=31
[2026-05-15 13:30:48.661 INF] Executed action ExamSystem.API.Controllers.MessagesController.GetInbox (ExamSystem.API) in 4.0646ms | MachineName=LVHUI-PC ThreadId=31
[2026-05-15 13:30:48.675 INF] Executed endpoint 'ExamSystem.API.Controllers.MessagesController.GetInbox (ExamSystem.API)' | MachineName=LVHUI-PC ThreadId=31
[2026-05-15 13:30:48.680 WRN] HTTP GET /api/messages/inbox?page=1&pageSize=10 → 401 | 36ms | User=admin(admin) Role=SuperAdmin Tenant=- IP=127.0.0.1 TraceId=0HNLI8BF9RFQ5:00000001 | MachineName=LVHUI-PC ThreadId=31
[2026-05-15 13:30:48.685 INF] Request finished HTTP/1.1 GET http://localhost:5146/api/messages/inbox?page=1&pageSize=10 - 401 null application/json; charset=utf-8 44.606ms | MachineName=LVHUI-PC ThreadId=31
[2026-05-15 13:30:48.808 INF] Request starting HTTP/1.1 GET http://localhost:5146/api/tenants?page=1&pageSize=200 - null null | MachineName=LVHUI-PC ThreadId=41
[2026-05-15 13:30:48.823 INF] Executing endpoint 'ExamSystem.API.Controllers.TenantsController.GetTenants (ExamSystem.API)' | MachineName=LVHUI-PC ThreadId=41
[2026-05-15 13:30:48.828 INF] Route matched with {action = "GetTenants", controller = "Tenants"}. Executing controller action with signature System.Threading.Tasks.Task`1[Microsoft.AspNetCore.Mvc.IActionResult] GetTenants(Int32, Int32, System.Threading.CancellationToken) on controller ExamSystem.API.Controllers.TenantsController (ExamSystem.API). | MachineName=LVHUI-PC ThreadId=41
[2026-05-15 13:30:48.866 INF] Request starting HTTP/1.1 GET http://localhost:5146/api/exam-papers?page=1&pageSize=1 - null null | MachineName=LVHUI-PC ThreadId=31
[2026-05-15 13:30:48.870 INF] Executing endpoint 'ExamSystem.API.Controllers.ExamPapersController.GetExamPapers (ExamSystem.API)' | MachineName=LVHUI-PC ThreadId=31
[2026-05-15 13:30:48.873 INF] Route matched with {action = "GetExamPapers", controller = "ExamPapers"}. Executing controller action with signature System.Threading.Tasks.Task`1[Microsoft.AspNetCore.Mvc.IActionResult] GetExamPapers(Int32, Int32, System.Nullable`1[ExamSystem.Domain.Enums.ExamStatus], System.Threading.CancellationToken) on controller ExamSystem.API.Controllers.ExamPapersController (ExamSystem.API). | MachineName=LVHUI-PC ThreadId=31
[2026-05-15 13:30:48.899 INF] Request starting HTTP/1.1 GET http://localhost:5146/api/questions?page=1&pageSize=1 - null null | MachineName=LVHUI-PC ThreadId=36
[2026-05-15 13:30:48.901 WRN] HTTP GET /api/questions?page=1&pageSize=1 → 400 | 0ms | User=-(-) Role=- Tenant=- IP=127.0.0.1 TraceId=0HNLI8BF9RFQ8:00000001 | MachineName=LVHUI-PC ThreadId=36
[2026-05-15 13:30:48.911 INF] Executed DbCommand (78ms) [Parameters=[], CommandType='"Text"', CommandTimeout='30']
SELECT count(*)
FROM tenants AS t | MachineName=LVHUI-PC ThreadId=41
[2026-05-15 13:30:48.921 INF] Request finished HTTP/1.1 GET http://localhost:5146/api/questions?page=1&pageSize=1 - 400 null application/json; charset=utf-8 22.7539ms | MachineName=LVHUI-PC ThreadId=36
[2026-05-15 13:30:48.942 INF] Executed DbCommand (64ms) [Parameters=[], CommandType='"Text"', CommandTimeout='30']
SELECT count(*)
FROM exam_papers AS e | MachineName=LVHUI-PC ThreadId=36
[2026-05-15 13:30:48.992 INF] Executed DbCommand (66ms) [Parameters=[@__p_1='?' (DbType = Int32), @__p_0='?' (DbType = Int32)], CommandType='"Text"', CommandTimeout='30']
SELECT t.id, t.name, t.schema_name, t.contact_email, t.is_active, t.ai_call_quota, t.ai_call_used, t.created_at
FROM tenants AS t
ORDER BY t.created_at DESC
LIMIT @__p_1 OFFSET @__p_0 | MachineName=LVHUI-PC ThreadId=36
[2026-05-15 13:30:48.995 INF] Executing OkObjectResult, writing value of type 'ExamSystem.Application.Common.Models.PaginatedResult`1[[ExamSystem.Application.Tenants.Queries.TenantDto, ExamSystem.Application, Version=1.0.0.0, Culture=neutral, PublicKeyToken=null]]'. | MachineName=LVHUI-PC ThreadId=36
[2026-05-15 13:30:48.998 INF] Executed action ExamSystem.API.Controllers.TenantsController.GetTenants (ExamSystem.API) in 165.2777ms | MachineName=LVHUI-PC ThreadId=36
[2026-05-15 13:30:49.001 INF] Executed endpoint 'ExamSystem.API.Controllers.TenantsController.GetTenants (ExamSystem.API)' | MachineName=LVHUI-PC ThreadId=36
[2026-05-15 13:30:49.005 INF] HTTP GET /api/tenants?page=1&pageSize=200 → 200 | 182ms | User=admin(admin) Role=SuperAdmin Tenant=- IP=127.0.0.1 TraceId=0HNLI8BF9RFQ6:00000001 | MachineName=LVHUI-PC ThreadId=36
[2026-05-15 13:30:49.008 INF] Request finished HTTP/1.1 GET http://localhost:5146/api/tenants?page=1&pageSize=200 - 200 null application/json; charset=utf-8 200.1495ms | MachineName=LVHUI-PC ThreadId=36
[2026-05-15 13:30:49.022 INF] Executed DbCommand (76ms) [Parameters=[@__p_1='?' (DbType = Int32), @__p_0='?' (DbType = Int32)], CommandType='"Text"', CommandTimeout='30']
SELECT e.id, e.title, e.description, e.total_score, e.duration_minutes, e.status, e.start_time, e.end_time, e.anti_cheating_enabled, (
    SELECT count(*)::int
    FROM exam_questions AS e0
    WHERE e.id = e0.exam_paper_id), e.created_at
FROM exam_papers AS e
ORDER BY e.created_at DESC
LIMIT @__p_1 OFFSET @__p_0 | MachineName=LVHUI-PC ThreadId=36
[2026-05-15 13:30:49.022 INF] Request starting HTTP/1.1 GET http://localhost:5146/api/exam-papers?page=1&pageSize=5 - null null | MachineName=LVHUI-PC ThreadId=31
[2026-05-15 13:30:49.026 INF] Executing OkObjectResult, writing value of type 'ExamSystem.Application.Common.Models.PaginatedResult`1[[ExamSystem.Application.ExamPapers.Queries.ExamPaperDto, ExamSystem.Application, Version=1.0.0.0, Culture=neutral, PublicKeyToken=null]]'. | MachineName=LVHUI-PC ThreadId=36
[2026-05-15 13:30:49.028 INF] Executing endpoint 'ExamSystem.API.Controllers.ExamPapersController.GetExamPapers (ExamSystem.API)' | MachineName=LVHUI-PC ThreadId=31
[2026-05-15 13:30:49.033 INF] Executed action ExamSystem.API.Controllers.ExamPapersController.GetExamPapers (ExamSystem.API) in 155.4621ms | MachineName=LVHUI-PC ThreadId=36
[2026-05-15 13:30:49.036 INF] Route matched with {action = "GetExamPapers", controller = "ExamPapers"}. Executing controller action with signature System.Threading.Tasks.Task`1[Microsoft.AspNetCore.Mvc.IActionResult] GetExamPapers(Int32, Int32, System.Nullable`1[ExamSystem.Domain.Enums.ExamStatus], System.Threading.CancellationToken) on controller ExamSystem.API.Controllers.ExamPapersController (ExamSystem.API). | MachineName=LVHUI-PC ThreadId=31
[2026-05-15 13:30:49.039 INF] Executed endpoint 'ExamSystem.API.Controllers.ExamPapersController.GetExamPapers (ExamSystem.API)' | MachineName=LVHUI-PC ThreadId=36
[2026-05-15 13:30:49.044 INF] HTTP GET /api/exam-papers?page=1&pageSize=1 → 200 | 174ms | User=-(-) Role=- Tenant=- IP=127.0.0.1 TraceId=0HNLI8BF9RFQ7:00000001 | MachineName=LVHUI-PC ThreadId=36
[2026-05-15 13:30:49.047 INF] Request finished HTTP/1.1 GET http://localhost:5146/api/exam-papers?page=1&pageSize=1 - 200 null application/json; charset=utf-8 181.1987ms | MachineName=LVHUI-PC ThreadId=36
[2026-05-15 13:30:49.106 INF] Executed DbCommand (63ms) [Parameters=[], CommandType='"Text"', CommandTimeout='30']
SELECT count(*)
FROM exam_papers AS e | MachineName=LVHUI-PC ThreadId=36
[2026-05-15 13:30:49.175 INF] Executed DbCommand (65ms) [Parameters=[@__p_1='?' (DbType = Int32), @__p_0='?' (DbType = Int32)], CommandType='"Text"', CommandTimeout='30']
SELECT e.id, e.title, e.description, e.total_score, e.duration_minutes, e.status, e.start_time, e.end_time, e.anti_cheating_enabled, (
    SELECT count(*)::int
    FROM exam_questions AS e0
    WHERE e.id = e0.exam_paper_id), e.created_at
FROM exam_papers AS e
ORDER BY e.created_at DESC
LIMIT @__p_1 OFFSET @__p_0 | MachineName=LVHUI-PC ThreadId=41
[2026-05-15 13:30:49.177 INF] Request starting HTTP/1.1 GET http://localhost:5146/api/users?page=1&pageSize=1 - null null | MachineName=LVHUI-PC ThreadId=13
[2026-05-15 13:30:49.177 INF] Request starting HTTP/1.1 GET http://localhost:5146/api/tenants?page=1&pageSize=1 - null null | MachineName=LVHUI-PC ThreadId=7
[2026-05-15 13:30:49.180 INF] Executing OkObjectResult, writing value of type 'ExamSystem.Application.Common.Models.PaginatedResult`1[[ExamSystem.Application.ExamPapers.Queries.ExamPaperDto, ExamSystem.Application, Version=1.0.0.0, Culture=neutral, PublicKeyToken=null]]'. | MachineName=LVHUI-PC ThreadId=41
[2026-05-15 13:30:49.184 INF] Authorization failed. These requirements were not met:
RolesAuthorizationRequirement:User.IsInRole must be true for one of the following roles: (SuperAdmin|Admin) | MachineName=LVHUI-PC ThreadId=13
[2026-05-15 13:30:49.188 INF] Authorization failed. These requirements were not met:
RolesAuthorizationRequirement:User.IsInRole must be true for one of the following roles: (SuperAdmin) | MachineName=LVHUI-PC ThreadId=7
[2026-05-15 13:30:49.194 INF] Executed action ExamSystem.API.Controllers.ExamPapersController.GetExamPapers (ExamSystem.API) in 151.4095ms | MachineName=LVHUI-PC ThreadId=41
[2026-05-15 13:30:49.197 INF] AuthenticationScheme: Bearer was challenged. | MachineName=LVHUI-PC ThreadId=13
[2026-05-15 13:30:49.201 INF] AuthenticationScheme: Bearer was challenged. | MachineName=LVHUI-PC ThreadId=7
[2026-05-15 13:30:49.203 INF] Executed endpoint 'ExamSystem.API.Controllers.ExamPapersController.GetExamPapers (ExamSystem.API)' | MachineName=LVHUI-PC ThreadId=41
[2026-05-15 13:30:49.206 WRN] HTTP GET /api/users?page=1&pageSize=1 → 401 | 22ms | User=-(-) Role=- Tenant=- IP=127.0.0.1 TraceId=0HNLI8BF9RFQB:00000001 | MachineName=LVHUI-PC ThreadId=13
[2026-05-15 13:30:49.209 WRN] HTTP GET /api/tenants?page=1&pageSize=1 → 401 | 21ms | User=-(-) Role=- Tenant=- IP=127.0.0.1 TraceId=0HNLI8BF9RFQA:00000001 | MachineName=LVHUI-PC ThreadId=7
[2026-05-15 13:30:49.212 INF] HTTP GET /api/exam-papers?page=1&pageSize=5 → 200 | 183ms | User=-(-) Role=- Tenant=- IP=127.0.0.1 TraceId=0HNLI8BF9RFQ9:00000001 | MachineName=LVHUI-PC ThreadId=41
[2026-05-15 13:30:49.215 INF] Request finished HTTP/1.1 GET http://localhost:5146/api/users?page=1&pageSize=1 - 401 0 null 37.6131ms | MachineName=LVHUI-PC ThreadId=13
[2026-05-15 13:30:49.218 INF] Request finished HTTP/1.1 GET http://localhost:5146/api/tenants?page=1&pageSize=1 - 401 0 null 41.057ms | MachineName=LVHUI-PC ThreadId=7
[2026-05-15 13:30:49.222 INF] Request finished HTTP/1.1 GET http://localhost:5146/api/exam-papers?page=1&pageSize=5 - 200 null application/json; charset=utf-8 199.7475ms | MachineName=LVHUI-PC ThreadId=41
[2026-05-15 13:30:49.238 INF] Request starting HTTP/1.1 GET http://localhost:5146/api/questions?page=1&pageSize=20 - null null | MachineName=LVHUI-PC ThreadId=7
[2026-05-15 13:30:49.244 WRN] HTTP GET /api/questions?page=1&pageSize=20 → 400 | 0ms | User=-(-) Role=- Tenant=- IP=127.0.0.1 TraceId=0HNLI8BF9RFQC:00000001 | MachineName=LVHUI-PC ThreadId=7
[2026-05-15 13:30:49.248 INF] Request finished HTTP/1.1 GET http://localhost:5146/api/questions?page=1&pageSize=20 - 400 null application/json; charset=utf-8 9.3391ms | MachineName=LVHUI-PC ThreadId=7
[2026-05-15 13:30:49.422 INF] Request starting HTTP/1.1 GET http://localhost:5146/api/exam-papers?page=1&pageSize=1 - null null | MachineName=LVHUI-PC ThreadId=7
[2026-05-15 13:30:49.427 INF] Executing endpoint 'ExamSystem.API.Controllers.ExamPapersController.GetExamPapers (ExamSystem.API)' | MachineName=LVHUI-PC ThreadId=7
[2026-05-15 13:30:49.431 INF] Route matched with {action = "GetExamPapers", controller = "ExamPapers"}. Executing controller action with signature System.Threading.Tasks.Task`1[Microsoft.AspNetCore.Mvc.IActionResult] GetExamPapers(Int32, Int32, System.Nullable`1[ExamSystem.Domain.Enums.ExamStatus], System.Threading.CancellationToken) on controller ExamSystem.API.Controllers.ExamPapersController (ExamSystem.API). | MachineName=LVHUI-PC ThreadId=7
[2026-05-15 13:30:49.513 INF] Executed DbCommand (76ms) [Parameters=[], CommandType='"Text"', CommandTimeout='30']
SELECT count(*)
FROM exam_papers AS e | MachineName=LVHUI-PC ThreadId=7
[2026-05-15 13:30:49.546 INF] Request starting HTTP/1.1 GET http://localhost:5146/api/questions?page=1&pageSize=1 - null null | MachineName=LVHUI-PC ThreadId=31
[2026-05-15 13:30:49.551 WRN] HTTP GET /api/questions?page=1&pageSize=1 → 400 | 0ms | User=-(-) Role=- Tenant=- IP=127.0.0.1 TraceId=0HNLI8BF9RFQE:00000001 | MachineName=LVHUI-PC ThreadId=31
[2026-05-15 13:30:49.556 INF] Request finished HTTP/1.1 GET http://localhost:5146/api/questions?page=1&pageSize=1 - 400 null application/json; charset=utf-8 9.8514ms | MachineName=LVHUI-PC ThreadId=31
[2026-05-15 13:30:49.582 INF] Executed DbCommand (64ms) [Parameters=[@__p_1='?' (DbType = Int32), @__p_0='?' (DbType = Int32)], CommandType='"Text"', CommandTimeout='30']
SELECT e.id, e.title, e.description, e.total_score, e.duration_minutes, e.status, e.start_time, e.end_time, e.anti_cheating_enabled, (
    SELECT count(*)::int
    FROM exam_questions AS e0
    WHERE e.id = e0.exam_paper_id), e.created_at
FROM exam_papers AS e
ORDER BY e.created_at DESC
LIMIT @__p_1 OFFSET @__p_0 | MachineName=LVHUI-PC ThreadId=31
[2026-05-15 13:30:49.585 INF] Executing OkObjectResult, writing value of type 'ExamSystem.Application.Common.Models.PaginatedResult`1[[ExamSystem.Application.ExamPapers.Queries.ExamPaperDto, ExamSystem.Application, Version=1.0.0.0, Culture=neutral, PublicKeyToken=null]]'. | MachineName=LVHUI-PC ThreadId=31
[2026-05-15 13:30:49.590 INF] Executed action ExamSystem.API.Controllers.ExamPapersController.GetExamPapers (ExamSystem.API) in 153.2383ms | MachineName=LVHUI-PC ThreadId=31
[2026-05-15 13:30:49.593 INF] Executed endpoint 'ExamSystem.API.Controllers.ExamPapersController.GetExamPapers (ExamSystem.API)' | MachineName=LVHUI-PC ThreadId=31
[2026-05-15 13:30:49.596 INF] HTTP GET /api/exam-papers?page=1&pageSize=1 → 200 | 169ms | User=-(-) Role=- Tenant=- IP=127.0.0.1 TraceId=0HNLI8BF9RFQD:00000001 | MachineName=LVHUI-PC ThreadId=31
[2026-05-15 13:30:49.599 INF] Request finished HTTP/1.1 GET http://localhost:5146/api/exam-papers?page=1&pageSize=1 - 200 null application/json; charset=utf-8 176.9894ms | MachineName=LVHUI-PC ThreadId=31
[2026-05-15 13:30:49.684 INF] Request starting HTTP/1.1 GET http://localhost:5146/api/exam-papers?page=1&pageSize=5 - null null | MachineName=LVHUI-PC ThreadId=31
[2026-05-15 13:30:49.684 INF] Request starting HTTP/1.1 GET http://localhost:5146/api/tenants?page=1&pageSize=1 - null null | MachineName=LVHUI-PC ThreadId=41
[2026-05-15 13:30:49.684 INF] Request starting HTTP/1.1 GET http://localhost:5146/api/users?page=1&pageSize=1 - null null | MachineName=LVHUI-PC ThreadId=7
[2026-05-15 13:30:49.689 INF] Executing endpoint 'ExamSystem.API.Controllers.ExamPapersController.GetExamPapers (ExamSystem.API)' | MachineName=LVHUI-PC ThreadId=31
[2026-05-15 13:30:49.694 INF] Authorization failed. These requirements were not met:
RolesAuthorizationRequirement:User.IsInRole must be true for one of the following roles: (SuperAdmin) | MachineName=LVHUI-PC ThreadId=41
[2026-05-15 13:30:49.698 INF] Authorization failed. These requirements were not met:
RolesAuthorizationRequirement:User.IsInRole must be true for one of the following roles: (SuperAdmin|Admin) | MachineName=LVHUI-PC ThreadId=7
[2026-05-15 13:30:49.701 INF] Route matched with {action = "GetExamPapers", controller = "ExamPapers"}. Executing controller action with signature System.Threading.Tasks.Task`1[Microsoft.AspNetCore.Mvc.IActionResult] GetExamPapers(Int32, Int32, System.Nullable`1[ExamSystem.Domain.Enums.ExamStatus], System.Threading.CancellationToken) on controller ExamSystem.API.Controllers.ExamPapersController (ExamSystem.API). | MachineName=LVHUI-PC ThreadId=31
[2026-05-15 13:30:49.705 INF] AuthenticationScheme: Bearer was challenged. | MachineName=LVHUI-PC ThreadId=41
[2026-05-15 13:30:49.708 INF] AuthenticationScheme: Bearer was challenged. | MachineName=LVHUI-PC ThreadId=7
[2026-05-15 13:30:49.714 WRN] HTTP GET /api/tenants?page=1&pageSize=1 → 401 | 20ms | User=-(-) Role=- Tenant=- IP=127.0.0.1 TraceId=0HNLI8BF9RFQG:00000001 | MachineName=LVHUI-PC ThreadId=41
[2026-05-15 13:30:49.716 WRN] HTTP GET /api/users?page=1&pageSize=1 → 401 | 18ms | User=-(-) Role=- Tenant=- IP=127.0.0.1 TraceId=0HNLI8BF9RFQH:00000001 | MachineName=LVHUI-PC ThreadId=7
[2026-05-15 13:30:49.719 INF] Request finished HTTP/1.1 GET http://localhost:5146/api/tenants?page=1&pageSize=1 - 401 0 null 35.0228ms | MachineName=LVHUI-PC ThreadId=41
[2026-05-15 13:30:49.723 INF] Request finished HTTP/1.1 GET http://localhost:5146/api/users?page=1&pageSize=1 - 401 0 null 39.0231ms | MachineName=LVHUI-PC ThreadId=7
[2026-05-15 13:30:49.777 INF] Executed DbCommand (65ms) [Parameters=[], CommandType='"Text"', CommandTimeout='30']
SELECT count(*)
FROM exam_papers AS e | MachineName=LVHUI-PC ThreadId=7
[2026-05-15 13:30:49.856 INF] Executed DbCommand (75ms) [Parameters=[@__p_1='?' (DbType = Int32), @__p_0='?' (DbType = Int32)], CommandType='"Text"', CommandTimeout='30']
SELECT e.id, e.title, e.description, e.total_score, e.duration_minutes, e.status, e.start_time, e.end_time, e.anti_cheating_enabled, (
    SELECT count(*)::int
    FROM exam_questions AS e0
    WHERE e.id = e0.exam_paper_id), e.created_at
FROM exam_papers AS e
ORDER BY e.created_at DESC
LIMIT @__p_1 OFFSET @__p_0 | MachineName=LVHUI-PC ThreadId=7
[2026-05-15 13:30:49.861 INF] Executing OkObjectResult, writing value of type 'ExamSystem.Application.Common.Models.PaginatedResult`1[[ExamSystem.Application.ExamPapers.Queries.ExamPaperDto, ExamSystem.Application, Version=1.0.0.0, Culture=neutral, PublicKeyToken=null]]'. | MachineName=LVHUI-PC ThreadId=7
[2026-05-15 13:30:49.867 INF] Executed action ExamSystem.API.Controllers.ExamPapersController.GetExamPapers (ExamSystem.API) in 155.2614ms | MachineName=LVHUI-PC ThreadId=7
[2026-05-15 13:30:49.872 INF] Executed endpoint 'ExamSystem.API.Controllers.ExamPapersController.GetExamPapers (ExamSystem.API)' | MachineName=LVHUI-PC ThreadId=7
[2026-05-15 13:30:49.877 INF] HTTP GET /api/exam-papers?page=1&pageSize=5 → 200 | 188ms | User=-(-) Role=- Tenant=- IP=127.0.0.1 TraceId=0HNLI8BF9RFQF:00000001 | MachineName=LVHUI-PC ThreadId=7
[2026-05-15 13:30:49.881 INF] Request finished HTTP/1.1 GET http://localhost:5146/api/exam-papers?page=1&pageSize=5 - 200 null application/json; charset=utf-8 196.7133ms | MachineName=LVHUI-PC ThreadId=7
[2026-05-15 13:30:52.138 INF] Request starting HTTP/1.1 POST http://localhost:5146/api/auth/login - application/json 46 | MachineName=LVHUI-PC ThreadId=31
[2026-05-15 13:30:52.142 INF] Executing endpoint 'ExamSystem.API.Controllers.AuthController.Login (ExamSystem.API)' | MachineName=LVHUI-PC ThreadId=31
[2026-05-15 13:30:52.152 INF] Route matched with {action = "Login", controller = "Auth"}. Executing controller action with signature System.Threading.Tasks.Task`1[Microsoft.AspNetCore.Mvc.IActionResult] Login(ExamSystem.API.Controllers.LoginRequest, System.Threading.CancellationToken) on controller ExamSystem.API.Controllers.AuthController (ExamSystem.API). | MachineName=LVHUI-PC ThreadId=31
[2026-05-15 13:30:52.223 INF] Executed DbCommand (63ms) [Parameters=[@__command_Username_0='?'], CommandType='"Text"', CommandTimeout='30']
SELECT u.id, u.created_at, u.email, u.is_active, u.last_login_at, u.password_hash, u.role, u.tenant_id, u.updated_at, u.username
FROM users AS u
WHERE u.username = @__command_Username_0 AND u.is_active
LIMIT 1 | MachineName=LVHUI-PC ThreadId=13
[2026-05-15 13:30:52.309 INF] Executing OkObjectResult, writing value of type 'ExamSystem.Application.Auth.Commands.LoginResult'. | MachineName=LVHUI-PC ThreadId=13
[2026-05-15 13:30:52.312 INF] Executed action ExamSystem.API.Controllers.AuthController.Login (ExamSystem.API) in 155.274ms | MachineName=LVHUI-PC ThreadId=13
[2026-05-15 13:30:52.315 INF] Executed endpoint 'ExamSystem.API.Controllers.AuthController.Login (ExamSystem.API)' | MachineName=LVHUI-PC ThreadId=13
[2026-05-15 13:30:52.319 INF] HTTP POST /api/auth/login → 200 | 176ms | User=-(-) Role=- Tenant=- IP=127.0.0.1 TraceId=0HNLI8BF9RFQI:00000001 | MachineName=LVHUI-PC ThreadId=13
[2026-05-15 13:30:52.321 INF] Request finished HTTP/1.1 POST http://localhost:5146/api/auth/login - 200 null application/json; charset=utf-8 183.6431ms | MachineName=LVHUI-PC ThreadId=13
[2026-05-15 13:30:52.352 INF] Request starting HTTP/1.1 GET http://localhost:5146/api/exam-papers?page=1&pageSize=1 - null null | MachineName=LVHUI-PC ThreadId=41
[2026-05-15 13:30:52.356 INF] Executing endpoint 'ExamSystem.API.Controllers.ExamPapersController.GetExamPapers (ExamSystem.API)' | MachineName=LVHUI-PC ThreadId=41
[2026-05-15 13:30:52.360 INF] Route matched with {action = "GetExamPapers", controller = "ExamPapers"}. Executing controller action with signature System.Threading.Tasks.Task`1[Microsoft.AspNetCore.Mvc.IActionResult] GetExamPapers(Int32, Int32, System.Nullable`1[ExamSystem.Domain.Enums.ExamStatus], System.Threading.CancellationToken) on controller ExamSystem.API.Controllers.ExamPapersController (ExamSystem.API). | MachineName=LVHUI-PC ThreadId=41
[2026-05-15 13:30:52.429 INF] Executed DbCommand (65ms) [Parameters=[], CommandType='"Text"', CommandTimeout='30']
SELECT count(*)
FROM exam_papers AS e | MachineName=LVHUI-PC ThreadId=41
[2026-05-15 13:30:52.508 INF] Executed DbCommand (76ms) [Parameters=[@__p_1='?' (DbType = Int32), @__p_0='?' (DbType = Int32)], CommandType='"Text"', CommandTimeout='30']
SELECT e.id, e.title, e.description, e.total_score, e.duration_minutes, e.status, e.start_time, e.end_time, e.anti_cheating_enabled, (
    SELECT count(*)::int
    FROM exam_questions AS e0
    WHERE e.id = e0.exam_paper_id), e.created_at
FROM exam_papers AS e
ORDER BY e.created_at DESC
LIMIT @__p_1 OFFSET @__p_0 | MachineName=LVHUI-PC ThreadId=41
[2026-05-15 13:30:52.514 INF] Executing OkObjectResult, writing value of type 'ExamSystem.Application.Common.Models.PaginatedResult`1[[ExamSystem.Application.ExamPapers.Queries.ExamPaperDto, ExamSystem.Application, Version=1.0.0.0, Culture=neutral, PublicKeyToken=null]]'. | MachineName=LVHUI-PC ThreadId=41
[2026-05-15 13:30:52.520 INF] Executed action ExamSystem.API.Controllers.ExamPapersController.GetExamPapers (ExamSystem.API) in 155.5185ms | MachineName=LVHUI-PC ThreadId=41
[2026-05-15 13:30:52.526 INF] Executed endpoint 'ExamSystem.API.Controllers.ExamPapersController.GetExamPapers (ExamSystem.API)' | MachineName=LVHUI-PC ThreadId=41
[2026-05-15 13:30:52.531 INF] HTTP GET /api/exam-papers?page=1&pageSize=1 → 200 | 174ms | User=admin(admin) Role=SuperAdmin Tenant=- IP=127.0.0.1 TraceId=0HNLI8BF9RFQJ:00000001 | MachineName=LVHUI-PC ThreadId=41
[2026-05-15 13:30:52.536 INF] Request finished HTTP/1.1 GET http://localhost:5146/api/exam-papers?page=1&pageSize=1 - 200 null application/json; charset=utf-8 183.2705ms | MachineName=LVHUI-PC ThreadId=41
[2026-05-15 13:30:52.661 INF] Request starting HTTP/1.1 GET http://localhost:5146/api/questions?page=1&pageSize=1 - null null | MachineName=LVHUI-PC ThreadId=31
[2026-05-15 13:30:52.662 INF] Request starting HTTP/1.1 GET http://localhost:5146/api/tenants?page=1&pageSize=200 - null null | MachineName=LVHUI-PC ThreadId=41
[2026-05-15 13:30:52.662 INF] Request starting HTTP/1.1 GET http://localhost:5146/api/exam-papers?page=1&pageSize=5 - null null | MachineName=LVHUI-PC ThreadId=13
[2026-05-15 13:30:52.668 INF] Executing endpoint 'ExamSystem.API.Controllers.QuestionsController.GetQuestions (ExamSystem.API)' | MachineName=LVHUI-PC ThreadId=31
[2026-05-15 13:30:52.680 INF] Executing endpoint 'ExamSystem.API.Controllers.TenantsController.GetTenants (ExamSystem.API)' | MachineName=LVHUI-PC ThreadId=41
[2026-05-15 13:30:52.684 INF] Executing endpoint 'ExamSystem.API.Controllers.ExamPapersController.GetExamPapers (ExamSystem.API)' | MachineName=LVHUI-PC ThreadId=13
[2026-05-15 13:30:52.687 INF] Route matched with {action = "GetQuestions", controller = "Questions"}. Executing controller action with signature System.Threading.Tasks.Task`1[Microsoft.AspNetCore.Mvc.IActionResult] GetQuestions(Int32, Int32, System.Nullable`1[ExamSystem.Domain.Enums.QuestionType], System.Nullable`1[System.Int32], System.String, System.Threading.CancellationToken) on controller ExamSystem.API.Controllers.QuestionsController (ExamSystem.API). | MachineName=LVHUI-PC ThreadId=31
[2026-05-15 13:30:52.691 INF] Route matched with {action = "GetTenants", controller = "Tenants"}. Executing controller action with signature System.Threading.Tasks.Task`1[Microsoft.AspNetCore.Mvc.IActionResult] GetTenants(Int32, Int32, System.Threading.CancellationToken) on controller ExamSystem.API.Controllers.TenantsController (ExamSystem.API). | MachineName=LVHUI-PC ThreadId=41
[2026-05-15 13:30:52.694 INF] Route matched with {action = "GetExamPapers", controller = "ExamPapers"}. Executing controller action with signature System.Threading.Tasks.Task`1[Microsoft.AspNetCore.Mvc.IActionResult] GetExamPapers(Int32, Int32, System.Nullable`1[ExamSystem.Domain.Enums.ExamStatus], System.Threading.CancellationToken) on controller ExamSystem.API.Controllers.ExamPapersController (ExamSystem.API). | MachineName=LVHUI-PC ThreadId=13
[2026-05-15 13:30:52.696 INF] Executing OkObjectResult, writing value of type 'ExamSystem.Application.Common.Models.PaginatedResult`1[[ExamSystem.Application.Questions.Queries.QuestionDto, ExamSystem.Application, Version=1.0.0.0, Culture=neutral, PublicKeyToken=null]]'. | MachineName=LVHUI-PC ThreadId=31
[2026-05-15 13:30:52.708 INF] Executed action ExamSystem.API.Controllers.QuestionsController.GetQuestions (ExamSystem.API) in 11.8097ms | MachineName=LVHUI-PC ThreadId=31
[2026-05-15 13:30:52.711 INF] Executed endpoint 'ExamSystem.API.Controllers.QuestionsController.GetQuestions (ExamSystem.API)' | MachineName=LVHUI-PC ThreadId=31
[2026-05-15 13:30:52.714 INF] HTTP GET /api/questions?page=1&pageSize=1 → 200 | 46ms | User=admin(admin) Role=SuperAdmin Tenant=- IP=127.0.0.1 TraceId=0HNLI8BF9RFQK:00000001 | MachineName=LVHUI-PC ThreadId=31
[2026-05-15 13:30:52.718 INF] Request finished HTTP/1.1 GET http://localhost:5146/api/questions?page=1&pageSize=1 - 200 null application/json; charset=utf-8 56.9692ms | MachineName=LVHUI-PC ThreadId=31
[2026-05-15 13:30:52.722 INF] Request starting HTTP/1.1 GET http://localhost:5146/api/tenants?page=1&pageSize=1 - null null | MachineName=LVHUI-PC ThreadId=41
[2026-05-15 13:30:52.726 INF] Executing endpoint 'ExamSystem.API.Controllers.TenantsController.GetTenants (ExamSystem.API)' | MachineName=LVHUI-PC ThreadId=41
[2026-05-15 13:30:52.729 INF] Route matched with {action = "GetTenants", controller = "Tenants"}. Executing controller action with signature System.Threading.Tasks.Task`1[Microsoft.AspNetCore.Mvc.IActionResult] GetTenants(Int32, Int32, System.Threading.CancellationToken) on controller ExamSystem.API.Controllers.TenantsController (ExamSystem.API). | MachineName=LVHUI-PC ThreadId=41
[2026-05-15 13:30:52.768 INF] Executed DbCommand (67ms) [Parameters=[], CommandType='"Text"', CommandTimeout='30']
SELECT count(*)
FROM tenants AS t | MachineName=LVHUI-PC ThreadId=41
[2026-05-15 13:30:52.769 INF] Executed DbCommand (65ms) [Parameters=[], CommandType='"Text"', CommandTimeout='30']
SELECT count(*)
FROM exam_papers AS e | MachineName=LVHUI-PC ThreadId=31
[2026-05-15 13:30:52.809 INF] Executed DbCommand (76ms) [Parameters=[], CommandType='"Text"', CommandTimeout='30']
SELECT count(*)
FROM tenants AS t | MachineName=LVHUI-PC ThreadId=31
[2026-05-15 13:30:52.834 INF] Executed DbCommand (63ms) [Parameters=[@__p_1='?' (DbType = Int32), @__p_0='?' (DbType = Int32)], CommandType='"Text"', CommandTimeout='30']
SELECT t.id, t.name, t.schema_name, t.contact_email, t.is_active, t.ai_call_quota, t.ai_call_used, t.created_at
FROM tenants AS t
ORDER BY t.created_at DESC
LIMIT @__p_1 OFFSET @__p_0 | MachineName=LVHUI-PC ThreadId=31
[2026-05-15 13:30:52.838 INF] Executing OkObjectResult, writing value of type 'ExamSystem.Application.Common.Models.PaginatedResult`1[[ExamSystem.Application.Tenants.Queries.TenantDto, ExamSystem.Application, Version=1.0.0.0, Culture=neutral, PublicKeyToken=null]]'. | MachineName=LVHUI-PC ThreadId=31
[2026-05-15 13:30:52.839 INF] Executed DbCommand (65ms) [Parameters=[@__p_1='?' (DbType = Int32), @__p_0='?' (DbType = Int32)], CommandType='"Text"', CommandTimeout='30']
SELECT e.id, e.title, e.description, e.total_score, e.duration_minutes, e.status, e.start_time, e.end_time, e.anti_cheating_enabled, (
    SELECT count(*)::int
    FROM exam_questions AS e0
    WHERE e.id = e0.exam_paper_id), e.created_at
FROM exam_papers AS e
ORDER BY e.created_at DESC
LIMIT @__p_1 OFFSET @__p_0 | MachineName=LVHUI-PC ThreadId=41
[2026-05-15 13:30:52.842 INF] Executed action ExamSystem.API.Controllers.TenantsController.GetTenants (ExamSystem.API) in 141.4658ms | MachineName=LVHUI-PC ThreadId=31
[2026-05-15 13:30:52.846 INF] Executing OkObjectResult, writing value of type 'ExamSystem.Application.Common.Models.PaginatedResult`1[[ExamSystem.Application.ExamPapers.Queries.ExamPaperDto, ExamSystem.Application, Version=1.0.0.0, Culture=neutral, PublicKeyToken=null]]'. | MachineName=LVHUI-PC ThreadId=41
[2026-05-15 13:30:52.849 INF] Executed endpoint 'ExamSystem.API.Controllers.TenantsController.GetTenants (ExamSystem.API)' | MachineName=LVHUI-PC ThreadId=31
[2026-05-15 13:30:52.853 INF] Executed action ExamSystem.API.Controllers.ExamPapersController.GetExamPapers (ExamSystem.API) in 148.8614ms | MachineName=LVHUI-PC ThreadId=41
[2026-05-15 13:30:52.856 INF] HTTP GET /api/tenants?page=1&pageSize=200 → 200 | 176ms | User=admin(admin) Role=SuperAdmin Tenant=- IP=127.0.0.1 TraceId=0HNLI8BF9RFQL:00000001 | MachineName=LVHUI-PC ThreadId=31
[2026-05-15 13:30:52.860 INF] Executed endpoint 'ExamSystem.API.Controllers.ExamPapersController.GetExamPapers (ExamSystem.API)' | MachineName=LVHUI-PC ThreadId=41
[2026-05-15 13:30:52.863 INF] Request finished HTTP/1.1 GET http://localhost:5146/api/tenants?page=1&pageSize=200 - 200 null application/json; charset=utf-8 201.3489ms | MachineName=LVHUI-PC ThreadId=31
[2026-05-15 13:30:52.866 INF] HTTP GET /api/exam-papers?page=1&pageSize=5 → 200 | 182ms | User=admin(admin) Role=SuperAdmin Tenant=- IP=127.0.0.1 TraceId=0HNLI8BF9RFQM:00000001 | MachineName=LVHUI-PC ThreadId=41
[2026-05-15 13:30:52.872 INF] Request finished HTTP/1.1 GET http://localhost:5146/api/exam-papers?page=1&pageSize=5 - 200 null application/json; charset=utf-8 209.6153ms | MachineName=LVHUI-PC ThreadId=41
[2026-05-15 13:30:52.892 INF] Executed DbCommand (76ms) [Parameters=[@__p_1='?' (DbType = Int32), @__p_0='?' (DbType = Int32)], CommandType='"Text"', CommandTimeout='30']
SELECT t.id, t.name, t.schema_name, t.contact_email, t.is_active, t.ai_call_quota, t.ai_call_used, t.created_at
FROM tenants AS t
ORDER BY t.created_at DESC
LIMIT @__p_1 OFFSET @__p_0 | MachineName=LVHUI-PC ThreadId=41
[2026-05-15 13:30:52.895 INF] Executing OkObjectResult, writing value of type 'ExamSystem.Application.Common.Models.PaginatedResult`1[[ExamSystem.Application.Tenants.Queries.TenantDto, ExamSystem.Application, Version=1.0.0.0, Culture=neutral, PublicKeyToken=null]]'. | MachineName=LVHUI-PC ThreadId=41
[2026-05-15 13:30:52.899 INF] Executed action ExamSystem.API.Controllers.TenantsController.GetTenants (ExamSystem.API) in 165.393ms | MachineName=LVHUI-PC ThreadId=41
[2026-05-15 13:30:52.902 INF] Executed endpoint 'ExamSystem.API.Controllers.TenantsController.GetTenants (ExamSystem.API)' | MachineName=LVHUI-PC ThreadId=41
[2026-05-15 13:30:52.906 INF] HTTP GET /api/tenants?page=1&pageSize=1 → 200 | 180ms | User=admin(admin) Role=SuperAdmin Tenant=- IP=127.0.0.1 TraceId=0HNLI8BF9RFQN:00000001 | MachineName=LVHUI-PC ThreadId=41
[2026-05-15 13:30:52.909 INF] Request finished HTTP/1.1 GET http://localhost:5146/api/tenants?page=1&pageSize=1 - 200 null application/json; charset=utf-8 186.6669ms | MachineName=LVHUI-PC ThreadId=41
[2026-05-15 13:30:53.023 INF] Request starting HTTP/1.1 GET http://localhost:5146/api/users?page=1&pageSize=1 - null null | MachineName=LVHUI-PC ThreadId=31
[2026-05-15 13:30:53.030 INF] Executing endpoint 'ExamSystem.API.Controllers.UsersController.GetUsers (ExamSystem.API)' | MachineName=LVHUI-PC ThreadId=31
[2026-05-15 13:30:53.035 INF] Route matched with {action = "GetUsers", controller = "Users"}. Executing controller action with signature System.Threading.Tasks.Task`1[Microsoft.AspNetCore.Mvc.IActionResult] GetUsers(System.Nullable`1[System.Guid], System.Nullable`1[ExamSystem.Domain.Enums.UserRole], System.Nullable`1[System.Boolean], System.String, Int32, Int32, System.Threading.CancellationToken) on controller ExamSystem.API.Controllers.UsersController (ExamSystem.API). | MachineName=LVHUI-PC ThreadId=31
[2026-05-15 13:30:53.108 INF] Executed DbCommand (64ms) [Parameters=[], CommandType='"Text"', CommandTimeout='30']
SELECT count(*)
FROM users AS u | MachineName=LVHUI-PC ThreadId=31
[2026-05-15 13:30:53.177 INF] Executed DbCommand (65ms) [Parameters=[@__p_1='?' (DbType = Int32), @__p_0='?' (DbType = Int32)], CommandType='"Text"', CommandTimeout='30']
SELECT t.id, t.tenant_id, t0.name, t.username, t.email, t.role, t.is_active, t.last_login_at, t.created_at
FROM (
    SELECT u.id, u.created_at, u.email, u.is_active, u.last_login_at, u.role, u.tenant_id, u.username
    FROM users AS u
    ORDER BY u.created_at DESC
    LIMIT @__p_1 OFFSET @__p_0
) AS t
LEFT JOIN tenants AS t0 ON t.tenant_id = t0.id
ORDER BY t.created_at DESC | MachineName=LVHUI-PC ThreadId=31
[2026-05-15 13:30:53.184 INF] Executing OkObjectResult, writing value of type 'ExamSystem.Application.Common.Models.PaginatedResult`1[[ExamSystem.Application.Users.Queries.UserDto, ExamSystem.Application, Version=1.0.0.0, Culture=neutral, PublicKeyToken=null]]'. | MachineName=LVHUI-PC ThreadId=31
[2026-05-15 13:30:53.191 INF] Executed action ExamSystem.API.Controllers.UsersController.GetUsers (ExamSystem.API) in 148.8974ms | MachineName=LVHUI-PC ThreadId=31
[2026-05-15 13:30:53.199 INF] Executed endpoint 'ExamSystem.API.Controllers.UsersController.GetUsers (ExamSystem.API)' | MachineName=LVHUI-PC ThreadId=31
[2026-05-15 13:30:53.204 INF] HTTP GET /api/users?page=1&pageSize=1 → 200 | 174ms | User=admin(admin) Role=SuperAdmin Tenant=- IP=127.0.0.1 TraceId=0HNLI8BF9RFQO:00000001 | MachineName=LVHUI-PC ThreadId=31
[2026-05-15 13:30:53.208 INF] Request finished HTTP/1.1 GET http://localhost:5146/api/users?page=1&pageSize=1 - 200 null application/json; charset=utf-8 184.6275ms | MachineName=LVHUI-PC ThreadId=31
[2026-05-15 13:30:56.271 INF] Request starting HTTP/1.1 GET http://localhost:5146/api/exam-papers?page=1&pageSize=10 - null null | MachineName=LVHUI-PC ThreadId=40
[2026-05-15 13:30:56.277 INF] Executing endpoint 'ExamSystem.API.Controllers.ExamPapersController.GetExamPapers (ExamSystem.API)' | MachineName=LVHUI-PC ThreadId=40
[2026-05-15 13:30:56.284 INF] Route matched with {action = "GetExamPapers", controller = "ExamPapers"}. Executing controller action with signature System.Threading.Tasks.Task`1[Microsoft.AspNetCore.Mvc.IActionResult] GetExamPapers(Int32, Int32, System.Nullable`1[ExamSystem.Domain.Enums.ExamStatus], System.Threading.CancellationToken) on controller ExamSystem.API.Controllers.ExamPapersController (ExamSystem.API). | MachineName=LVHUI-PC ThreadId=40
[2026-05-15 13:30:56.368 INF] Executed DbCommand (76ms) [Parameters=[], CommandType='"Text"', CommandTimeout='30']
SELECT count(*)
FROM exam_papers AS e | MachineName=LVHUI-PC ThreadId=40
[2026-05-15 13:30:56.439 INF] Executed DbCommand (64ms) [Parameters=[@__p_1='?' (DbType = Int32), @__p_0='?' (DbType = Int32)], CommandType='"Text"', CommandTimeout='30']
SELECT e.id, e.title, e.description, e.total_score, e.duration_minutes, e.status, e.start_time, e.end_time, e.anti_cheating_enabled, (
    SELECT count(*)::int
    FROM exam_questions AS e0
    WHERE e.id = e0.exam_paper_id), e.created_at
FROM exam_papers AS e
ORDER BY e.created_at DESC
LIMIT @__p_1 OFFSET @__p_0 | MachineName=LVHUI-PC ThreadId=40
[2026-05-15 13:30:56.444 INF] Executing OkObjectResult, writing value of type 'ExamSystem.Application.Common.Models.PaginatedResult`1[[ExamSystem.Application.ExamPapers.Queries.ExamPaperDto, ExamSystem.Application, Version=1.0.0.0, Culture=neutral, PublicKeyToken=null]]'. | MachineName=LVHUI-PC ThreadId=40
[2026-05-15 13:30:56.451 INF] Executed action ExamSystem.API.Controllers.ExamPapersController.GetExamPapers (ExamSystem.API) in 159.845ms | MachineName=LVHUI-PC ThreadId=40
[2026-05-15 13:30:56.458 INF] Executed endpoint 'ExamSystem.API.Controllers.ExamPapersController.GetExamPapers (ExamSystem.API)' | MachineName=LVHUI-PC ThreadId=40
[2026-05-15 13:30:56.462 INF] HTTP GET /api/exam-papers?page=1&pageSize=10 → 200 | 185ms | User=admin(admin) Role=SuperAdmin Tenant=- IP=127.0.0.1 TraceId=0HNLI8BF9RFQP:00000001 | MachineName=LVHUI-PC ThreadId=40
[2026-05-15 13:30:56.467 INF] Request finished HTTP/1.1 GET http://localhost:5146/api/exam-papers?page=1&pageSize=10 - 200 null application/json; charset=utf-8 196.6128ms | MachineName=LVHUI-PC ThreadId=40
[2026-05-15 13:30:58.231 INF] Request starting HTTP/1.1 GET http://localhost:5146/api/books?page=1&pageSize=10 - null null | MachineName=LVHUI-PC ThreadId=41
[2026-05-15 13:30:58.232 INF] Request starting HTTP/1.1 GET http://localhost:5146/api/tenants?page=1&pageSize=200 - null null | MachineName=LVHUI-PC ThreadId=31
[2026-05-15 13:30:58.239 INF] Executing endpoint 'ExamSystem.API.Controllers.BooksController.GetBooks (ExamSystem.API)' | MachineName=LVHUI-PC ThreadId=41
[2026-05-15 13:30:58.243 INF] Executing endpoint 'ExamSystem.API.Controllers.TenantsController.GetTenants (ExamSystem.API)' | MachineName=LVHUI-PC ThreadId=31
[2026-05-15 13:30:58.246 INF] Route matched with {action = "GetBooks", controller = "Books"}. Executing controller action with signature System.Threading.Tasks.Task`1[Microsoft.AspNetCore.Mvc.IActionResult] GetBooks(System.String, System.String, System.String, System.Nullable`1[System.Boolean], Int32, Int32, System.Threading.CancellationToken) on controller ExamSystem.API.Controllers.BooksController (ExamSystem.API). | MachineName=LVHUI-PC ThreadId=41
[2026-05-15 13:30:58.249 INF] Route matched with {action = "GetTenants", controller = "Tenants"}. Executing controller action with signature System.Threading.Tasks.Task`1[Microsoft.AspNetCore.Mvc.IActionResult] GetTenants(Int32, Int32, System.Threading.CancellationToken) on controller ExamSystem.API.Controllers.TenantsController (ExamSystem.API). | MachineName=LVHUI-PC ThreadId=31
[2026-05-15 13:30:58.318 INF] Executed DbCommand (65ms) [Parameters=[], CommandType='"Text"', CommandTimeout='30']
SELECT count(*)::int
FROM books AS b | MachineName=LVHUI-PC ThreadId=31
[2026-05-15 13:30:58.333 INF] Executed DbCommand (76ms) [Parameters=[], CommandType='"Text"', CommandTimeout='30']
SELECT count(*)
FROM tenants AS t | MachineName=LVHUI-PC ThreadId=31
[2026-05-15 13:30:58.388 INF] Executed DbCommand (64ms) [Parameters=[@__p_1='?' (DbType = Int32), @__p_0='?' (DbType = Int32)], CommandType='"Text"', CommandTimeout='30']
SELECT b.id, b.author, b.category, b.cover_image_url, b.created_at, b.description, b.file_size_bytes, b.is_active, b.isbn, b.page_count, b.pdf_file_path, b.publish_year, b.publisher, b.tags, b.tenant_id, b.title, b.updated_at, b.uploaded_by_id, b.uploaded_by_name
FROM books AS b
ORDER BY b.created_at DESC
LIMIT @__p_1 OFFSET @__p_0 | MachineName=LVHUI-PC ThreadId=31
[2026-05-15 13:30:58.392 INF] Executing OkObjectResult, writing value of type 'ExamSystem.Application.Common.Models.PaginatedResult`1[[ExamSystem.Application.Books.BookDto, ExamSystem.Application, Version=1.0.0.0, Culture=neutral, PublicKeyToken=null]]'. | MachineName=LVHUI-PC ThreadId=31
[2026-05-15 13:30:58.396 INF] Executed action ExamSystem.API.Controllers.BooksController.GetBooks (ExamSystem.API) in 142.8768ms | MachineName=LVHUI-PC ThreadId=31
[2026-05-15 13:30:58.401 INF] Executed endpoint 'ExamSystem.API.Controllers.BooksController.GetBooks (ExamSystem.API)' | MachineName=LVHUI-PC ThreadId=31
[2026-05-15 13:30:58.406 INF] Executed DbCommand (66ms) [Parameters=[@__p_1='?' (DbType = Int32), @__p_0='?' (DbType = Int32)], CommandType='"Text"', CommandTimeout='30']
SELECT t.id, t.name, t.schema_name, t.contact_email, t.is_active, t.ai_call_quota, t.ai_call_used, t.created_at
FROM tenants AS t
ORDER BY t.created_at DESC
LIMIT @__p_1 OFFSET @__p_0 | MachineName=LVHUI-PC ThreadId=13
[2026-05-15 13:30:58.406 INF] HTTP GET /api/books?page=1&pageSize=10 → 200 | 167ms | User=admin(admin) Role=SuperAdmin Tenant=- IP=127.0.0.1 TraceId=0HNLI8BF9RFQQ:00000001 | MachineName=LVHUI-PC ThreadId=31
[2026-05-15 13:30:58.410 INF] Executing OkObjectResult, writing value of type 'ExamSystem.Application.Common.Models.PaginatedResult`1[[ExamSystem.Application.Tenants.Queries.TenantDto, ExamSystem.Application, Version=1.0.0.0, Culture=neutral, PublicKeyToken=null]]'. | MachineName=LVHUI-PC ThreadId=13
[2026-05-15 13:30:58.412 INF] Request finished HTTP/1.1 GET http://localhost:5146/api/books?page=1&pageSize=10 - 200 null application/json; charset=utf-8 181.0739ms | MachineName=LVHUI-PC ThreadId=31
[2026-05-15 13:30:58.416 INF] Executed action ExamSystem.API.Controllers.TenantsController.GetTenants (ExamSystem.API) in 158.2776ms | MachineName=LVHUI-PC ThreadId=13
[2026-05-15 13:30:58.422 INF] Executed endpoint 'ExamSystem.API.Controllers.TenantsController.GetTenants (ExamSystem.API)' | MachineName=LVHUI-PC ThreadId=13
[2026-05-15 13:30:58.426 INF] HTTP GET /api/tenants?page=1&pageSize=200 → 200 | 182ms | User=admin(admin) Role=SuperAdmin Tenant=- IP=127.0.0.1 TraceId=0HNLI8BF9RFQR:00000001 | MachineName=LVHUI-PC ThreadId=13
[2026-05-15 13:30:58.429 INF] Request finished HTTP/1.1 GET http://localhost:5146/api/tenants?page=1&pageSize=200 - 200 null application/json; charset=utf-8 197.4765ms | MachineName=LVHUI-PC ThreadId=13
[2026-05-15 13:33:27.781 INF] Request starting HTTP/1.1 GET http://localhost:5146/api/messages/inbox?page=1&pageSize=10 - null null | MachineName=LVHUI-PC ThreadId=41
[2026-05-15 13:33:27.786 INF] Executing endpoint 'ExamSystem.API.Controllers.MessagesController.GetInbox (ExamSystem.API)' | MachineName=LVHUI-PC ThreadId=41
[2026-05-15 13:33:27.789 INF] Route matched with {action = "GetInbox", controller = "Messages"}. Executing controller action with signature System.Threading.Tasks.Task`1[Microsoft.AspNetCore.Mvc.IActionResult] GetInbox(Int32, Int32, System.Threading.CancellationToken) on controller ExamSystem.API.Controllers.MessagesController (ExamSystem.API). | MachineName=LVHUI-PC ThreadId=41
[2026-05-15 13:33:27.795 INF] Executing ObjectResult, writing value of type 'Microsoft.AspNetCore.Mvc.ProblemDetails'. | MachineName=LVHUI-PC ThreadId=41
[2026-05-15 13:33:27.801 INF] Executed action ExamSystem.API.Controllers.MessagesController.GetInbox (ExamSystem.API) in 7.2711ms | MachineName=LVHUI-PC ThreadId=41
[2026-05-15 13:33:27.805 INF] Executed endpoint 'ExamSystem.API.Controllers.MessagesController.GetInbox (ExamSystem.API)' | MachineName=LVHUI-PC ThreadId=41
[2026-05-15 13:33:27.810 WRN] HTTP GET /api/messages/inbox?page=1&pageSize=10 → 401 | 24ms | User=admin(admin) Role=SuperAdmin Tenant=- IP=127.0.0.1 TraceId=0HNLI8BF9RFQS:00000001 | MachineName=LVHUI-PC ThreadId=41
[2026-05-15 13:33:27.814 INF] Request finished HTTP/1.1 GET http://localhost:5146/api/messages/inbox?page=1&pageSize=10 - 401 null application/json; charset=utf-8 33.0283ms | MachineName=LVHUI-PC ThreadId=41
[2026-05-15 13:33:27.933 INF] Request starting HTTP/1.1 GET http://localhost:5146/api/tenants?page=1&pageSize=200 - null null | MachineName=LVHUI-PC ThreadId=13
[2026-05-15 13:33:27.939 INF] Executing endpoint 'ExamSystem.API.Controllers.TenantsController.GetTenants (ExamSystem.API)' | MachineName=LVHUI-PC ThreadId=13
[2026-05-15 13:33:27.943 INF] Route matched with {action = "GetTenants", controller = "Tenants"}. Executing controller action with signature System.Threading.Tasks.Task`1[Microsoft.AspNetCore.Mvc.IActionResult] GetTenants(Int32, Int32, System.Threading.CancellationToken) on controller ExamSystem.API.Controllers.TenantsController (ExamSystem.API). | MachineName=LVHUI-PC ThreadId=13
[2026-05-15 13:33:27.991 INF] Request starting HTTP/1.1 GET http://localhost:5146/api/exam-papers?page=1&pageSize=1 - null null | MachineName=LVHUI-PC ThreadId=48
[2026-05-15 13:33:27.996 INF] Executing endpoint 'ExamSystem.API.Controllers.ExamPapersController.GetExamPapers (ExamSystem.API)' | MachineName=LVHUI-PC ThreadId=48
[2026-05-15 13:33:28.000 INF] Route matched with {action = "GetExamPapers", controller = "ExamPapers"}. Executing controller action with signature System.Threading.Tasks.Task`1[Microsoft.AspNetCore.Mvc.IActionResult] GetExamPapers(Int32, Int32, System.Nullable`1[ExamSystem.Domain.Enums.ExamStatus], System.Threading.CancellationToken) on controller ExamSystem.API.Controllers.ExamPapersController (ExamSystem.API). | MachineName=LVHUI-PC ThreadId=48
[2026-05-15 13:33:28.029 INF] Executed DbCommand (81ms) [Parameters=[], CommandType='"Text"', CommandTimeout='30']
SELECT count(*)
FROM tenants AS t | MachineName=LVHUI-PC ThreadId=48
[2026-05-15 13:33:28.041 INF] Request starting HTTP/1.1 GET http://localhost:5146/api/questions?page=1&pageSize=1 - null null | MachineName=LVHUI-PC ThreadId=52
[2026-05-15 13:33:28.046 WRN] HTTP GET /api/questions?page=1&pageSize=1 → 400 | 0ms | User=-(-) Role=- Tenant=- IP=127.0.0.1 TraceId=0HNLI8BF9RFQV:00000001 | MachineName=LVHUI-PC ThreadId=52
[2026-05-15 13:33:28.050 INF] Request finished HTTP/1.1 GET http://localhost:5146/api/questions?page=1&pageSize=1 - 400 null application/json; charset=utf-8 8.2122ms | MachineName=LVHUI-PC ThreadId=52
[2026-05-15 13:33:28.071 INF] Executed DbCommand (66ms) [Parameters=[], CommandType='"Text"', CommandTimeout='30']
SELECT count(*)
FROM exam_papers AS e | MachineName=LVHUI-PC ThreadId=52
[2026-05-15 13:33:28.110 INF] Executed DbCommand (68ms) [Parameters=[@__p_1='?' (DbType = Int32), @__p_0='?' (DbType = Int32)], CommandType='"Text"', CommandTimeout='30']
SELECT t.id, t.name, t.schema_name, t.contact_email, t.is_active, t.ai_call_quota, t.ai_call_used, t.created_at
FROM tenants AS t
ORDER BY t.created_at DESC
LIMIT @__p_1 OFFSET @__p_0 | MachineName=LVHUI-PC ThreadId=52
[2026-05-15 13:33:28.113 INF] Executing OkObjectResult, writing value of type 'ExamSystem.Application.Common.Models.PaginatedResult`1[[ExamSystem.Application.Tenants.Queries.TenantDto, ExamSystem.Application, Version=1.0.0.0, Culture=neutral, PublicKeyToken=null]]'. | MachineName=LVHUI-PC ThreadId=52
[2026-05-15 13:33:28.116 INF] Executed action ExamSystem.API.Controllers.TenantsController.GetTenants (ExamSystem.API) in 168.998ms | MachineName=LVHUI-PC ThreadId=52
[2026-05-15 13:33:28.119 INF] Executed endpoint 'ExamSystem.API.Controllers.TenantsController.GetTenants (ExamSystem.API)' | MachineName=LVHUI-PC ThreadId=52
[2026-05-15 13:33:28.121 INF] HTTP GET /api/tenants?page=1&pageSize=200 → 200 | 182ms | User=admin(admin) Role=SuperAdmin Tenant=- IP=127.0.0.1 TraceId=0HNLI8BF9RFQT:00000001 | MachineName=LVHUI-PC ThreadId=52
[2026-05-15 13:33:28.124 INF] Request finished HTTP/1.1 GET http://localhost:5146/api/tenants?page=1&pageSize=200 - 200 null application/json; charset=utf-8 191.0753ms | MachineName=LVHUI-PC ThreadId=52
[2026-05-15 13:33:28.147 INF] Request starting HTTP/1.1 GET http://localhost:5146/api/exam-papers?page=1&pageSize=5 - null null | MachineName=LVHUI-PC ThreadId=48
[2026-05-15 13:33:28.149 INF] Executing endpoint 'ExamSystem.API.Controllers.ExamPapersController.GetExamPapers (ExamSystem.API)' | MachineName=LVHUI-PC ThreadId=48
[2026-05-15 13:33:28.151 INF] Executed DbCommand (75ms) [Parameters=[@__p_1='?' (DbType = Int32), @__p_0='?' (DbType = Int32)], CommandType='"Text"', CommandTimeout='30']
SELECT e.id, e.title, e.description, e.total_score, e.duration_minutes, e.status, e.start_time, e.end_time, e.anti_cheating_enabled, (
    SELECT count(*)::int
    FROM exam_questions AS e0
    WHERE e.id = e0.exam_paper_id), e.created_at
FROM exam_papers AS e
ORDER BY e.created_at DESC
LIMIT @__p_1 OFFSET @__p_0 | MachineName=LVHUI-PC ThreadId=13
[2026-05-15 13:33:28.152 INF] Route matched with {action = "GetExamPapers", controller = "ExamPapers"}. Executing controller action with signature System.Threading.Tasks.Task`1[Microsoft.AspNetCore.Mvc.IActionResult] GetExamPapers(Int32, Int32, System.Nullable`1[ExamSystem.Domain.Enums.ExamStatus], System.Threading.CancellationToken) on controller ExamSystem.API.Controllers.ExamPapersController (ExamSystem.API). | MachineName=LVHUI-PC ThreadId=48
[2026-05-15 13:33:28.155 INF] Executing OkObjectResult, writing value of type 'ExamSystem.Application.Common.Models.PaginatedResult`1[[ExamSystem.Application.ExamPapers.Queries.ExamPaperDto, ExamSystem.Application, Version=1.0.0.0, Culture=neutral, PublicKeyToken=null]]'. | MachineName=LVHUI-PC ThreadId=13
[2026-05-15 13:33:28.161 INF] Executed action ExamSystem.API.Controllers.ExamPapersController.GetExamPapers (ExamSystem.API) in 156.2077ms | MachineName=LVHUI-PC ThreadId=13
[2026-05-15 13:33:28.164 INF] Executed endpoint 'ExamSystem.API.Controllers.ExamPapersController.GetExamPapers (ExamSystem.API)' | MachineName=LVHUI-PC ThreadId=13
[2026-05-15 13:33:28.168 INF] HTTP GET /api/exam-papers?page=1&pageSize=1 → 200 | 171ms | User=-(-) Role=- Tenant=- IP=127.0.0.1 TraceId=0HNLI8BF9RFQU:00000001 | MachineName=LVHUI-PC ThreadId=13
[2026-05-15 13:33:28.171 INF] Request finished HTTP/1.1 GET http://localhost:5146/api/exam-papers?page=1&pageSize=1 - 200 null application/json; charset=utf-8 179.6365ms | MachineName=LVHUI-PC ThreadId=13
[2026-05-15 13:33:28.222 INF] Executed DbCommand (63ms) [Parameters=[], CommandType='"Text"', CommandTimeout='30']
SELECT count(*)
FROM exam_papers AS e | MachineName=LVHUI-PC ThreadId=13
[2026-05-15 13:33:28.290 INF] Executed DbCommand (65ms) [Parameters=[@__p_1='?' (DbType = Int32), @__p_0='?' (DbType = Int32)], CommandType='"Text"', CommandTimeout='30']
SELECT e.id, e.title, e.description, e.total_score, e.duration_minutes, e.status, e.start_time, e.end_time, e.anti_cheating_enabled, (
    SELECT count(*)::int
    FROM exam_questions AS e0
    WHERE e.id = e0.exam_paper_id), e.created_at
FROM exam_papers AS e
ORDER BY e.created_at DESC
LIMIT @__p_1 OFFSET @__p_0 | MachineName=LVHUI-PC ThreadId=13
[2026-05-15 13:33:28.295 INF] Executing OkObjectResult, writing value of type 'ExamSystem.Application.Common.Models.PaginatedResult`1[[ExamSystem.Application.ExamPapers.Queries.ExamPaperDto, ExamSystem.Application, Version=1.0.0.0, Culture=neutral, PublicKeyToken=null]]'. | MachineName=LVHUI-PC ThreadId=13
[2026-05-15 13:33:28.300 INF] Executed action ExamSystem.API.Controllers.ExamPapersController.GetExamPapers (ExamSystem.API) in 142.0138ms | MachineName=LVHUI-PC ThreadId=13
[2026-05-15 13:33:28.302 INF] Request starting HTTP/1.1 GET http://localhost:5146/api/tenants?page=1&pageSize=1 - null null | MachineName=LVHUI-PC ThreadId=7
[2026-05-15 13:33:28.302 INF] Request starting HTTP/1.1 GET http://localhost:5146/api/users?page=1&pageSize=1 - null null | MachineName=LVHUI-PC ThreadId=52
[2026-05-15 13:33:28.305 INF] Executed endpoint 'ExamSystem.API.Controllers.ExamPapersController.GetExamPapers (ExamSystem.API)' | MachineName=LVHUI-PC ThreadId=13
[2026-05-15 13:33:28.311 INF] Authorization failed. These requirements were not met:
RolesAuthorizationRequirement:User.IsInRole must be true for one of the following roles: (SuperAdmin) | MachineName=LVHUI-PC ThreadId=7
[2026-05-15 13:33:28.316 INF] Authorization failed. These requirements were not met:
RolesAuthorizationRequirement:User.IsInRole must be true for one of the following roles: (SuperAdmin|Admin) | MachineName=LVHUI-PC ThreadId=52
[2026-05-15 13:33:28.319 INF] HTTP GET /api/exam-papers?page=1&pageSize=5 → 200 | 170ms | User=-(-) Role=- Tenant=- IP=127.0.0.1 TraceId=0HNLI8BF9RFR0:00000001 | MachineName=LVHUI-PC ThreadId=13
[2026-05-15 13:33:28.322 INF] AuthenticationScheme: Bearer was challenged. | MachineName=LVHUI-PC ThreadId=7
[2026-05-15 13:33:28.324 INF] AuthenticationScheme: Bearer was challenged. | MachineName=LVHUI-PC ThreadId=52
[2026-05-15 13:33:28.327 INF] Request finished HTTP/1.1 GET http://localhost:5146/api/exam-papers?page=1&pageSize=5 - 200 null application/json; charset=utf-8 180.1478ms | MachineName=LVHUI-PC ThreadId=13
[2026-05-15 13:33:28.331 WRN] HTTP GET /api/tenants?page=1&pageSize=1 → 401 | 20ms | User=-(-) Role=- Tenant=- IP=127.0.0.1 TraceId=0HNLI8BF9RFR2:00000001 | MachineName=LVHUI-PC ThreadId=7
[2026-05-15 13:33:28.335 WRN] HTTP GET /api/users?page=1&pageSize=1 → 401 | 19ms | User=-(-) Role=- Tenant=- IP=127.0.0.1 TraceId=0HNLI8BF9RFR1:00000001 | MachineName=LVHUI-PC ThreadId=52
[2026-05-15 13:33:28.343 INF] Request finished HTTP/1.1 GET http://localhost:5146/api/tenants?page=1&pageSize=1 - 401 0 null 40.7891ms | MachineName=LVHUI-PC ThreadId=7
[2026-05-15 13:33:28.347 INF] Request finished HTTP/1.1 GET http://localhost:5146/api/users?page=1&pageSize=1 - 401 0 null 44.7911ms | MachineName=LVHUI-PC ThreadId=52
[2026-05-15 13:34:59.088 INF] Request starting HTTP/1.1 GET http://localhost:5146/api/exam-papers?page=1&pageSize=1 - null null | MachineName=LVHUI-PC ThreadId=41
[2026-05-15 13:34:59.088 INF] Request starting HTTP/1.1 GET http://localhost:5146/api/exam-papers?page=1&pageSize=5 - null null | MachineName=LVHUI-PC ThreadId=13
[2026-05-15 13:34:59.088 INF] Request starting HTTP/1.1 GET http://localhost:5146/api/questions?page=1&pageSize=1 - null null | MachineName=LVHUI-PC ThreadId=7
[2026-05-15 13:34:59.088 INF] Request starting HTTP/1.1 GET http://localhost:5146/api/tenants?page=1&pageSize=200 - null null | MachineName=LVHUI-PC ThreadId=48
[2026-05-15 13:34:59.094 INF] Executing endpoint 'ExamSystem.API.Controllers.ExamPapersController.GetExamPapers (ExamSystem.API)' | MachineName=LVHUI-PC ThreadId=41
[2026-05-15 13:34:59.098 INF] Executing endpoint 'ExamSystem.API.Controllers.ExamPapersController.GetExamPapers (ExamSystem.API)' | MachineName=LVHUI-PC ThreadId=13
[2026-05-15 13:34:59.101 WRN] HTTP GET /api/questions?page=1&pageSize=1 → 400 | 0ms | User=-(-) Role=- Tenant=- IP=127.0.0.1 TraceId=0HNLI8BF9RFR4:00000001 | MachineName=LVHUI-PC ThreadId=7
[2026-05-15 13:34:59.105 INF] Authorization failed. These requirements were not met:
RolesAuthorizationRequirement:User.IsInRole must be true for one of the following roles: (SuperAdmin) | MachineName=LVHUI-PC ThreadId=48
[2026-05-15 13:34:59.108 INF] Route matched with {action = "GetExamPapers", controller = "ExamPapers"}. Executing controller action with signature System.Threading.Tasks.Task`1[Microsoft.AspNetCore.Mvc.IActionResult] GetExamPapers(Int32, Int32, System.Nullable`1[ExamSystem.Domain.Enums.ExamStatus], System.Threading.CancellationToken) on controller ExamSystem.API.Controllers.ExamPapersController (ExamSystem.API). | MachineName=LVHUI-PC ThreadId=41
[2026-05-15 13:34:59.111 INF] Route matched with {action = "GetExamPapers", controller = "ExamPapers"}. Executing controller action with signature System.Threading.Tasks.Task`1[Microsoft.AspNetCore.Mvc.IActionResult] GetExamPapers(Int32, Int32, System.Nullable`1[ExamSystem.Domain.Enums.ExamStatus], System.Threading.CancellationToken) on controller ExamSystem.API.Controllers.ExamPapersController (ExamSystem.API). | MachineName=LVHUI-PC ThreadId=13
[2026-05-15 13:34:59.114 INF] Request finished HTTP/1.1 GET http://localhost:5146/api/questions?page=1&pageSize=1 - 400 null application/json; charset=utf-8 25.7501ms | MachineName=LVHUI-PC ThreadId=7
[2026-05-15 13:34:59.118 INF] AuthenticationScheme: Bearer was challenged. | MachineName=LVHUI-PC ThreadId=48
[2026-05-15 13:34:59.119 INF] Request starting HTTP/1.1 GET http://localhost:5146/api/tenants?page=1&pageSize=1 - null null | MachineName=LVHUI-PC ThreadId=52
[2026-05-15 13:34:59.119 INF] Request starting HTTP/1.1 GET http://localhost:5146/api/users?page=1&pageSize=1 - null null | MachineName=LVHUI-PC ThreadId=56
[2026-05-15 13:34:59.134 WRN] HTTP GET /api/tenants?page=1&pageSize=200 → 401 | 29ms | User=-(-) Role=- Tenant=- IP=127.0.0.1 TraceId=0HNLI8BF9RFR6:00000001 | MachineName=LVHUI-PC ThreadId=48
[2026-05-15 13:34:59.138 INF] Authorization failed. These requirements were not met:
RolesAuthorizationRequirement:User.IsInRole must be true for one of the following roles: (SuperAdmin) | MachineName=LVHUI-PC ThreadId=52
[2026-05-15 13:34:59.143 INF] Authorization failed. These requirements were not met:
RolesAuthorizationRequirement:User.IsInRole must be true for one of the following roles: (SuperAdmin|Admin) | MachineName=LVHUI-PC ThreadId=56
[2026-05-15 13:34:59.146 INF] Request finished HTTP/1.1 GET http://localhost:5146/api/tenants?page=1&pageSize=200 - 401 0 null 57.5041ms | MachineName=LVHUI-PC ThreadId=48
[2026-05-15 13:34:59.149 INF] AuthenticationScheme: Bearer was challenged. | MachineName=LVHUI-PC ThreadId=52
[2026-05-15 13:34:59.152 INF] AuthenticationScheme: Bearer was challenged. | MachineName=LVHUI-PC ThreadId=56
[2026-05-15 13:34:59.160 WRN] HTTP GET /api/tenants?page=1&pageSize=1 → 401 | 22ms | User=-(-) Role=- Tenant=- IP=127.0.0.1 TraceId=0HNLI8BF9RFR7:00000001 | MachineName=LVHUI-PC ThreadId=52
[2026-05-15 13:34:59.163 WRN] HTTP GET /api/users?page=1&pageSize=1 → 401 | 20ms | User=-(-) Role=- Tenant=- IP=127.0.0.1 TraceId=0HNLI8BF9RFR8:00000001 | MachineName=LVHUI-PC ThreadId=56
[2026-05-15 13:34:59.167 INF] Request finished HTTP/1.1 GET http://localhost:5146/api/tenants?page=1&pageSize=1 - 401 0 null 47.85ms | MachineName=LVHUI-PC ThreadId=52
[2026-05-15 13:34:59.171 INF] Request finished HTTP/1.1 GET http://localhost:5146/api/users?page=1&pageSize=1 - 401 0 null 51.7855ms | MachineName=LVHUI-PC ThreadId=56
[2026-05-15 13:34:59.189 INF] Executed DbCommand (66ms) [Parameters=[], CommandType='"Text"', CommandTimeout='30']
SELECT count(*)
FROM exam_papers AS e | MachineName=LVHUI-PC ThreadId=56
[2026-05-15 13:34:59.260 INF] Executed DbCommand (66ms) [Parameters=[@__p_1='?' (DbType = Int32), @__p_0='?' (DbType = Int32)], CommandType='"Text"', CommandTimeout='30']
SELECT e.id, e.title, e.description, e.total_score, e.duration_minutes, e.status, e.start_time, e.end_time, e.anti_cheating_enabled, (
    SELECT count(*)::int
    FROM exam_questions AS e0
    WHERE e.id = e0.exam_paper_id), e.created_at
FROM exam_papers AS e
ORDER BY e.created_at DESC
LIMIT @__p_1 OFFSET @__p_0 | MachineName=LVHUI-PC ThreadId=56
[2026-05-15 13:34:59.266 INF] Executing OkObjectResult, writing value of type 'ExamSystem.Application.Common.Models.PaginatedResult`1[[ExamSystem.Application.ExamPapers.Queries.ExamPaperDto, ExamSystem.Application, Version=1.0.0.0, Culture=neutral, PublicKeyToken=null]]'. | MachineName=LVHUI-PC ThreadId=56
[2026-05-15 13:34:59.269 INF] Executed action ExamSystem.API.Controllers.ExamPapersController.GetExamPapers (ExamSystem.API) in 146.1795ms | MachineName=LVHUI-PC ThreadId=56
[2026-05-15 13:34:59.272 INF] Executed endpoint 'ExamSystem.API.Controllers.ExamPapersController.GetExamPapers (ExamSystem.API)' | MachineName=LVHUI-PC ThreadId=56
[2026-05-15 13:34:59.275 INF] HTTP GET /api/exam-papers?page=1&pageSize=1 → 200 | 181ms | User=-(-) Role=- Tenant=- IP=127.0.0.1 TraceId=0HNLI8BF9RFR3:00000001 | MachineName=LVHUI-PC ThreadId=56
[2026-05-15 13:34:59.280 INF] Request finished HTTP/1.1 GET http://localhost:5146/api/exam-papers?page=1&pageSize=1 - 200 null application/json; charset=utf-8 191.5999ms | MachineName=LVHUI-PC ThreadId=56
[2026-05-15 13:34:59.845 INF] Executed DbCommand (63ms) [Parameters=[], CommandType='"Text"', CommandTimeout='30']
SELECT count(*)
FROM exam_papers AS e | MachineName=LVHUI-PC ThreadId=56
[2026-05-15 13:34:59.915 INF] Executed DbCommand (65ms) [Parameters=[@__p_1='?' (DbType = Int32), @__p_0='?' (DbType = Int32)], CommandType='"Text"', CommandTimeout='30']
SELECT e.id, e.title, e.description, e.total_score, e.duration_minutes, e.status, e.start_time, e.end_time, e.anti_cheating_enabled, (
    SELECT count(*)::int
    FROM exam_questions AS e0
    WHERE e.id = e0.exam_paper_id), e.created_at
FROM exam_papers AS e
ORDER BY e.created_at DESC
LIMIT @__p_1 OFFSET @__p_0 | MachineName=LVHUI-PC ThreadId=56
[2026-05-15 13:34:59.918 INF] Executing OkObjectResult, writing value of type 'ExamSystem.Application.Common.Models.PaginatedResult`1[[ExamSystem.Application.ExamPapers.Queries.ExamPaperDto, ExamSystem.Application, Version=1.0.0.0, Culture=neutral, PublicKeyToken=null]]'. | MachineName=LVHUI-PC ThreadId=56
[2026-05-15 13:34:59.920 INF] Executed action ExamSystem.API.Controllers.ExamPapersController.GetExamPapers (ExamSystem.API) in 793.0121ms | MachineName=LVHUI-PC ThreadId=56
[2026-05-15 13:34:59.923 INF] Executed endpoint 'ExamSystem.API.Controllers.ExamPapersController.GetExamPapers (ExamSystem.API)' | MachineName=LVHUI-PC ThreadId=56
[2026-05-15 13:34:59.927 INF] HTTP GET /api/exam-papers?page=1&pageSize=5 → 200 | 828ms | User=-(-) Role=- Tenant=- IP=127.0.0.1 TraceId=0HNLI8BF9RFR5:00000001 | MachineName=LVHUI-PC ThreadId=56
[2026-05-15 13:34:59.930 INF] Request finished HTTP/1.1 GET http://localhost:5146/api/exam-papers?page=1&pageSize=5 - 200 null application/json; charset=utf-8 841.4812ms | MachineName=LVHUI-PC ThreadId=56
[2026-05-15 13:35:48.945 INF] Application is shutting down... | MachineName=LVHUI-PC ThreadId=61
[2026-05-15 13:36:16.682 INF] ExamSystem API 启动成功，环境：Development | MachineName=LVHUI-PC ThreadId=1
[2026-05-15 13:36:16.709 INF] User profile is available. Using 'C:\Users\jeffz\AppData\Local\ASP.NET\DataProtection-Keys' as key repository and Windows DPAPI to encrypt keys at rest. | MachineName=LVHUI-PC ThreadId=1
[2026-05-15 13:36:16.749 INF] Now listening on: http://localhost:5146 | MachineName=LVHUI-PC ThreadId=1
[2026-05-15 13:36:16.753 INF] Application started. Press Ctrl+C to shut down. | MachineName=LVHUI-PC ThreadId=1
[2026-05-15 13:36:16.761 INF] Hosting environment: Development | MachineName=LVHUI-PC ThreadId=1
[2026-05-15 13:36:16.762 INF] Content root path: C:\Projects\exam-system\src\examsystem.api | MachineName=LVHUI-PC ThreadId=1
[2026-05-15 13:36:21.448 INF] Request starting HTTP/1.1 POST http://localhost:5146/api/auth/login - application/json 46 | MachineName=LVHUI-PC ThreadId=10
[2026-05-15 13:36:21.529 INF] Executing endpoint 'ExamSystem.API.Controllers.AuthController.Login (ExamSystem.API)' | MachineName=LVHUI-PC ThreadId=10
[2026-05-15 13:36:21.541 INF] Route matched with {action = "Login", controller = "Auth"}. Executing controller action with signature System.Threading.Tasks.Task`1[Microsoft.AspNetCore.Mvc.IActionResult] Login(ExamSystem.API.Controllers.LoginRequest, System.Threading.CancellationToken) on controller ExamSystem.API.Controllers.AuthController (ExamSystem.API). | MachineName=LVHUI-PC ThreadId=10
[2026-05-15 13:36:30.596 WRN] Redis 不可用，已启用内存缓存降级模式。 | MachineName=LVHUI-PC ThreadId=10
[2026-05-15 13:36:31.878 INF] Executed DbCommand (85ms) [Parameters=[@__command_Username_0='?'], CommandType='"Text"', CommandTimeout='30']
SELECT u.id, u.created_at, u.email, u.is_active, u.last_login_at, u.password_hash, u.role, u.tenant_id, u.updated_at, u.username
FROM users AS u
WHERE u.username = @__command_Username_0 AND u.is_active
LIMIT 1 | MachineName=LVHUI-PC ThreadId=26
[2026-05-15 13:36:31.972 INF] Executing OkObjectResult, writing value of type 'ExamSystem.Application.Auth.Commands.LoginResult'. | MachineName=LVHUI-PC ThreadId=26
[2026-05-15 13:36:31.983 INF] Executed action ExamSystem.API.Controllers.AuthController.Login (ExamSystem.API) in 10435.3876ms | MachineName=LVHUI-PC ThreadId=26
[2026-05-15 13:36:31.988 INF] Executed endpoint 'ExamSystem.API.Controllers.AuthController.Login (ExamSystem.API)' | MachineName=LVHUI-PC ThreadId=26
[2026-05-15 13:36:31.997 INF] HTTP POST /api/auth/login → 200 | 10524ms | User=-(-) Role=- Tenant=- IP=127.0.0.1 TraceId=0HNLI8FIM9BHO:00000001 | MachineName=LVHUI-PC ThreadId=26
[2026-05-15 13:36:32.005 INF] Request finished HTTP/1.1 POST http://localhost:5146/api/auth/login - 200 null application/json; charset=utf-8 10558.1397ms | MachineName=LVHUI-PC ThreadId=26
[2026-05-15 13:36:32.416 INF] Request starting HTTP/1.1 GET http://localhost:5146/api/exam-papers?page=1&pageSize=1 - null null | MachineName=LVHUI-PC ThreadId=13
[2026-05-15 13:36:32.416 INF] Request starting HTTP/1.1 GET http://localhost:5146/api/questions?page=1&pageSize=1 - null null | MachineName=LVHUI-PC ThreadId=11
[2026-05-15 13:36:32.451 INF] Executing endpoint 'ExamSystem.API.Controllers.ExamPapersController.GetExamPapers (ExamSystem.API)' | MachineName=LVHUI-PC ThreadId=13
[2026-05-15 13:36:32.453 INF] Executing endpoint 'ExamSystem.API.Controllers.QuestionsController.GetQuestions (ExamSystem.API)' | MachineName=LVHUI-PC ThreadId=11
[2026-05-15 13:36:32.460 INF] Route matched with {action = "GetExamPapers", controller = "ExamPapers"}. Executing controller action with signature System.Threading.Tasks.Task`1[Microsoft.AspNetCore.Mvc.IActionResult] GetExamPapers(Int32, Int32, System.Nullable`1[ExamSystem.Domain.Enums.ExamStatus], System.Threading.CancellationToken) on controller ExamSystem.API.Controllers.ExamPapersController (ExamSystem.API). | MachineName=LVHUI-PC ThreadId=13
[2026-05-15 13:36:32.460 INF] Route matched with {action = "GetQuestions", controller = "Questions"}. Executing controller action with signature System.Threading.Tasks.Task`1[Microsoft.AspNetCore.Mvc.IActionResult] GetQuestions(Int32, Int32, System.Nullable`1[ExamSystem.Domain.Enums.QuestionType], System.Nullable`1[System.Int32], System.String, System.Threading.CancellationToken) on controller ExamSystem.API.Controllers.QuestionsController (ExamSystem.API). | MachineName=LVHUI-PC ThreadId=11
[2026-05-15 13:36:32.580 INF] Executed DbCommand (61ms) [Parameters=[], CommandType='"Text"', CommandTimeout='30']
SELECT count(*)
FROM exam_papers AS e | MachineName=LVHUI-PC ThreadId=11
[2026-05-15 13:36:32.581 INF] Request starting HTTP/1.1 GET http://localhost:5146/api/exam-papers?page=1&pageSize=5 - null null | MachineName=LVHUI-PC ThreadId=13
[2026-05-15 13:36:32.594 INF] Executing endpoint 'ExamSystem.API.Controllers.ExamPapersController.GetExamPapers (ExamSystem.API)' | MachineName=LVHUI-PC ThreadId=13
[2026-05-15 13:36:32.607 INF] Route matched with {action = "GetExamPapers", controller = "ExamPapers"}. Executing controller action with signature System.Threading.Tasks.Task`1[Microsoft.AspNetCore.Mvc.IActionResult] GetExamPapers(Int32, Int32, System.Nullable`1[ExamSystem.Domain.Enums.ExamStatus], System.Threading.CancellationToken) on controller ExamSystem.API.Controllers.ExamPapersController (ExamSystem.API). | MachineName=LVHUI-PC ThreadId=13
[2026-05-15 13:36:32.642 INF] Request starting HTTP/1.1 GET http://localhost:5146/api/tenants?page=1&pageSize=200 - null null | MachineName=LVHUI-PC ThreadId=11
[2026-05-15 13:36:32.646 INF] Executing endpoint 'ExamSystem.API.Controllers.TenantsController.GetTenants (ExamSystem.API)' | MachineName=LVHUI-PC ThreadId=11
[2026-05-15 13:36:32.652 INF] Route matched with {action = "GetTenants", controller = "Tenants"}. Executing controller action with signature System.Threading.Tasks.Task`1[Microsoft.AspNetCore.Mvc.IActionResult] GetTenants(Int32, Int32, System.Threading.CancellationToken) on controller ExamSystem.API.Controllers.TenantsController (ExamSystem.API). | MachineName=LVHUI-PC ThreadId=11
[2026-05-15 13:36:32.684 INF] Executed DbCommand (61ms) [Parameters=[], CommandType='"Text"', CommandTimeout='30']
SELECT count(*)
FROM exam_papers AS e | MachineName=LVHUI-PC ThreadId=11
[2026-05-15 13:36:32.751 INF] Executed DbCommand (62ms) [Parameters=[@__p_1='?' (DbType = Int32), @__p_0='?' (DbType = Int32)], CommandType='"Text"', CommandTimeout='30']
SELECT e.id, e.title, e.description, e.total_score, e.duration_minutes, e.status, e.start_time, e.end_time, e.anti_cheating_enabled, (
    SELECT count(*)::int
    FROM exam_questions AS e0
    WHERE e.id = e0.exam_paper_id), e.created_at
FROM exam_papers AS e
ORDER BY e.created_at DESC
LIMIT @__p_1 OFFSET @__p_0 | MachineName=LVHUI-PC ThreadId=11
[2026-05-15 13:36:32.765 INF] Executing OkObjectResult, writing value of type 'ExamSystem.Application.Common.Models.PaginatedResult`1[[ExamSystem.Application.ExamPapers.Queries.ExamPaperDto, ExamSystem.Application, Version=1.0.0.0, Culture=neutral, PublicKeyToken=null]]'. | MachineName=LVHUI-PC ThreadId=11
[2026-05-15 13:36:32.789 INF] Executed action ExamSystem.API.Controllers.ExamPapersController.GetExamPapers (ExamSystem.API) in 177.6755ms | MachineName=LVHUI-PC ThreadId=11
[2026-05-15 13:36:32.795 INF] Executed endpoint 'ExamSystem.API.Controllers.ExamPapersController.GetExamPapers (ExamSystem.API)' | MachineName=LVHUI-PC ThreadId=11
[2026-05-15 13:36:32.801 INF] HTTP GET /api/exam-papers?page=1&pageSize=5 → 200 | 209ms | User=admin(a0000000-0000-0000-0000-000000000001) Role=SuperAdmin Tenant=- IP=127.0.0.1 TraceId=0HNLI8FIM9BHR:00000001 | MachineName=LVHUI-PC ThreadId=11
[2026-05-15 13:36:32.805 INF] Request finished HTTP/1.1 GET http://localhost:5146/api/exam-papers?page=1&pageSize=5 - 200 null application/json; charset=utf-8 223.1821ms | MachineName=LVHUI-PC ThreadId=11
[2026-05-15 13:36:33.078 INF] Executed DbCommand (69ms) [Parameters=[], CommandType='"Text"', CommandTimeout='30']
SELECT count(*)
FROM questions AS q
WHERE q.is_active | MachineName=LVHUI-PC ThreadId=11
[2026-05-15 13:36:33.156 INF] Executed DbCommand (61ms) [Parameters=[@__p_1='?' (DbType = Int32), @__p_0='?' (DbType = Int32)], CommandType='"Text"', CommandTimeout='30']
SELECT q.id, q.type, q.content, q.knowledge_point, q.difficulty, q.is_ai_generated, q.created_at
FROM questions AS q
WHERE q.is_active
ORDER BY q.created_at DESC
LIMIT @__p_1 OFFSET @__p_0 | MachineName=LVHUI-PC ThreadId=11
[2026-05-15 13:36:33.167 INF] Executing OkObjectResult, writing value of type 'ExamSystem.Application.Common.Models.PaginatedResult`1[[ExamSystem.Application.Questions.Queries.QuestionDto, ExamSystem.Application, Version=1.0.0.0, Culture=neutral, PublicKeyToken=null]]'. | MachineName=LVHUI-PC ThreadId=11
[2026-05-15 13:36:33.172 INF] Executed action ExamSystem.API.Controllers.QuestionsController.GetQuestions (ExamSystem.API) in 702.935ms | MachineName=LVHUI-PC ThreadId=11
[2026-05-15 13:36:33.177 INF] Executed endpoint 'ExamSystem.API.Controllers.QuestionsController.GetQuestions (ExamSystem.API)' | MachineName=LVHUI-PC ThreadId=11
[2026-05-15 13:36:33.185 INF] HTTP GET /api/questions?page=1&pageSize=1 → 200 | 761ms | User=admin(a0000000-0000-0000-0000-000000000001) Role=SuperAdmin Tenant=- IP=127.0.0.1 TraceId=0HNLI8FIM9BHQ:00000001 | MachineName=LVHUI-PC ThreadId=11
[2026-05-15 13:36:33.190 INF] Request finished HTTP/1.1 GET http://localhost:5146/api/questions?page=1&pageSize=1 - 200 null application/json; charset=utf-8 773.8387ms | MachineName=LVHUI-PC ThreadId=11
[2026-05-15 13:36:33.212 INF] Executed DbCommand (66ms) [Parameters=[], CommandType='"Text"', CommandTimeout='30']
SELECT count(*)
FROM tenants AS t | MachineName=LVHUI-PC ThreadId=11
[2026-05-15 13:36:33.230 INF] Executed DbCommand (73ms) [Parameters=[@__p_1='?' (DbType = Int32), @__p_0='?' (DbType = Int32)], CommandType='"Text"', CommandTimeout='30']
SELECT e.id, e.title, e.description, e.total_score, e.duration_minutes, e.status, e.start_time, e.end_time, e.anti_cheating_enabled, (
    SELECT count(*)::int
    FROM exam_questions AS e0
    WHERE e.id = e0.exam_paper_id), e.created_at
FROM exam_papers AS e
ORDER BY e.created_at DESC
LIMIT @__p_1 OFFSET @__p_0 | MachineName=LVHUI-PC ThreadId=11
[2026-05-15 13:36:33.233 INF] Executing OkObjectResult, writing value of type 'ExamSystem.Application.Common.Models.PaginatedResult`1[[ExamSystem.Application.ExamPapers.Queries.ExamPaperDto, ExamSystem.Application, Version=1.0.0.0, Culture=neutral, PublicKeyToken=null]]'. | MachineName=LVHUI-PC ThreadId=11
[2026-05-15 13:36:33.236 INF] Executed action ExamSystem.API.Controllers.ExamPapersController.GetExamPapers (ExamSystem.API) in 771.553ms | MachineName=LVHUI-PC ThreadId=11
[2026-05-15 13:36:33.240 INF] Executed endpoint 'ExamSystem.API.Controllers.ExamPapersController.GetExamPapers (ExamSystem.API)' | MachineName=LVHUI-PC ThreadId=11
[2026-05-15 13:36:33.243 INF] HTTP GET /api/exam-papers?page=1&pageSize=1 → 200 | 820ms | User=admin(a0000000-0000-0000-0000-000000000001) Role=SuperAdmin Tenant=- IP=127.0.0.1 TraceId=0HNLI8FIM9BHP:00000001 | MachineName=LVHUI-PC ThreadId=11
[2026-05-15 13:36:33.247 INF] Request finished HTTP/1.1 GET http://localhost:5146/api/exam-papers?page=1&pageSize=1 - 200 null application/json; charset=utf-8 831.1179ms | MachineName=LVHUI-PC ThreadId=11
[2026-05-15 13:36:33.252 INF] Request starting HTTP/1.1 GET http://localhost:5146/api/users?page=1&pageSize=1 - null null | MachineName=LVHUI-PC ThreadId=10
[2026-05-15 13:36:33.252 INF] Request starting HTTP/1.1 GET http://localhost:5146/api/tenants?page=1&pageSize=1 - null null | MachineName=LVHUI-PC ThreadId=7
[2026-05-15 13:36:33.256 INF] Executing endpoint 'ExamSystem.API.Controllers.UsersController.GetUsers (ExamSystem.API)' | MachineName=LVHUI-PC ThreadId=10
[2026-05-15 13:36:33.260 INF] Executing endpoint 'ExamSystem.API.Controllers.TenantsController.GetTenants (ExamSystem.API)' | MachineName=LVHUI-PC ThreadId=7
[2026-05-15 13:36:33.265 INF] Route matched with {action = "GetUsers", controller = "Users"}. Executing controller action with signature System.Threading.Tasks.Task`1[Microsoft.AspNetCore.Mvc.IActionResult] GetUsers(System.Nullable`1[System.Guid], System.Nullable`1[ExamSystem.Domain.Enums.UserRole], System.Nullable`1[System.Boolean], System.String, Int32, Int32, System.Threading.CancellationToken) on controller ExamSystem.API.Controllers.UsersController (ExamSystem.API). | MachineName=LVHUI-PC ThreadId=10
[2026-05-15 13:36:33.266 INF] Route matched with {action = "GetTenants", controller = "Tenants"}. Executing controller action with signature System.Threading.Tasks.Task`1[Microsoft.AspNetCore.Mvc.IActionResult] GetTenants(Int32, Int32, System.Threading.CancellationToken) on controller ExamSystem.API.Controllers.TenantsController (ExamSystem.API). | MachineName=LVHUI-PC ThreadId=7
[2026-05-15 13:36:33.286 INF] Executed DbCommand (68ms) [Parameters=[@__p_1='?' (DbType = Int32), @__p_0='?' (DbType = Int32)], CommandType='"Text"', CommandTimeout='30']
SELECT t.id, t.name, t.schema_name, t.contact_email, t.is_active, t.ai_call_quota, t.ai_call_used, t.created_at
FROM tenants AS t
ORDER BY t.created_at DESC
LIMIT @__p_1 OFFSET @__p_0 | MachineName=LVHUI-PC ThreadId=10
[2026-05-15 13:36:33.290 INF] Executing OkObjectResult, writing value of type 'ExamSystem.Application.Common.Models.PaginatedResult`1[[ExamSystem.Application.Tenants.Queries.TenantDto, ExamSystem.Application, Version=1.0.0.0, Culture=neutral, PublicKeyToken=null]]'. | MachineName=LVHUI-PC ThreadId=10
[2026-05-15 13:36:33.294 INF] Executed action ExamSystem.API.Controllers.TenantsController.GetTenants (ExamSystem.API) in 637.352ms | MachineName=LVHUI-PC ThreadId=10
[2026-05-15 13:36:33.296 INF] Executed endpoint 'ExamSystem.API.Controllers.TenantsController.GetTenants (ExamSystem.API)' | MachineName=LVHUI-PC ThreadId=10
[2026-05-15 13:36:33.300 INF] HTTP GET /api/tenants?page=1&pageSize=200 → 200 | 653ms | User=admin(a0000000-0000-0000-0000-000000000001) Role=SuperAdmin Tenant=- IP=127.0.0.1 TraceId=0HNLI8FIM9BHS:00000001 | MachineName=LVHUI-PC ThreadId=10
[2026-05-15 13:36:33.303 INF] Request finished HTTP/1.1 GET http://localhost:5146/api/tenants?page=1&pageSize=200 - 200 null application/json; charset=utf-8 661.0534ms | MachineName=LVHUI-PC ThreadId=10
[2026-05-15 13:36:33.335 INF] Executed DbCommand (61ms) [Parameters=[], CommandType='"Text"', CommandTimeout='30']
SELECT count(*)
FROM tenants AS t | MachineName=LVHUI-PC ThreadId=10
[2026-05-15 13:36:33.339 INF] Executed DbCommand (65ms) [Parameters=[], CommandType='"Text"', CommandTimeout='30']
SELECT count(*)
FROM users AS u | MachineName=LVHUI-PC ThreadId=10
[2026-05-15 13:36:33.410 INF] Executed DbCommand (72ms) [Parameters=[@__p_1='?' (DbType = Int32), @__p_0='?' (DbType = Int32)], CommandType='"Text"', CommandTimeout='30']
SELECT t.id, t.name, t.schema_name, t.contact_email, t.is_active, t.ai_call_quota, t.ai_call_used, t.created_at
FROM tenants AS t
ORDER BY t.created_at DESC
LIMIT @__p_1 OFFSET @__p_0 | MachineName=LVHUI-PC ThreadId=10
[2026-05-15 13:36:33.415 INF] Executing OkObjectResult, writing value of type 'ExamSystem.Application.Common.Models.PaginatedResult`1[[ExamSystem.Application.Tenants.Queries.TenantDto, ExamSystem.Application, Version=1.0.0.0, Culture=neutral, PublicKeyToken=null]]'. | MachineName=LVHUI-PC ThreadId=10
[2026-05-15 13:36:33.420 INF] Executed action ExamSystem.API.Controllers.TenantsController.GetTenants (ExamSystem.API) in 147.6396ms | MachineName=LVHUI-PC ThreadId=10
[2026-05-15 13:36:33.424 INF] Executed endpoint 'ExamSystem.API.Controllers.TenantsController.GetTenants (ExamSystem.API)' | MachineName=LVHUI-PC ThreadId=10
[2026-05-15 13:36:33.425 INF] Executed DbCommand (70ms) [Parameters=[@__p_1='?' (DbType = Int32), @__p_0='?' (DbType = Int32)], CommandType='"Text"', CommandTimeout='30']
SELECT t.id, t.tenant_id, t0.name, t.username, t.email, t.role, t.is_active, t.last_login_at, t.created_at
FROM (
    SELECT u.id, u.created_at, u.email, u.is_active, u.last_login_at, u.role, u.tenant_id, u.username
    FROM users AS u
    ORDER BY u.created_at DESC
    LIMIT @__p_1 OFFSET @__p_0
) AS t
LEFT JOIN tenants AS t0 ON t.tenant_id = t0.id
ORDER BY t.created_at DESC | MachineName=LVHUI-PC ThreadId=7
[2026-05-15 13:36:33.429 INF] HTTP GET /api/tenants?page=1&pageSize=1 → 200 | 169ms | User=admin(a0000000-0000-0000-0000-000000000001) Role=SuperAdmin Tenant=- IP=127.0.0.1 TraceId=0HNLI8FIM9BHT:00000001 | MachineName=LVHUI-PC ThreadId=10
[2026-05-15 13:36:33.434 INF] Executing OkObjectResult, writing value of type 'ExamSystem.Application.Common.Models.PaginatedResult`1[[ExamSystem.Application.Users.Queries.UserDto, ExamSystem.Application, Version=1.0.0.0, Culture=neutral, PublicKeyToken=null]]'. | MachineName=LVHUI-PC ThreadId=7
[2026-05-15 13:36:33.438 INF] Request finished HTTP/1.1 GET http://localhost:5146/api/tenants?page=1&pageSize=1 - 200 null application/json; charset=utf-8 185.3227ms | MachineName=LVHUI-PC ThreadId=10
[2026-05-15 13:36:33.449 INF] Executed action ExamSystem.API.Controllers.UsersController.GetUsers (ExamSystem.API) in 179.7914ms | MachineName=LVHUI-PC ThreadId=7
[2026-05-15 13:36:33.452 INF] Executed endpoint 'ExamSystem.API.Controllers.UsersController.GetUsers (ExamSystem.API)' | MachineName=LVHUI-PC ThreadId=7
[2026-05-15 13:36:33.455 INF] HTTP GET /api/users?page=1&pageSize=1 → 200 | 198ms | User=admin(a0000000-0000-0000-0000-000000000001) Role=SuperAdmin Tenant=- IP=127.0.0.1 TraceId=0HNLI8FIM9BHU:00000001 | MachineName=LVHUI-PC ThreadId=7
[2026-05-15 13:36:33.458 INF] Request finished HTTP/1.1 GET http://localhost:5146/api/users?page=1&pageSize=1 - 200 null application/json; charset=utf-8 205.8446ms | MachineName=LVHUI-PC ThreadId=7
[2026-05-15 13:36:35.330 INF] Request starting HTTP/1.1 GET http://localhost:5146/api/books?page=1&pageSize=10 - null null | MachineName=LVHUI-PC ThreadId=9
[2026-05-15 13:36:35.336 INF] Executing endpoint 'ExamSystem.API.Controllers.BooksController.GetBooks (ExamSystem.API)' | MachineName=LVHUI-PC ThreadId=9
[2026-05-15 13:36:35.344 INF] Route matched with {action = "GetBooks", controller = "Books"}. Executing controller action with signature System.Threading.Tasks.Task`1[Microsoft.AspNetCore.Mvc.IActionResult] GetBooks(System.String, System.String, System.String, System.Nullable`1[System.Boolean], Int32, Int32, System.Threading.CancellationToken) on controller ExamSystem.API.Controllers.BooksController (ExamSystem.API). | MachineName=LVHUI-PC ThreadId=9
[2026-05-15 13:36:35.423 INF] Executed DbCommand (64ms) [Parameters=[], CommandType='"Text"', CommandTimeout='30']
SELECT count(*)::int
FROM books AS b | MachineName=LVHUI-PC ThreadId=9
[2026-05-15 13:36:35.500 INF] Executed DbCommand (66ms) [Parameters=[@__p_1='?' (DbType = Int32), @__p_0='?' (DbType = Int32)], CommandType='"Text"', CommandTimeout='30']
SELECT b.id, b.author, b.category, b.cover_image_url, b.created_at, b.description, b.file_size_bytes, b.is_active, b.isbn, b.page_count, b.pdf_file_path, b.publish_year, b.publisher, b.tags, b.tenant_id, b.title, b.updated_at, b.uploaded_by_id, b.uploaded_by_name
FROM books AS b
ORDER BY b.created_at DESC
LIMIT @__p_1 OFFSET @__p_0 | MachineName=LVHUI-PC ThreadId=9
[2026-05-15 13:36:35.552 INF] Executing OkObjectResult, writing value of type 'ExamSystem.Application.Common.Models.PaginatedResult`1[[ExamSystem.Application.Books.BookDto, ExamSystem.Application, Version=1.0.0.0, Culture=neutral, PublicKeyToken=null]]'. | MachineName=LVHUI-PC ThreadId=9
[2026-05-15 13:36:35.562 INF] Executed action ExamSystem.API.Controllers.BooksController.GetBooks (ExamSystem.API) in 210.2388ms | MachineName=LVHUI-PC ThreadId=9
[2026-05-15 13:36:35.567 INF] Executed endpoint 'ExamSystem.API.Controllers.BooksController.GetBooks (ExamSystem.API)' | MachineName=LVHUI-PC ThreadId=9
[2026-05-15 13:36:35.572 INF] HTTP GET /api/books?page=1&pageSize=10 → 200 | 238ms | User=admin(a0000000-0000-0000-0000-000000000001) Role=SuperAdmin Tenant=- IP=127.0.0.1 TraceId=0HNLI8FIM9BHV:00000001 | MachineName=LVHUI-PC ThreadId=9
[2026-05-15 13:36:35.577 INF] Request finished HTTP/1.1 GET http://localhost:5146/api/books?page=1&pageSize=10 - 200 null application/json; charset=utf-8 247.8172ms | MachineName=LVHUI-PC ThreadId=9
[2026-05-15 13:36:39.345 INF] Request starting HTTP/1.1 GET http://localhost:5146/api/questions?page=1&pageSize=20 - null null | MachineName=LVHUI-PC ThreadId=7
[2026-05-15 13:36:39.347 INF] Executing endpoint 'ExamSystem.API.Controllers.QuestionsController.GetQuestions (ExamSystem.API)' | MachineName=LVHUI-PC ThreadId=7
[2026-05-15 13:36:39.350 INF] Route matched with {action = "GetQuestions", controller = "Questions"}. Executing controller action with signature System.Threading.Tasks.Task`1[Microsoft.AspNetCore.Mvc.IActionResult] GetQuestions(Int32, Int32, System.Nullable`1[ExamSystem.Domain.Enums.QuestionType], System.Nullable`1[System.Int32], System.String, System.Threading.CancellationToken) on controller ExamSystem.API.Controllers.QuestionsController (ExamSystem.API). | MachineName=LVHUI-PC ThreadId=7
[2026-05-15 13:36:39.429 INF] Executed DbCommand (72ms) [Parameters=[], CommandType='"Text"', CommandTimeout='30']
SELECT count(*)
FROM questions AS q
WHERE q.is_active | MachineName=LVHUI-PC ThreadId=7
[2026-05-15 13:36:39.500 INF] Executed DbCommand (68ms) [Parameters=[@__p_1='?' (DbType = Int32), @__p_0='?' (DbType = Int32)], CommandType='"Text"', CommandTimeout='30']
SELECT q.id, q.type, q.content, q.knowledge_point, q.difficulty, q.is_ai_generated, q.created_at
FROM questions AS q
WHERE q.is_active
ORDER BY q.created_at DESC
LIMIT @__p_1 OFFSET @__p_0 | MachineName=LVHUI-PC ThreadId=7
[2026-05-15 13:36:39.510 INF] Executing OkObjectResult, writing value of type 'ExamSystem.Application.Common.Models.PaginatedResult`1[[ExamSystem.Application.Questions.Queries.QuestionDto, ExamSystem.Application, Version=1.0.0.0, Culture=neutral, PublicKeyToken=null]]'. | MachineName=LVHUI-PC ThreadId=7
[2026-05-15 13:36:39.520 INF] Executed action ExamSystem.API.Controllers.QuestionsController.GetQuestions (ExamSystem.API) in 163.772ms | MachineName=LVHUI-PC ThreadId=7
[2026-05-15 13:36:39.527 INF] Executed endpoint 'ExamSystem.API.Controllers.QuestionsController.GetQuestions (ExamSystem.API)' | MachineName=LVHUI-PC ThreadId=7
[2026-05-15 13:36:39.533 INF] HTTP GET /api/questions?page=1&pageSize=20 → 200 | 186ms | User=admin(a0000000-0000-0000-0000-000000000001) Role=SuperAdmin Tenant=- IP=127.0.0.1 TraceId=0HNLI8FIM9BI0:00000001 | MachineName=LVHUI-PC ThreadId=7
[2026-05-15 13:36:39.537 INF] Request finished HTTP/1.1 GET http://localhost:5146/api/questions?page=1&pageSize=20 - 200 null application/json; charset=utf-8 192.1739ms | MachineName=LVHUI-PC ThreadId=7
[2026-05-15 13:36:41.916 INF] Request starting HTTP/1.1 GET http://localhost:5146/api/books?page=1&pageSize=10 - null null | MachineName=LVHUI-PC ThreadId=9
[2026-05-15 13:36:41.925 INF] Executing endpoint 'ExamSystem.API.Controllers.BooksController.GetBooks (ExamSystem.API)' | MachineName=LVHUI-PC ThreadId=9
[2026-05-15 13:36:41.932 INF] Route matched with {action = "GetBooks", controller = "Books"}. Executing controller action with signature System.Threading.Tasks.Task`1[Microsoft.AspNetCore.Mvc.IActionResult] GetBooks(System.String, System.String, System.String, System.Nullable`1[System.Boolean], Int32, Int32, System.Threading.CancellationToken) on controller ExamSystem.API.Controllers.BooksController (ExamSystem.API). | MachineName=LVHUI-PC ThreadId=9
[2026-05-15 13:36:42.003 INF] Executed DbCommand (64ms) [Parameters=[], CommandType='"Text"', CommandTimeout='30']
SELECT count(*)::int
FROM books AS b | MachineName=LVHUI-PC ThreadId=9
[2026-05-15 13:36:42.085 INF] Executed DbCommand (73ms) [Parameters=[@__p_1='?' (DbType = Int32), @__p_0='?' (DbType = Int32)], CommandType='"Text"', CommandTimeout='30']
SELECT b.id, b.author, b.category, b.cover_image_url, b.created_at, b.description, b.file_size_bytes, b.is_active, b.isbn, b.page_count, b.pdf_file_path, b.publish_year, b.publisher, b.tags, b.tenant_id, b.title, b.updated_at, b.uploaded_by_id, b.uploaded_by_name
FROM books AS b
ORDER BY b.created_at DESC
LIMIT @__p_1 OFFSET @__p_0 | MachineName=LVHUI-PC ThreadId=9
[2026-05-15 13:36:42.092 INF] Executing OkObjectResult, writing value of type 'ExamSystem.Application.Common.Models.PaginatedResult`1[[ExamSystem.Application.Books.BookDto, ExamSystem.Application, Version=1.0.0.0, Culture=neutral, PublicKeyToken=null]]'. | MachineName=LVHUI-PC ThreadId=9
[2026-05-15 13:36:42.097 INF] Executed action ExamSystem.API.Controllers.BooksController.GetBooks (ExamSystem.API) in 159.0749ms | MachineName=LVHUI-PC ThreadId=9
[2026-05-15 13:36:42.101 INF] Executed endpoint 'ExamSystem.API.Controllers.BooksController.GetBooks (ExamSystem.API)' | MachineName=LVHUI-PC ThreadId=9
[2026-05-15 13:36:42.105 INF] HTTP GET /api/books?page=1&pageSize=10 → 200 | 180ms | User=admin(a0000000-0000-0000-0000-000000000001) Role=SuperAdmin Tenant=- IP=127.0.0.1 TraceId=0HNLI8FIM9BI1:00000001 | MachineName=LVHUI-PC ThreadId=9
[2026-05-15 13:36:42.109 INF] Request finished HTTP/1.1 GET http://localhost:5146/api/books?page=1&pageSize=10 - 200 null application/json; charset=utf-8 193.052ms | MachineName=LVHUI-PC ThreadId=9
[2026-05-15 13:36:44.224 INF] Request starting HTTP/1.1 GET http://localhost:5146/api/messages/inbox?page=1&pageSize=10 - null null | MachineName=LVHUI-PC ThreadId=7
[2026-05-15 13:36:44.225 INF] Request starting HTTP/1.1 GET http://localhost:5146/api/tenants?page=1&pageSize=200 - null null | MachineName=LVHUI-PC ThreadId=10
[2026-05-15 13:36:44.228 INF] Executing endpoint 'ExamSystem.API.Controllers.MessagesController.GetInbox (ExamSystem.API)' | MachineName=LVHUI-PC ThreadId=7
[2026-05-15 13:36:44.234 INF] Executing endpoint 'ExamSystem.API.Controllers.TenantsController.GetTenants (ExamSystem.API)' | MachineName=LVHUI-PC ThreadId=10
[2026-05-15 13:36:44.240 INF] Route matched with {action = "GetInbox", controller = "Messages"}. Executing controller action with signature System.Threading.Tasks.Task`1[Microsoft.AspNetCore.Mvc.IActionResult] GetInbox(Int32, Int32, System.Threading.CancellationToken) on controller ExamSystem.API.Controllers.MessagesController (ExamSystem.API). | MachineName=LVHUI-PC ThreadId=7
[2026-05-15 13:36:44.242 INF] Route matched with {action = "GetTenants", controller = "Tenants"}. Executing controller action with signature System.Threading.Tasks.Task`1[Microsoft.AspNetCore.Mvc.IActionResult] GetTenants(Int32, Int32, System.Threading.CancellationToken) on controller ExamSystem.API.Controllers.TenantsController (ExamSystem.API). | MachineName=LVHUI-PC ThreadId=10
[2026-05-15 13:36:44.322 INF] Executed DbCommand (68ms) [Parameters=[], CommandType='"Text"', CommandTimeout='30']
SELECT count(*)
FROM tenants AS t | MachineName=LVHUI-PC ThreadId=10
[2026-05-15 13:36:44.327 INF] Executed DbCommand (74ms) [Parameters=[@__query_UserId_0='?' (DbType = Guid), @__p_2='?' (DbType = Int32), @__p_1='?' (DbType = Int32)], CommandType='"Text"', CommandTimeout='30']
SELECT m.id, m.attached_exam_paper_id, m.attached_question_ids, m.body, m.created_at, m.is_read, m.recipient_id, m.recipient_name, m.sender_id, m.sender_name, m.subject, m.tenant_id, m.updated_at
FROM messages AS m
WHERE m.recipient_id = @__query_UserId_0
ORDER BY m.created_at DESC
LIMIT @__p_2 OFFSET @__p_1 | MachineName=LVHUI-PC ThreadId=7
[2026-05-15 13:36:44.337 INF] Executing OkObjectResult, writing value of type 'System.Collections.Generic.List`1[[ExamSystem.Application.Messages.MessageDto, ExamSystem.Application, Version=1.0.0.0, Culture=neutral, PublicKeyToken=null]]'. | MachineName=LVHUI-PC ThreadId=7
[2026-05-15 13:36:44.342 INF] Executed action ExamSystem.API.Controllers.MessagesController.GetInbox (ExamSystem.API) in 94.9471ms | MachineName=LVHUI-PC ThreadId=7
[2026-05-15 13:36:44.348 INF] Executed endpoint 'ExamSystem.API.Controllers.MessagesController.GetInbox (ExamSystem.API)' | MachineName=LVHUI-PC ThreadId=7
[2026-05-15 13:36:44.352 INF] HTTP GET /api/messages/inbox?page=1&pageSize=10 → 200 | 124ms | User=admin(a0000000-0000-0000-0000-000000000001) Role=SuperAdmin Tenant=- IP=127.0.0.1 TraceId=0HNLI8FIM9BI2:00000001 | MachineName=LVHUI-PC ThreadId=7
[2026-05-15 13:36:44.355 INF] Request finished HTTP/1.1 GET http://localhost:5146/api/messages/inbox?page=1&pageSize=10 - 200 null application/json; charset=utf-8 131.2578ms | MachineName=LVHUI-PC ThreadId=7
[2026-05-15 13:36:44.398 INF] Executed DbCommand (68ms) [Parameters=[@__p_1='?' (DbType = Int32), @__p_0='?' (DbType = Int32)], CommandType='"Text"', CommandTimeout='30']
SELECT t.id, t.name, t.schema_name, t.contact_email, t.is_active, t.ai_call_quota, t.ai_call_used, t.created_at
FROM tenants AS t
ORDER BY t.created_at DESC
LIMIT @__p_1 OFFSET @__p_0 | MachineName=LVHUI-PC ThreadId=7
[2026-05-15 13:36:44.401 INF] Executing OkObjectResult, writing value of type 'ExamSystem.Application.Common.Models.PaginatedResult`1[[ExamSystem.Application.Tenants.Queries.TenantDto, ExamSystem.Application, Version=1.0.0.0, Culture=neutral, PublicKeyToken=null]]'. | MachineName=LVHUI-PC ThreadId=7
[2026-05-15 13:36:44.404 INF] Executed action ExamSystem.API.Controllers.TenantsController.GetTenants (ExamSystem.API) in 151.8691ms | MachineName=LVHUI-PC ThreadId=7
[2026-05-15 13:36:44.407 INF] Executed endpoint 'ExamSystem.API.Controllers.TenantsController.GetTenants (ExamSystem.API)' | MachineName=LVHUI-PC ThreadId=7
[2026-05-15 13:36:44.410 INF] HTTP GET /api/tenants?page=1&pageSize=200 → 200 | 176ms | User=admin(a0000000-0000-0000-0000-000000000001) Role=SuperAdmin Tenant=- IP=127.0.0.1 TraceId=0HNLI8FIM9BI3:00000001 | MachineName=LVHUI-PC ThreadId=7
[2026-05-15 13:36:44.413 INF] Request finished HTTP/1.1 GET http://localhost:5146/api/tenants?page=1&pageSize=200 - 200 null application/json; charset=utf-8 187.8811ms | MachineName=LVHUI-PC ThreadId=7
[2026-05-15 13:36:55.248 INF] Request starting HTTP/1.1 GET http://localhost:5146/api/messages/sent?page=1&pageSize=10 - null null | MachineName=LVHUI-PC ThreadId=11
[2026-05-15 13:36:55.251 INF] Executing endpoint 'ExamSystem.API.Controllers.MessagesController.GetSent (ExamSystem.API)' | MachineName=LVHUI-PC ThreadId=11
[2026-05-15 13:36:55.256 INF] Route matched with {action = "GetSent", controller = "Messages"}. Executing controller action with signature System.Threading.Tasks.Task`1[Microsoft.AspNetCore.Mvc.IActionResult] GetSent(Int32, Int32, System.Threading.CancellationToken) on controller ExamSystem.API.Controllers.MessagesController (ExamSystem.API). | MachineName=LVHUI-PC ThreadId=11
[2026-05-15 13:36:55.328 INF] Executed DbCommand (65ms) [Parameters=[@__query_UserId_0='?' (DbType = Guid), @__p_2='?' (DbType = Int32), @__p_1='?' (DbType = Int32)], CommandType='"Text"', CommandTimeout='30']
SELECT m.id, m.attached_exam_paper_id, m.attached_question_ids, m.body, m.created_at, m.is_read, m.recipient_id, m.recipient_name, m.sender_id, m.sender_name, m.subject, m.tenant_id, m.updated_at
FROM messages AS m
WHERE m.sender_id = @__query_UserId_0
ORDER BY m.created_at DESC
LIMIT @__p_2 OFFSET @__p_1 | MachineName=LVHUI-PC ThreadId=11
[2026-05-15 13:36:55.333 INF] Executing OkObjectResult, writing value of type 'System.Collections.Generic.List`1[[ExamSystem.Application.Messages.MessageDto, ExamSystem.Application, Version=1.0.0.0, Culture=neutral, PublicKeyToken=null]]'. | MachineName=LVHUI-PC ThreadId=11
[2026-05-15 13:36:55.338 INF] Executed action ExamSystem.API.Controllers.MessagesController.GetSent (ExamSystem.API) in 78.3869ms | MachineName=LVHUI-PC ThreadId=11
[2026-05-15 13:36:55.343 INF] Executed endpoint 'ExamSystem.API.Controllers.MessagesController.GetSent (ExamSystem.API)' | MachineName=LVHUI-PC ThreadId=11
[2026-05-15 13:36:55.348 INF] HTTP GET /api/messages/sent?page=1&pageSize=10 → 200 | 97ms | User=admin(a0000000-0000-0000-0000-000000000001) Role=SuperAdmin Tenant=- IP=127.0.0.1 TraceId=0HNLI8FIM9BI4:00000001 | MachineName=LVHUI-PC ThreadId=11
[2026-05-15 13:36:55.353 INF] Request finished HTTP/1.1 GET http://localhost:5146/api/messages/sent?page=1&pageSize=10 - 200 null application/json; charset=utf-8 105.1142ms | MachineName=LVHUI-PC ThreadId=11
[2026-05-15 13:36:55.514 INF] Request starting HTTP/1.1 GET http://localhost:5146/api/messages/inbox?page=1&pageSize=10 - null null | MachineName=LVHUI-PC ThreadId=10
[2026-05-15 13:36:55.520 INF] Executing endpoint 'ExamSystem.API.Controllers.MessagesController.GetInbox (ExamSystem.API)' | MachineName=LVHUI-PC ThreadId=10
[2026-05-15 13:36:55.524 INF] Route matched with {action = "GetInbox", controller = "Messages"}. Executing controller action with signature System.Threading.Tasks.Task`1[Microsoft.AspNetCore.Mvc.IActionResult] GetInbox(Int32, Int32, System.Threading.CancellationToken) on controller ExamSystem.API.Controllers.MessagesController (ExamSystem.API). | MachineName=LVHUI-PC ThreadId=10
[2026-05-15 13:36:55.600 INF] Executed DbCommand (68ms) [Parameters=[@__query_UserId_0='?' (DbType = Guid), @__p_2='?' (DbType = Int32), @__p_1='?' (DbType = Int32)], CommandType='"Text"', CommandTimeout='30']
SELECT m.id, m.attached_exam_paper_id, m.attached_question_ids, m.body, m.created_at, m.is_read, m.recipient_id, m.recipient_name, m.sender_id, m.sender_name, m.subject, m.tenant_id, m.updated_at
FROM messages AS m
WHERE m.recipient_id = @__query_UserId_0
ORDER BY m.created_at DESC
LIMIT @__p_2 OFFSET @__p_1 | MachineName=LVHUI-PC ThreadId=10
[2026-05-15 13:36:55.607 INF] Executing OkObjectResult, writing value of type 'System.Collections.Generic.List`1[[ExamSystem.Application.Messages.MessageDto, ExamSystem.Application, Version=1.0.0.0, Culture=neutral, PublicKeyToken=null]]'. | MachineName=LVHUI-PC ThreadId=10
[2026-05-15 13:36:55.612 INF] Executed action ExamSystem.API.Controllers.MessagesController.GetInbox (ExamSystem.API) in 83.1423ms | MachineName=LVHUI-PC ThreadId=10
[2026-05-15 13:36:55.619 INF] Executed endpoint 'ExamSystem.API.Controllers.MessagesController.GetInbox (ExamSystem.API)' | MachineName=LVHUI-PC ThreadId=10
[2026-05-15 13:36:55.624 INF] HTTP GET /api/messages/inbox?page=1&pageSize=10 → 200 | 104ms | User=admin(a0000000-0000-0000-0000-000000000001) Role=SuperAdmin Tenant=- IP=127.0.0.1 TraceId=0HNLI8FIM9BI5:00000001 | MachineName=LVHUI-PC ThreadId=10
[2026-05-15 13:36:55.629 INF] Request finished HTTP/1.1 GET http://localhost:5146/api/messages/inbox?page=1&pageSize=10 - 200 null application/json; charset=utf-8 115.0223ms | MachineName=LVHUI-PC ThreadId=10
[2026-05-15 13:37:03.059 INF] Request starting HTTP/1.1 GET http://localhost:5146/api/exam-papers?page=1&pageSize=1 - null null | MachineName=LVHUI-PC ThreadId=11
[2026-05-15 13:37:03.067 INF] Executing endpoint 'ExamSystem.API.Controllers.ExamPapersController.GetExamPapers (ExamSystem.API)' | MachineName=LVHUI-PC ThreadId=11
[2026-05-15 13:37:03.073 INF] Route matched with {action = "GetExamPapers", controller = "ExamPapers"}. Executing controller action with signature System.Threading.Tasks.Task`1[Microsoft.AspNetCore.Mvc.IActionResult] GetExamPapers(Int32, Int32, System.Nullable`1[ExamSystem.Domain.Enums.ExamStatus], System.Threading.CancellationToken) on controller ExamSystem.API.Controllers.ExamPapersController (ExamSystem.API). | MachineName=LVHUI-PC ThreadId=11
[2026-05-15 13:37:03.152 INF] Executed DbCommand (72ms) [Parameters=[], CommandType='"Text"', CommandTimeout='30']
SELECT count(*)
FROM exam_papers AS e | MachineName=LVHUI-PC ThreadId=11
[2026-05-15 13:37:03.196 INF] Request starting HTTP/1.1 GET http://localhost:5146/api/exam-papers?page=1&pageSize=5 - null null | MachineName=LVHUI-PC ThreadId=7
[2026-05-15 13:37:03.196 INF] Request starting HTTP/1.1 GET http://localhost:5146/api/questions?page=1&pageSize=1 - null null | MachineName=LVHUI-PC ThreadId=9
[2026-05-15 13:37:03.201 INF] Executing endpoint 'ExamSystem.API.Controllers.ExamPapersController.GetExamPapers (ExamSystem.API)' | MachineName=LVHUI-PC ThreadId=7
[2026-05-15 13:37:03.206 INF] Executing endpoint 'ExamSystem.API.Controllers.QuestionsController.GetQuestions (ExamSystem.API)' | MachineName=LVHUI-PC ThreadId=9
[2026-05-15 13:37:03.210 INF] Route matched with {action = "GetExamPapers", controller = "ExamPapers"}. Executing controller action with signature System.Threading.Tasks.Task`1[Microsoft.AspNetCore.Mvc.IActionResult] GetExamPapers(Int32, Int32, System.Nullable`1[ExamSystem.Domain.Enums.ExamStatus], System.Threading.CancellationToken) on controller ExamSystem.API.Controllers.ExamPapersController (ExamSystem.API). | MachineName=LVHUI-PC ThreadId=7
[2026-05-15 13:37:03.213 INF] Route matched with {action = "GetQuestions", controller = "Questions"}. Executing controller action with signature System.Threading.Tasks.Task`1[Microsoft.AspNetCore.Mvc.IActionResult] GetQuestions(Int32, Int32, System.Nullable`1[ExamSystem.Domain.Enums.QuestionType], System.Nullable`1[System.Int32], System.String, System.Threading.CancellationToken) on controller ExamSystem.API.Controllers.QuestionsController (ExamSystem.API). | MachineName=LVHUI-PC ThreadId=9
[2026-05-15 13:37:03.223 INF] Executed DbCommand (61ms) [Parameters=[@__p_1='?' (DbType = Int32), @__p_0='?' (DbType = Int32)], CommandType='"Text"', CommandTimeout='30']
SELECT e.id, e.title, e.description, e.total_score, e.duration_minutes, e.status, e.start_time, e.end_time, e.anti_cheating_enabled, (
    SELECT count(*)::int
    FROM exam_questions AS e0
    WHERE e.id = e0.exam_paper_id), e.created_at
FROM exam_papers AS e
ORDER BY e.created_at DESC
LIMIT @__p_1 OFFSET @__p_0 | MachineName=LVHUI-PC ThreadId=36
[2026-05-15 13:37:03.228 INF] Executing OkObjectResult, writing value of type 'ExamSystem.Application.Common.Models.PaginatedResult`1[[ExamSystem.Application.ExamPapers.Queries.ExamPaperDto, ExamSystem.Application, Version=1.0.0.0, Culture=neutral, PublicKeyToken=null]]'. | MachineName=LVHUI-PC ThreadId=36
[2026-05-15 13:37:03.229 INF] Executing OkObjectResult, writing value of type 'ExamSystem.Application.Common.Models.PaginatedResult`1[[ExamSystem.Application.Questions.Queries.QuestionDto, ExamSystem.Application, Version=1.0.0.0, Culture=neutral, PublicKeyToken=null]]'. | MachineName=LVHUI-PC ThreadId=9
[2026-05-15 13:37:03.232 INF] Executed action ExamSystem.API.Controllers.ExamPapersController.GetExamPapers (ExamSystem.API) in 155.0991ms | MachineName=LVHUI-PC ThreadId=36
[2026-05-15 13:37:03.237 INF] Executed action ExamSystem.API.Controllers.QuestionsController.GetQuestions (ExamSystem.API) in 14.6164ms | MachineName=LVHUI-PC ThreadId=9
[2026-05-15 13:37:03.241 INF] Executed endpoint 'ExamSystem.API.Controllers.ExamPapersController.GetExamPapers (ExamSystem.API)' | MachineName=LVHUI-PC ThreadId=36
[2026-05-15 13:37:03.244 INF] Executed endpoint 'ExamSystem.API.Controllers.QuestionsController.GetQuestions (ExamSystem.API)' | MachineName=LVHUI-PC ThreadId=9
[2026-05-15 13:37:03.248 INF] HTTP GET /api/exam-papers?page=1&pageSize=1 → 200 | 180ms | User=admin(a0000000-0000-0000-0000-000000000001) Role=SuperAdmin Tenant=- IP=127.0.0.1 TraceId=0HNLI8FIM9BI6:00000001 | MachineName=LVHUI-PC ThreadId=36
[2026-05-15 13:37:03.250 INF] HTTP GET /api/questions?page=1&pageSize=1 → 200 | 43ms | User=admin(a0000000-0000-0000-0000-000000000001) Role=SuperAdmin Tenant=- IP=127.0.0.1 TraceId=0HNLI8FIM9BI7:00000001 | MachineName=LVHUI-PC ThreadId=9
[2026-05-15 13:37:03.253 INF] Request finished HTTP/1.1 GET http://localhost:5146/api/exam-papers?page=1&pageSize=1 - 200 null application/json; charset=utf-8 193.823ms | MachineName=LVHUI-PC ThreadId=36
[2026-05-15 13:37:03.256 INF] Request finished HTTP/1.1 GET http://localhost:5146/api/questions?page=1&pageSize=1 - 200 null application/json; charset=utf-8 59.5805ms | MachineName=LVHUI-PC ThreadId=9
[2026-05-15 13:37:03.262 INF] Request starting HTTP/1.1 GET http://localhost:5146/api/tenants?page=1&pageSize=1 - null null | MachineName=LVHUI-PC ThreadId=36
[2026-05-15 13:37:03.268 INF] Executing endpoint 'ExamSystem.API.Controllers.TenantsController.GetTenants (ExamSystem.API)' | MachineName=LVHUI-PC ThreadId=36
[2026-05-15 13:37:03.271 INF] Route matched with {action = "GetTenants", controller = "Tenants"}. Executing controller action with signature System.Threading.Tasks.Task`1[Microsoft.AspNetCore.Mvc.IActionResult] GetTenants(Int32, Int32, System.Threading.CancellationToken) on controller ExamSystem.API.Controllers.TenantsController (ExamSystem.API). | MachineName=LVHUI-PC ThreadId=36
[2026-05-15 13:37:03.283 INF] Executed DbCommand (65ms) [Parameters=[], CommandType='"Text"', CommandTimeout='30']
SELECT count(*)
FROM exam_papers AS e | MachineName=LVHUI-PC ThreadId=36
[2026-05-15 13:37:03.321 INF] Request starting HTTP/1.1 GET http://localhost:5146/api/users?page=1&pageSize=1 - null null | MachineName=LVHUI-PC ThreadId=36
[2026-05-15 13:37:03.325 INF] Executing endpoint 'ExamSystem.API.Controllers.UsersController.GetUsers (ExamSystem.API)' | MachineName=LVHUI-PC ThreadId=36
[2026-05-15 13:37:03.343 INF] Route matched with {action = "GetUsers", controller = "Users"}. Executing controller action with signature System.Threading.Tasks.Task`1[Microsoft.AspNetCore.Mvc.IActionResult] GetUsers(System.Nullable`1[System.Guid], System.Nullable`1[ExamSystem.Domain.Enums.UserRole], System.Nullable`1[System.Boolean], System.String, Int32, Int32, System.Threading.CancellationToken) on controller ExamSystem.API.Controllers.UsersController (ExamSystem.API). | MachineName=LVHUI-PC ThreadId=36
[2026-05-15 13:37:03.348 INF] Executed DbCommand (73ms) [Parameters=[], CommandType='"Text"', CommandTimeout='30']
SELECT count(*)
FROM tenants AS t | MachineName=LVHUI-PC ThreadId=7
[2026-05-15 13:37:03.371 INF] Executed DbCommand (83ms) [Parameters=[@__p_1='?' (DbType = Int32), @__p_0='?' (DbType = Int32)], CommandType='"Text"', CommandTimeout='30']
SELECT e.id, e.title, e.description, e.total_score, e.duration_minutes, e.status, e.start_time, e.end_time, e.anti_cheating_enabled, (
    SELECT count(*)::int
    FROM exam_questions AS e0
    WHERE e.id = e0.exam_paper_id), e.created_at
FROM exam_papers AS e
ORDER BY e.created_at DESC
LIMIT @__p_1 OFFSET @__p_0 | MachineName=LVHUI-PC ThreadId=7
[2026-05-15 13:37:03.376 INF] Executing OkObjectResult, writing value of type 'ExamSystem.Application.Common.Models.PaginatedResult`1[[ExamSystem.Application.ExamPapers.Queries.ExamPaperDto, ExamSystem.Application, Version=1.0.0.0, Culture=neutral, PublicKeyToken=null]]'. | MachineName=LVHUI-PC ThreadId=7
[2026-05-15 13:37:03.380 INF] Executed action ExamSystem.API.Controllers.ExamPapersController.GetExamPapers (ExamSystem.API) in 162.264ms | MachineName=LVHUI-PC ThreadId=7
[2026-05-15 13:37:03.384 INF] Executed endpoint 'ExamSystem.API.Controllers.ExamPapersController.GetExamPapers (ExamSystem.API)' | MachineName=LVHUI-PC ThreadId=7
[2026-05-15 13:37:03.386 INF] HTTP GET /api/exam-papers?page=1&pageSize=5 → 200 | 185ms | User=admin(a0000000-0000-0000-0000-000000000001) Role=SuperAdmin Tenant=- IP=127.0.0.1 TraceId=0HNLI8FIM9BI8:00000001 | MachineName=LVHUI-PC ThreadId=7
[2026-05-15 13:37:03.389 INF] Request finished HTTP/1.1 GET http://localhost:5146/api/exam-papers?page=1&pageSize=5 - 200 null application/json; charset=utf-8 192.4889ms | MachineName=LVHUI-PC ThreadId=7
[2026-05-15 13:37:03.412 INF] Executed DbCommand (61ms) [Parameters=[], CommandType='"Text"', CommandTimeout='30']
SELECT count(*)
FROM users AS u | MachineName=LVHUI-PC ThreadId=7
[2026-05-15 13:37:03.419 INF] Executed DbCommand (64ms) [Parameters=[@__p_1='?' (DbType = Int32), @__p_0='?' (DbType = Int32)], CommandType='"Text"', CommandTimeout='30']
SELECT t.id, t.name, t.schema_name, t.contact_email, t.is_active, t.ai_call_quota, t.ai_call_used, t.created_at
FROM tenants AS t
ORDER BY t.created_at DESC
LIMIT @__p_1 OFFSET @__p_0 | MachineName=LVHUI-PC ThreadId=36
[2026-05-15 13:37:03.422 INF] Executing OkObjectResult, writing value of type 'ExamSystem.Application.Common.Models.PaginatedResult`1[[ExamSystem.Application.Tenants.Queries.TenantDto, ExamSystem.Application, Version=1.0.0.0, Culture=neutral, PublicKeyToken=null]]'. | MachineName=LVHUI-PC ThreadId=36
[2026-05-15 13:37:03.424 INF] Executed action ExamSystem.API.Controllers.TenantsController.GetTenants (ExamSystem.API) in 150.3686ms | MachineName=LVHUI-PC ThreadId=36
[2026-05-15 13:37:03.428 INF] Executed endpoint 'ExamSystem.API.Controllers.TenantsController.GetTenants (ExamSystem.API)' | MachineName=LVHUI-PC ThreadId=36
[2026-05-15 13:37:03.431 INF] HTTP GET /api/tenants?page=1&pageSize=1 → 200 | 163ms | User=admin(a0000000-0000-0000-0000-000000000001) Role=SuperAdmin Tenant=- IP=127.0.0.1 TraceId=0HNLI8FIM9BI9:00000001 | MachineName=LVHUI-PC ThreadId=36
[2026-05-15 13:37:03.433 INF] Request finished HTTP/1.1 GET http://localhost:5146/api/tenants?page=1&pageSize=1 - 200 null application/json; charset=utf-8 171.4332ms | MachineName=LVHUI-PC ThreadId=36
[2026-05-15 13:37:03.486 INF] Executed DbCommand (68ms) [Parameters=[@__p_1='?' (DbType = Int32), @__p_0='?' (DbType = Int32)], CommandType='"Text"', CommandTimeout='30']
SELECT t.id, t.tenant_id, t0.name, t.username, t.email, t.role, t.is_active, t.last_login_at, t.created_at
FROM (
    SELECT u.id, u.created_at, u.email, u.is_active, u.last_login_at, u.role, u.tenant_id, u.username
    FROM users AS u
    ORDER BY u.created_at DESC
    LIMIT @__p_1 OFFSET @__p_0
) AS t
LEFT JOIN tenants AS t0 ON t.tenant_id = t0.id
ORDER BY t.created_at DESC | MachineName=LVHUI-PC ThreadId=36
[2026-05-15 13:37:03.490 INF] Executing OkObjectResult, writing value of type 'ExamSystem.Application.Common.Models.PaginatedResult`1[[ExamSystem.Application.Users.Queries.UserDto, ExamSystem.Application, Version=1.0.0.0, Culture=neutral, PublicKeyToken=null]]'. | MachineName=LVHUI-PC ThreadId=36
[2026-05-15 13:37:03.495 INF] Executed action ExamSystem.API.Controllers.UsersController.GetUsers (ExamSystem.API) in 147.1338ms | MachineName=LVHUI-PC ThreadId=36
[2026-05-15 13:37:03.500 INF] Executed endpoint 'ExamSystem.API.Controllers.UsersController.GetUsers (ExamSystem.API)' | MachineName=LVHUI-PC ThreadId=36
[2026-05-15 13:37:03.506 INF] HTTP GET /api/users?page=1&pageSize=1 → 200 | 180ms | User=admin(a0000000-0000-0000-0000-000000000001) Role=SuperAdmin Tenant=- IP=127.0.0.1 TraceId=0HNLI8FIM9BIA:00000001 | MachineName=LVHUI-PC ThreadId=36
[2026-05-15 13:37:03.509 INF] Request finished HTTP/1.1 GET http://localhost:5146/api/users?page=1&pageSize=1 - 200 null application/json; charset=utf-8 188.0981ms | MachineName=LVHUI-PC ThreadId=36
[2026-05-15 13:37:47.323 INF] Request starting HTTP/1.1 GET http://localhost:5146/api/messages/inbox?page=1&pageSize=10 - null null | MachineName=LVHUI-PC ThreadId=10
[2026-05-15 13:37:47.334 INF] Executing endpoint 'ExamSystem.API.Controllers.MessagesController.GetInbox (ExamSystem.API)' | MachineName=LVHUI-PC ThreadId=10
[2026-05-15 13:37:47.339 INF] Route matched with {action = "GetInbox", controller = "Messages"}. Executing controller action with signature System.Threading.Tasks.Task`1[Microsoft.AspNetCore.Mvc.IActionResult] GetInbox(Int32, Int32, System.Threading.CancellationToken) on controller ExamSystem.API.Controllers.MessagesController (ExamSystem.API). | MachineName=LVHUI-PC ThreadId=10
[2026-05-15 13:37:47.415 INF] Executed DbCommand (72ms) [Parameters=[@__query_UserId_0='?' (DbType = Guid), @__p_2='?' (DbType = Int32), @__p_1='?' (DbType = Int32)], CommandType='"Text"', CommandTimeout='30']
SELECT m.id, m.attached_exam_paper_id, m.attached_question_ids, m.body, m.created_at, m.is_read, m.recipient_id, m.recipient_name, m.sender_id, m.sender_name, m.subject, m.tenant_id, m.updated_at
FROM messages AS m
WHERE m.recipient_id = @__query_UserId_0
ORDER BY m.created_at DESC
LIMIT @__p_2 OFFSET @__p_1 | MachineName=LVHUI-PC ThreadId=10
[2026-05-15 13:37:47.419 INF] Executing OkObjectResult, writing value of type 'System.Collections.Generic.List`1[[ExamSystem.Application.Messages.MessageDto, ExamSystem.Application, Version=1.0.0.0, Culture=neutral, PublicKeyToken=null]]'. | MachineName=LVHUI-PC ThreadId=10
[2026-05-15 13:37:47.423 INF] Executed action ExamSystem.API.Controllers.MessagesController.GetInbox (ExamSystem.API) in 80.9168ms | MachineName=LVHUI-PC ThreadId=10
[2026-05-15 13:37:47.427 INF] Executed endpoint 'ExamSystem.API.Controllers.MessagesController.GetInbox (ExamSystem.API)' | MachineName=LVHUI-PC ThreadId=10
[2026-05-15 13:37:47.430 INF] HTTP GET /api/messages/inbox?page=1&pageSize=10 → 200 | 98ms | User=admin(a0000000-0000-0000-0000-000000000001) Role=SuperAdmin Tenant=- IP=127.0.0.1 TraceId=0HNLI8FIM9BIB:00000001 | MachineName=LVHUI-PC ThreadId=10
[2026-05-15 13:37:47.434 INF] Request finished HTTP/1.1 GET http://localhost:5146/api/messages/inbox?page=1&pageSize=10 - 200 null application/json; charset=utf-8 110.488ms | MachineName=LVHUI-PC ThreadId=10
[2026-05-15 13:37:51.195 INF] Request starting HTTP/1.1 GET http://localhost:5146/api/audit-logs?page=1&pageSize=20 - null null | MachineName=LVHUI-PC ThreadId=7
[2026-05-15 13:37:51.202 INF] Executing endpoint 'ExamSystem.API.Controllers.AuditLogsController.GetAuditLogs (ExamSystem.API)' | MachineName=LVHUI-PC ThreadId=7
[2026-05-15 13:37:51.208 INF] Route matched with {action = "GetAuditLogs", controller = "AuditLogs"}. Executing controller action with signature System.Threading.Tasks.Task`1[Microsoft.AspNetCore.Mvc.IActionResult] GetAuditLogs(System.Nullable`1[System.Guid], System.String, System.String, System.String, System.Nullable`1[System.DateTime], System.Nullable`1[System.DateTime], Int32, Int32, System.Threading.CancellationToken) on controller ExamSystem.API.Controllers.AuditLogsController (ExamSystem.API). | MachineName=LVHUI-PC ThreadId=7
[2026-05-15 13:37:51.231 INF] Request starting HTTP/1.1 GET http://localhost:5146/api/tenants?page=1&pageSize=200 - null null | MachineName=LVHUI-PC ThreadId=10
[2026-05-15 13:37:51.234 INF] Executing endpoint 'ExamSystem.API.Controllers.TenantsController.GetTenants (ExamSystem.API)' | MachineName=LVHUI-PC ThreadId=10
[2026-05-15 13:37:51.237 INF] Route matched with {action = "GetTenants", controller = "Tenants"}. Executing controller action with signature System.Threading.Tasks.Task`1[Microsoft.AspNetCore.Mvc.IActionResult] GetTenants(Int32, Int32, System.Threading.CancellationToken) on controller ExamSystem.API.Controllers.TenantsController (ExamSystem.API). | MachineName=LVHUI-PC ThreadId=10
[2026-05-15 13:37:51.281 INF] Executed DbCommand (62ms) [Parameters=[], CommandType='"Text"', CommandTimeout='30']
SELECT count(*)::int
FROM audit_logs AS a | MachineName=LVHUI-PC ThreadId=10
[2026-05-15 13:37:51.306 INF] Executed DbCommand (65ms) [Parameters=[], CommandType='"Text"', CommandTimeout='30']
SELECT count(*)
FROM tenants AS t | MachineName=LVHUI-PC ThreadId=10
[2026-05-15 13:37:51.361 INF] Executed DbCommand (70ms) [Parameters=[@__p_1='?' (DbType = Int32), @__p_0='?' (DbType = Int32)], CommandType='"Text"', CommandTimeout='30']
SELECT a.id, a.tenant_id, a.user_id, a.username, a.role, a.action, a.entity_type, a.entity_id, a.request_path, a.query_string, a.status_code, a.duration_ms, a.ip_address, a.error_message, a.created_at
FROM audit_logs AS a
ORDER BY a.created_at DESC
LIMIT @__p_1 OFFSET @__p_0 | MachineName=LVHUI-PC ThreadId=36
[2026-05-15 13:37:51.366 INF] Executing OkObjectResult, writing value of type 'ExamSystem.Application.AuditLogs.GetAuditLogsResult'. | MachineName=LVHUI-PC ThreadId=36
[2026-05-15 13:37:51.372 INF] Executed action ExamSystem.API.Controllers.AuditLogsController.GetAuditLogs (ExamSystem.API) in 158.1258ms | MachineName=LVHUI-PC ThreadId=36
[2026-05-15 13:37:51.377 INF] Executed endpoint 'ExamSystem.API.Controllers.AuditLogsController.GetAuditLogs (ExamSystem.API)' | MachineName=LVHUI-PC ThreadId=36
[2026-05-15 13:37:51.380 INF] HTTP GET /api/audit-logs?page=1&pageSize=20 → 200 | 178ms | User=admin(a0000000-0000-0000-0000-000000000001) Role=SuperAdmin Tenant=- IP=127.0.0.1 TraceId=0HNLI8FIM9BIC:00000001 | MachineName=LVHUI-PC ThreadId=36
[2026-05-15 13:37:51.382 INF] Executed DbCommand (73ms) [Parameters=[@__p_1='?' (DbType = Int32), @__p_0='?' (DbType = Int32)], CommandType='"Text"', CommandTimeout='30']
SELECT t.id, t.name, t.schema_name, t.contact_email, t.is_active, t.ai_call_quota, t.ai_call_used, t.created_at
FROM tenants AS t
ORDER BY t.created_at DESC
LIMIT @__p_1 OFFSET @__p_0 | MachineName=LVHUI-PC ThreadId=7
[2026-05-15 13:37:51.384 INF] Request finished HTTP/1.1 GET http://localhost:5146/api/audit-logs?page=1&pageSize=20 - 200 null application/json; charset=utf-8 188.7163ms | MachineName=LVHUI-PC ThreadId=36
[2026-05-15 13:37:51.389 INF] Executing OkObjectResult, writing value of type 'ExamSystem.Application.Common.Models.PaginatedResult`1[[ExamSystem.Application.Tenants.Queries.TenantDto, ExamSystem.Application, Version=1.0.0.0, Culture=neutral, PublicKeyToken=null]]'. | MachineName=LVHUI-PC ThreadId=7
[2026-05-15 13:37:51.398 INF] Executed action ExamSystem.API.Controllers.TenantsController.GetTenants (ExamSystem.API) in 157.0391ms | MachineName=LVHUI-PC ThreadId=7
[2026-05-15 13:37:51.402 INF] Executed endpoint 'ExamSystem.API.Controllers.TenantsController.GetTenants (ExamSystem.API)' | MachineName=LVHUI-PC ThreadId=7
[2026-05-15 13:37:51.405 INF] HTTP GET /api/tenants?page=1&pageSize=200 → 200 | 170ms | User=admin(a0000000-0000-0000-0000-000000000001) Role=SuperAdmin Tenant=- IP=127.0.0.1 TraceId=0HNLI8FIM9BID:00000001 | MachineName=LVHUI-PC ThreadId=7
[2026-05-15 13:37:51.409 INF] Request finished HTTP/1.1 GET http://localhost:5146/api/tenants?page=1&pageSize=200 - 200 null application/json; charset=utf-8 178.3454ms | MachineName=LVHUI-PC ThreadId=7
